S0160000455345353136204D41494E2046572E7372656393
S214000000B86F002005C30000FDC30000FDC300005C
S21400001000000000000000000000000000000000DB
S214000020000000000000000000000000A55A0000CC
S2140000300000000000000000C15B0000095C00003A
S214000040FDC30000FDC30000FDC30000F99F0000D3
S214000050299C0000FDC30000FDC30000FDC3000096
S214000060FDC300009DA60000B5A60000CDA60000BA
S214000070E5A60000FDA6000015A700004DC2000082
S21400008061C2000075C2000099380000AD3800005B
S214000090C13800000000000000000000FDC30000A2
S2140000A0FDC30000FDC30000FDC30000FDC300004B
S2140000B00000000010B5064C2378002B07D1054B36
S2140000C0002B02D0044800E000BF0123237010BDBF
S2140000D0000200200000000058100100084B10B578
S2140000E0002B03D00749084800E000BF0748036814
S2140000F0002B00D110BD064B002BFBD09847F9E72C
S21400010000000000040200205810010058100100F2
S2140001100000000080B584B000AF02003960FB1D0F
S2140001201A700C23FB181C4A1188198092789A7052
S2140001301A4B10221A70194B0C22BA185A60174B19
S2140001400322DA81154B3A689A60144B03229A818F
S2140001500F23FB1800221A7096235A000F4B00211B
S21400016018000F4B984702000F23FB181A700F2336
S214000170FB181B78002B07D00F23FB181A78094BA7
S21400018019000320084B98470F23FB181B7818000C
S214000190BD4604B080BDC046F4F0000078380020AC
S2140001A0D9190000C8F00000D597000080B582B0CD
S2140001B000AF134B19000020124B9847BB1D80223E
S2140001C012011A80BB1D1B88190000200E4B984791
S2140001D003003B603B68002B07D03A680B4B1900C6
S2140001E00320084B98473B6805E0094B19000020A0
S2140001F0044B984700231800BD4602B080BDC04699
S214000200F8F00000D59700000503000014F1000088
S21400021044F1000090B585B000AF0200BB1D1A8007
S214000220BB1D1B88DAB20F23FB180F210A401A7079
S214000230BB1D1B881B099BB2DAB20E23FB180F21CD
S2140002400A401A70BB1D1B881B0A9BB2DAB20D232C
S214000250FB180F210A401A70BB1D1B881B0B9BB294
S214000260DAB20C23FB180F210A401A700F23FB1872
S2140002701B7899B20D23FB181B789AB20C23FB1837
S2140002801B789BB21B019BB2D3189BB21B019AB280
S2140002900E23FB181B789BB2D3189BB21B019AB295
S2140002A00A23FB188A181A80104B0A22BA181288DA
S2140002B01A800A23FB181A880D4B100098470D4A1F
S2140002C00D4B111C9847031C1A1C0C4B101C98470E
S2140002D003000C000A4A13605460094B5C681B68F4
S2140002E018002100BD4605B090BDC0461C02002087
S2140002F001CB0000FAEDEB3C81C800002DE40000C5
S2140003008838002080B584B000AF0200FB1D1A704C
S2140003103B1D0A1C1A800C23FB18FA1D12781A7053
S2140003203B1D1B88DAB20C23FB185A703B1D1B883A
S2140003301B0A9BB2DAB20C23FB189A700C4B2022D5
S2140003401A700B4B0C22BA185A60094B0322DA813A
S214000350074B00229A8196235A00054B110018007D
S214000360044B984703001800BD4604B080BDC04645
S214000370783800208518000080B584B000AF78601B
S2140003807B681B68FB60FB68DB69072213405A1E0C
S2140003909341DBB21800BD4604B080BD80B582B084
S2140003A000AF7860C0467B681800044B9847031E71
S2140003B0F9D1C046BD4602B080BDC04679030000F4
S2140003C080B584B000AF78607B681B68FB60FB6814
S2140003D01B681B01DB0FDBB21A000B23FB18511E38
S2140003E08A411A700823FB187A68528B1A807B6839
S2140003F09B8B9AB20823FB180821791809888A1A59
S2140004001A807B689B8B9BB2013B9AB27B689A836F
S2140004100B23FB181B78002B10D07B68DB7A002B95
S2140004201CD07B689B8B9BB2012B17D1FB685B684B
S2140004308022D2021A43FB685A600FE07B68DB7AA0
S214000440002B0BD07B689B8B9BB2002B06D1FB68E6
S2140004505B688022D2021A43FB685A607B689B8BDB
S2140004609BB2002B0ED17B689B7A002B0AD07B6850
S21400047018000E4B9847FB685B68C02292021A432E
S214000480FB685A607B681800084B98477B681A6AB6
S2140004900823FB181B88D318FA682821525CD2B2AE
S2140004A01A70C046BD4604B080BDC0469D0300001D
S2140004B080B584B000AF78607B681B68FB60FB6823
S2140004C05B8B9BB21A000423134004D07B68252262
S2140004D01E21995424E00A23FB187A68528B1A804E
S2140004E07B689B8B9AB20A23FB180A217918098825
S2140004F08A1A1A807B689B8B9BB2013B9AB27B68F8
S2140005009A837B681800084B98477B681A6A0A2308
S214000510FB181B88D3181B78D9B2FB68282299547D
S214000520BD4604B080BDC0469D03000080B584B0C3
S21400053000AF78607B681B68FB60FB681B7EDBB2E5
S2140005401A00012313402BD0FB6801221A76FB68A1
S2140005505B8B9BB21A000223134004D07B682522D3
S214000560412199541CE0FB685B8B9BB21A00042364
S214000570134015D07B682522182199547B680022E9
S2140005809A837B689B7A002B0AD07B681800134BF3
S2140005909847FB685B68C02292021A43FB685A6061
S2140005A07B689B8B9AB27B685A837B6825229B5C10
S2140005B0DBB2052B0ED17B6824229B5CDBB2002BC2
S2140005C004D17B681800064B984703E07B68180048
S2140005D0044B9847C046BD4604B080BD9D0300004E
S2140005E0B1040000C103000080B584B000AFF8601D
S2140005F0B960FB1D1A70FB1D1B78FA6802339B005E
S214000600D3180433BA681A60FB681B7EDBB25AB292
S214000610FB1D1B78012199400B005BB213435BB2B4
S214000620DAB2FB681A76C046BD4604B080BD00004C
S21400063090B587B000AF786039607B681B683B6117
S2140006403B685A687B681A623B685A887B689A835C
S2140006507B682422012199547B6825220521995420
S2140006603B691B681B01DB0FDBB21A000F23FB186C
S214000670511E8A411A703B685B7A002B06D03B6895
S2140006809A7A7B68110018003B4B98470F23FB189B
S2140006901B78002B0BD03B685B88012B07D13B698E
S2140006A05B688022D2021A433B695A6005E03B69C8
S2140006B05B68324A1A403B695A603B681B7A002BDB
S2140006C045D03B681B885A003B685B7A9B03134304
S2140006D01A0080231B021A433B695A621723FC1830
S2140006E07B681800264B9847030023703B695B68BD
S2140006F0224A1A403B695A601723FB181B78002BC6
S21400070007D11723FC187B6818001E4B9847030078
S21400071023701723FB181B78002B14D13B69032288
S2140007209A753B681B881B0A9BB2782213439BB2C0
S2140007305A003B685B7A9B031343012213431A005B
S2140007403B695A6212E01723FB181B780FE03B69DF
S21400075003229A753B681B885B0001221A433B689C
S2140007605B7A9B0313431A003B695A620023180006
S214000770BD4607B090BDC04645380000FFFFFBFFF2
S214000780E73700008937000080B582B000AF786098
S21400079039607B689B8B9BB2002B01D005230CE055
S2140007A07B6801229A727B680122DA723A687B685B
S2140007B011001800034B984703001800BD4602B00E
S2140007C080BDC0463106000080B584B000AF7860BA
S2140007D039607B681B68FB603B685B7A002B06D041
S2140007E03B689A7A7B68110018001E4B9847FB6896
S2140007F05B681D4A1A40FB685A603B685A687B680B
S2140008001A623B685A887B689A837B682422002198
S21400081099547B68252205219954FB6803229A7512
S2140008203B681B7A002B0DD03B681B885A003B6840
S2140008305B7A9B0313431A0080231B021A43FB6850
S2140008405A6209E03B681B885A003B685B7A9B0348
S21400085013431A00FB685A6200231800BD4604B012
S21400086080BDC04645380000FFFFFBFF80B582B064
S21400087000AF786039607B689B8B9BB2002B01D001
S21400088005230CE07B6801229A727B680122DA72EB
S2140008903A687B6811001800034B9847030018005D
S2140008A0BD4602B080BDC046C907000080B582B014
S2140008B000AF786039607B689B8B9BB2002B01D0C1
S2140008C005230CE07B6800229A727B680122DA72AC
S2140008D03A687B6811001800034B9847030018001D
S2140008E0BD4602B080BDC046C907000080B586B0D0
S2140008F000AF0200FB1D1A70FB1D1A78934B920086
S214000900D3587B617B691B683B613B691B681B0195
S214000910DB0FDBB21A000F23FB18511E8A411A7038
S2140009200E23FB187A69527E1A707B691B7EDAB238
S2140009300E23FB180E21791809780A401A707B6975
S2140009405B8B9BB2002B09D17B699B8B9BB2002BE8
S21400095004D07B6918007E4B984770E07B695B8B00
S2140009609BB2002B39D07B699B8B9BB2002B34D17A
S2140009707B6925229B5CDBB2052B2ED17B6924226A
S2140009809B5CDBB2002B28D13B6903221A757B697E
S21400099000225A837B692522002199547B699B7A21
S2140009A0002B0BD07B6918006A4B98473B695B6845
S2140009B0C02292021A433B695A6002E03B69012258
S2140009C01A760E23FB181B780122134037D07B695A
S2140009D0DB687A691000984731E07B695B8B9BB2D5
S2140009E0002B2CD07B699B8B9BB2002B27D03B69BE
S2140009F05B8B9BB21A002023134011D10F23FB18E8
S214000A001B7801225340DBB2002B04D17B699B8B01
S214000A109BB2012B04D07B692522412199540EE01C
S214000A207B6924229B5CDBB2002B04D17B69180017
S214000A30494B984703E07B691800484B98477B6909
S214000A405B8B9BB2002B47D07B699B8B9BB2002BAA
S214000A5042D17B6925229B5CDBB2052B3CD17B69AE
S214000A6024229B5CDBB2012B36D13B691B7EDBB2BA
S214000A701A000223134002D03B6902221A763B6911
S214000A8003221A757B6900225A837B69252200217E
S214000A9099540E23FB181B78022213400BD07B6957
S214000AA024229B5CDBB2012B05D17B691B697A692A
S214000AB01000984710E00E23FB181B780122134005
S214000AC00AD07B6924229B5CDBB2002B04D17B69B5
S214000AD0DB687A69100098477B6925229B5CDBB24D
S214000AE0052B2ED07B6925229B5CDBB2002B28D001
S214000AF03B6903221A757B6900225A837B690022B0
S214000B009A837B6925229B5CDBB2412B0ED07B69E6
S214000B109B7A002B0AD07B6918000E4B98473B69DE
S214000B205B68E022D2021A433B695A600E23FB1828
S214000B301B780422134004D07B695B697A69100035
S214000B409847C046BD4606B080BDC046504E002001
S214000B502D0500009D030000B1040000C103000045
S214000B6080B500AFBFF34F8F024B034ADA60BFF386
S214000B704F8FFEE700ED00E00400FA0580B500AFF9
S214000B80024B9847C046BD4680BDC046610B00007C
S214000B9080B586B000AF7860974B1800974B9847A3
S214000BA0974B1800954B9847964B1800934B9847D1
S214000BB0954B1800914B9847944B18008F4B9847CD
S214000BC01723FB1800221A70914B1800914B984778
S214000BD0032200210120904B984702008F4B1A6099
S214000BE08E4B1B68002B07D18D4B190003208D4BB5
S214000BF0984700208C4B98470C23FB1818008B4B0B
S214000C0098470C23FB181B780A2B04D00C23FB18E0
S214000C101B780D2B37D1864B18007E4B9847854B9B
S214000C2000221A70844B00221A708449844B3122A9
S214000C301800844B9847824B3122002199548249F0
S214000C407E4B64221800814B984703003B617E4B25
S214000C506322002199547C4B18006E4B98473B69E1
S214000C60002BECD11723FB1800221A70734B32228C
S214000C7000211800764B9847734B64220021180019
S214000C80734B9847B6E06B4B1B78002B59D06A4BDA
S214000C901B78032B0CD8684B1B785A1CD1B2664ABB
S214000CA011701A000C23FB1819786A4B995405E04A
S214000CB0604B00221A70604B00221A705E4B1B7845
S214000CC0012B99D9644A634B11001800634B98476F
S214000CD0031E2FD06249594B1B221800614B9847C0
S214000CE0564B18004B4B98471723FB1800221A70D8
S214000CF0524B322200211800554B984750494F4B13
S214000D00312218004F4B98474C4B1800564B9847CB
S214000D100300302B06D84A4B1800534B9847030065
S214000D20DAB200E031221723FB181A70434B180082
S214000D30384B98473F4B00221A703F4B00221A70E0
S214000D405AE70C23FB181B780D2B00D154E70C2315
S214000D50FB181B78082B04D00C23FB181B787F2B62
S214000D601CD10823FB18414A12681A600823FB1896
S214000D701800284B98471723FB181B78002B38D0F1
S214000D801723FB181A781723FB18013A1A70172333
S214000D90FB181B78294A0021D1542AE00C23FB18A3
S214000DA01B781B2B06D1234B01221A70224B0022E4
S214000DB01A7021E71723FB181B78312B0FD817233F
S214000DC0FB181B780C22BA18127851B21B4AD15461
S214000DD01723FB181A781723FB1801321A700C23F6
S214000DE0FB1800225A700C23FB181800094B984772
S214000DF002E7C04600E7C04624F400008D39000034
S214000E0064F4000034F4000044F4000054F40000DD
S214000E1068F10000E9960000455E0000D838002022
S214000E20ACF20000D5970000257C0000710E000093
S214000E30CCF20000300200203102002068020020C0
S214000E403402002021E800009C020020FD3900004A
S214000E5087E5000000030020D0F20000B5E70000A0
S214000E60D4F2000071E70000F1E70000DCF20000B9
S214000E7080B584B000AF78607B6818000B4B98474D
S214000E800300FB60FB6801330BD1094B1A68012392
S214000E905B4219001000074B98477B681800034B0D
S214000EA09847C046BD4604B080BDC0468597000042
S214000EB0D8380020FD6D000080B500AF0A4B002238
S214000EC01A600A4B1B68084A11001800084B98471E
S214000ED0054B1B68002B03D0064B802252051A6078
S214000EE0C046BD4680BDC04604030020D83800205A
S214000EF07567000004ED00E0B0B588B002AFF8609A
S214000F00B9607A602E4B984703007B611323FA186A
S214000F107B69110018002B4B98471323FB181B788E
S214000F20002B41D0284B062200211800274B98475B
S214000F30254A7B6911001800254B9847224B002252
S214000F409B5E1800234B9847021C234B1A601E4BCF
S214000F5002229B5E18001F4B9847021C1E4B5A60CD
S214000F60194B04229B5E18001A4B9847021C1A4B1A
S214000F709A60194B1A68194B101C98470500164BB7
S214000F805A68164B101C98470400134B9A68134B6C
S214000F90101C98470300124AB968F8680193009439
S214000FA02B00104CA04705E00F4AB968FB681800F4
S214000FB00C4B984700231800BD4606B0B0BDC0468F
S214000FC011290000FD2200000803002087E500002C
S214000FD0392300008D1B000010030020C1CA00004A
S214000FE0E0F200000DE7000004F3000090B587B0C3
S214000FF000AFF860B9607A601723FB181B221A70DE
S2140010001723FB181B78084A08480F21084CA047EE
S214001010064AB968FB681800054B98470023180075
S214001020BD4607B090BDC04618F300002002002061
S2140010300DE7000080B584B000AFF860B9607A6054
S214001040034B984700231800BD4604B080BDC04639
S2140010507D0B0000F0B591B004AFF860B9607A601F
S2140010602023FA187B6801211800424B984703009A
S214001070FB62FB6A1800404B984702002B23FB18C4
S2140010801A701C23FA187B6802211800394B9847FF
S2140010900300FB62FB6A1800374B984702002A23BE
S2140010A0FB181A701823FA187B6803211800314BB6
S2140010B098470300FB62FB6A18002F4B9847020014
S2140010C02923FB181A701423FA187B6804211800C9
S2140010D0284B98470300FB62FB6A1800264B98478C
S2140010E002002823FB181A702B23FB181B780F2BE3
S2140010F007D9224AB968FB681800214B9847002395
S21400110034E02823FB181C782923FB181A782A2396
S214001110FB1819782B23FB1818782300194CA047C6
S21400112003007B62184B98477B6A002B17D12B2352
S214001130FB181E782A23FB181B782922BA18127867
S214001140282179180978114DBC68F8680291019237
S214001150009333002A002100094CA04705E07B6A73
S2140011600B4AB968F868064CA04700231800BD462D
S2140011700DB0F0BD253B00000DE5000020F300009B
S2140011800DE70000BD2C0000912D00003CF3000090
S21400119060F30000F0B599B004AFF860B9607A600B
S2140011A02C4B1B7801225340DBB2002B11D02A4B6C
S2140011B098470300FB64FB6C002B07D0FB6C274AA8
S2140011C0B968F868264CA04700233FE0214B01226F
S2140011D01A702C23FB1819000520224B9847031E73
S2140011E003D0214B1800214B98472C23FB185B7823
S2140011F01B021AB22C23FB181B781BB213431AB21D
S2140012004A23FB181A804A23FB181B881800184B21
S214001210984703000C003B647C642C23FB185B7827
S2140012201E002C23FB181B781D004A23FB181B8866
S2140012304A22BA1812880F4CB968F86802920193CD
S214001240009533002200064CA04700231800BD4638
S21400125015B0F0BD1C030020AD01000078F30000BF
S2140012600DE7000015010000A8F30000E996000055
S21400127015020000C4F3000080B582B000AF020083
S214001280FB1D1A70064BFA1D127811001F220A4029
S214001290012191400A001A60C046BD4602B080BDDA
S2140012A000E100E080B584B000AF78607B681B6822
S2140012B0FB60FB68DB69072213405A1E9341DBB2D2
S2140012C01800BD4604B080BD80B582B000AF78601F
S2140012D0C0467B681800044B9847031EF9D1C046E9
S2140012E0BD4602B080BDC046A512000080B582B0E3
S2140012F000AF78607B6864221A607B681B4A5A607D
S2140013007B6800229A607B6800221A737B68002242
S2140013101A767B68802292031A617B680122524209
S214001320DA827B68012252429A827B680022DA6166
S2140013307B6800221A627B682422002199547B680D
S21400134000229A627B682C22002199547B682D2209
S214001350002199547B682E22002199547B68D7225D
S2140013601A86C046BD4602B080BDC046480D000085
S21400137080B584B000AF78607B681B68BB600023D4
S214001380FB607B681800144B9847BB681B680222FA
S2140013901A43BB681A607B681B6818000F4B984797
S2140013A0030018000E4B98470CE0FB680133FB6007
S2140013B07B68DB881A00FB689A4203D8BB68102259
S2140013C05A8306E0BB685B8B9BB21A00102313405F
S2140013D0EBD0BD4604B080BDC912000059A600007F
S2140013E07912000080B582B000AF78600A00FB1C5E
S2140013F01A707B685B7EDBB25AB2FB1C1B7801213D
S21400140099400B005BB213435BB2DAB27B685A7644
S214001410C046BD4602B080BD90B591B000AF002377
S214001420FB633A23FB1800221A703B1D1800214B61
S21400143098473B1D204ADA613B1D204A1A623B1D35
S214001440FA229200DA823B23FB1803221A701EE06F
S2140014503A23FC183A1D1A491A4B18001A4B98479B
S214001460030023703A23FB181B78002B04D13A2381
S214001470FB181B78FB630FE0124B1800134B9847C2
S2140014803B23FB181A783B23FB18013A1A703B23C0
S214001490FB181B78002BDBD1FB6B002B04D1094B10
S2140014A018000B4B984700E0C046FB6B1800BD4683
S2140014B011B090BDED120000020008000200090005
S2140014C000080042E0380020ED350000213700001B
S2140014D07113000080B584B000AF78600E4B002218
S2140014E01A700D4B01229A600023FB600B4B1B68A1
S2140014F00C22BA1811001800094B9847094B002215
S2140015001A70FB68002B03D0074B802252051A6026
S214001510C046BD4604B080BD200300200839002028
S214001520756700001D03002004ED00E080B584B060
S21400153000AF78600E4B00221A700D4B01229A60A5
S2140015400023FB600B4B1B680C22BA181100180016
S214001550094B9847094B00221A70FB68002B03D0F2
S214001560074B802252051A60C046BD4604B080BDB7
S2140015702003002008390020756700001D030020A6
S21400158004ED00E080B584B000AF78600E4B00221A
S2140015901A700D4B01225A600023FB600B4B1B6830
S2140015A00C22BA1811001800094B9847094B002264
S2140015B01A70FB68002B03D0074B802252051A6076
S2140015C0C046BD4604B080BD200300200839002078
S2140015D0756700001D03002004ED00E080B500AF35
S2140015E01149124B00221800114B98470F4B00214F
S2140015F01800104B984710490C4B012218000C4B52
S21400160098470A4B012118000A4B98470B49074B8D
S21400161002221800064B9847044B02211800054B7F
S2140016209847C046BD4680BDD5140000E03800206F
S214001630E9050000E51300002D15000085150000E3
S21400164080B582B000AF00237B60144B9847030040
S2140016507B607B68002B1AD1114B98470120114BF9
S21400166098470200104B1A600322002101200F4BFE
S214001670984702000E4B1A600B4B1B68002B03D0DA
S2140016800B4B1B68002B03D106237B6000E0C04693
S2140016907B681800BD4602B080BDC0461914000025
S2140016A0DD150000AD600000DC380020455E00005F
S2140016B00839002090B589B000AF78600023FB6140
S2140016C00023BB6100237B6100233B617B68002B0A
S2140016D003D07B685B68002B03D108235B42FB6169
S2140016E01FE07B681B789AB2104B1A807B685A689A
S2140016F00E4B5A607B68DA890C4B5A800F23FC1815
S2140017000A4A0B4B110018000A4B98470300237037
S2140017100F23FB181B78002B03D006235B42FB61CC
S214001720C046FB691800BD4609B090BD0C390020C4
S214001730E03800206D08000090B589B000AF7860F2
S2140017400023FB610023BB6100237B6100233B6118
S2140017507B68002B03D07B685B68002B03D10823D3
S2140017605B42FB611FE07B681B789AB2104B1A80C5
S2140017707B689A680E4B5A607B689A890C4B5A8035
S2140017800F23FC180A4A0B4B110018000A4B984707
S214001790030023700F23FB181B78002B03D00623AF
S2140017A05B42FB61C046FB691800BD4609B090BDB0
S2140017B00C390020E03800208907000090B583B07F
S2140017C000AF00237B60094B18680023002200212D
S2140017D0074CA0470300012B02D014235B427B601A
S2140017E07B681800BD4603B090BDC046DC380020BC
S2140017F0ED60000080B584B000AF78600023FB6029
S214001800084B1B687A6811001800074B98470300BE
S214001810012B02D01D235B42FB60FB681800BD460F
S21400182004B080BDDC380020FD6D000080B584B0BB
S21400183000AF78600023FB60044B1A687B681A6070
S214001840FB681800BD4604B080BDC04608390020BD
S21400185080B500AF024B1B781800BD4680BDC04661
S2140018601D03002080B582B000AF0200FB1D1A7079
S214001870034BFA1D12781A70C046BD4602B080BDF2
S2140018801D03002080B584B000AF78603960002367
S214001890FB600023BB603B681800274B984703009B
S2140018A0FB60FB68002B38D10023FB600823FB1885
S2140018B01800224B9847FB68002B30D17B68180035
S2140018C01F4B98470300FB60FB68002B2AD1BB68C0
S2140018D03A68110018001B4B98470300012B11D1E2
S2140018E0194B9847031E11D00020184B9847FB68E9
S2140018F0002B03D021235B42FB6014E003235B42F2
S214001900FB6010E003235B42FB600CE0104B984743
S2140019100200FB681343FB6002E0C04600E0C046DE
S214001920FB6805E0C0460A4B98470300FB60FB686F
S2140019301800BD4604B080BDF51700002D18000045
S214001940B5160000FD6D0000511800006518000077
S214001950BD17000090B589B000AF78600023FB612A
S2140019600023BB6100237B6100233B617B68002B67
S21400197003D07B685B68002B03D108235B42FB61C6
S2140019801FE07B681B789AB2104B1A807B685A68F7
S2140019900E4B5A607B68DA890C4B5A800F23FC1872
S2140019A00A4A0B4B110018000A4B98470300237095
S2140019B00F23FB181B78002B03D006235B42FB612A
S2140019C0C046FB691800BD4609B090BD0C39002022
S2140019D0E0380020AD08000080B586B000AFF860A3
S2140019E0B9607A6000237B6100233B6196235B002D
S2140019F01800394B984703007B617B69002B5BD14D
S214001A001023FB181800354B984703007B617B6951
S214001A10002B53D1324B00229A72FB681800314BD0
S214001A20984703007B617B69002B4AD13B697A6843
S214001A30110018002C4B98470300012B1BD12B4B91
S214001A409847031E06D00020294B984703235B4285
S214001A507B6137E0BB681800264B9847204B012275
S214001A609A72FB681800244B984703007B617B69D9
S214001A70002B04D026E003235B427B6122E03B6917
S214001A807A6811001800184B98470300012B0AD1FA
S214001A90164B9847031E0AD00020154B9847032381
S214001AA05B427B610EE003235B427B610AE0134BE3
S214001AB0984703007B6102E0C04600E0C0467B69B1
S214001AC005E0C0460D4B984703007B617B69180014
S214001AD0BD4606B080BDC046F51700002D180000B4
S214001AE0E038002055190000FD6D00005118000078
S214001AF065180000457B000039170000BD17000080
S214001B00B0B586B000AFF86008007A6019000B2305
S214001B10FB18021C1A700823FB180A1C1A80FB68A4
S214001B205C68FB6898680823FB181D887A680B2396
S214001B30FB1819782B00A04703007B617B6918000F
S214001B40BD4606B0B0BDB0B586B000AFF8600800C0
S214001B507A6019000B23FB18021C1A700823FB1866
S214001B600A1C1A80FB681C68FB6898680823FB1828
S214001B701D887A680B23FB1819782B00A0470300F2
S214001B807B617B691800BD4606B0B0BD80B582B0EB
S214001B9000AF0200BB1D1A80BB1D00229A5E064BDA
S214001BA010009847021C054B0549101C9847031C5B
S214001BB0181CBD4602B080BD01CB000081C80000E5
S214001BC023DB793D90B585B000AF78600A00FB1C3A
S214001BD01A700823FA18786801231021124CA047BF
S214001BE00300FB60FB68002B19D1FB1C1B7803224B
S214001BF01340DAB20823FB1803210A4090001A7833
S214001C000C218A43111C021C0A431A700823FA1876
S214001C10786801231021054CA0470300FB60FB6891
S214001C201800BD4605B090BD011B0000471B000014
S214001C3090B587B000AF78600A00FB1C1A701723B7
S214001C40FB18FA1C12781A700C23FA187B6811001D
S214001C501800A44B984703003B613B69002B00D05B
S214001C6013E10C23FB181B78DB07DB0FDAB20C231F
S214001C70FB181B789B07DB0FDBB21343DAB20C238F
S214001C80FB181B785B07DB0FDBB21343DAB20C23BF
S214001C90FB181B781B07DB0FDBB21343DAB20C23EF
S214001CA0FB181B78DB06DB0FDBB21343DAB20C2320
S214001CB0FB181B789B06DB0FDBB21343DAB20C2350
S214001CC0FB181B785B06DB0FDBB21343DAB20C2380
S214001CD0FB181B781B06DB0FDBB21343DAB20C23B0
S214001CE0FB185B78DB07DB0FDBB21343DAB20C239F
S214001CF0FB185B789B07DB0FDBB21343DAB20C23CF
S214001D00FB185B785B07DB0FDBB21343DAB20C23FE
S214001D10FB185B781B07DB0FDBB21343DAB20C232E
S214001D20FB185B78DB06DB0FDBB21343DAB20C235F
S214001D30FB185B789B06DB0FDBB21343DAB20C238F
S214001D40FB185B785B06DB0FDBB21343DAB20C23BF
S214001D50FB185B781B06DB0FDBB21343DBB2012BF1
S214001D6000D092E00B23FA187B68110018005E4B37
S214001D70984703003B613B69002B00D085E00B23AE
S214001D80FB181B78012B17D002DC002B05D076E061
S214001D90022B29D0032B48D071E0FB1C1B78002BAC
S214001DA004D11723FB1801221A706EE01723FB18C4
S214001DB0FA1C12781A7068E0FB1C1B78002B04D102
S214001DC01723FB1802221A705FE0FB1C1B78012BFE
S214001DD004D11723FB1802221A7056E01723FB18AB
S214001DE0FA1C12781A7050E0FB1C1B78002B04D1EA
S214001DF01723FB1803221A7047E0FB1C1B78012BE5
S214001E0004D11723FB1803221A703EE0FB1C1B7834
S214001E10022B04D11723FB1803221A7035E0172370
S214001E20FB18FA1C12781A702FE0FB1C1B78002B8C
S214001E3004D11723FB1804221A7026E0FB1C1B781B
S214001E40012B04D11723FB1804221A701DE0FB1C7B
S214001E501B78022B04D11723FB1804221A7014E0F7
S214001E60FB1C1B78032B04D11723FB1804221A70C3
S214001E700BE01723FB18FA1C12781A7005E01723DC
S214001E80FB18FA1C12781A70C0463B69002B08D162
S214001E900823FA18786801231021144CA047030081
S214001EA03B613B69002B18D11723FB181B780F22C8
S214001EB01340DAB20823FB1810011A780F210A40E3
S214001EC0111C021C0A431A700823FA1878680123AA
S214001ED01021074CA04703003B613B691800BD4634
S214001EE007B090BD0D27000061270000011B000011
S214001EF0471B000090B585B000AF78600A00FB1C59
S214001F001A700823FA18786801231121124CA0478A
S214001F100300FB60FB68002B19D1FB1C1B78072213
S214001F201340DAB20823FB1807210A4090181A78E3
S214001F300E218A43111C021C0A431A700823FA1841
S214001F40786801231121054CA0470300FB60FB685D
S214001F501800BD4605B090BD011B0000471B0000E1
S214001F6090B587B000AF78600A00FB1C1A70172384
S214001F70FB18FA1C12781A700C23FA187B681100EA
S214001F801800A44B984703003B613B69002B00D028
S214001F9013E10C23FB181B78DB07DB0FDAB20C23EC
S214001FA0FB181B789B07DB0FDBB21343DAB20C235C
S214001FB0FB181B785B07DB0FDBB21343DAB20C238C
S214001FC0FB181B781B07DB0FDBB21343DAB20C23BC
S214001FD0FB181B78DB06DB0FDBB21343DAB20C23ED
S214001FE0FB181B789B06DB0FDBB21343DAB20C231D
S214001FF0FB181B785B06DB0FDBB21343DAB20C234D
S214002000FB181B781B06DB0FDBB21343DAB20C237C
S214002010FB185B78DB07DB0FDBB21343DAB20C236B
S214002020FB185B789B07DB0FDBB21343DAB20C239B
S214002030FB185B785B07DB0FDBB21343DAB20C23CB
S214002040FB185B781B07DB0FDBB21343DAB20C23FB
S214002050FB185B78DB06DB0FDBB21343DAB20C232C
S214002060FB185B789B06DB0FDBB21343DAB20C235C
S214002070FB185B785B06DB0FDBB21343DAB20C238C
S214002080FB185B781B06DB0FDBB21343DBB2012BBE
S21400209000D092E00B23FA187B68110018005E4B04
S2140020A0984703003B613B69002B00D085E00B237B
S2140020B0FB181B78012B17D002DC002B05D076E02E
S2140020C0022B29D0032B48D071E0FB1C1B78002B79
S2140020D004D11723FB1801221A706EE01723FB1891
S2140020E0FA1C12781A7068E0FB1C1B78002B04D1CF
S2140020F01723FB1802221A705FE0FB1C1B78012BCB
S21400210004D11723FB1802221A7056E01723FB1877
S214002110FA1C12781A7050E0FB1C1B78002B04D1B6
S2140021201723FB1803221A7047E0FB1C1B78012BB1
S21400213004D11723FB1803221A703EE0FB1C1B7801
S214002140022B04D11723FB1803221A7035E017233D
S214002150FB18FA1C12781A702FE0FB1C1B78002B59
S21400216004D11723FB1804221A7026E0FB1C1B78E8
S214002170012B04D11723FB1804221A701DE0FB1C48
S2140021801B78022B04D11723FB1804221A7014E0C4
S214002190FB1C1B78032B04D11723FB1804221A7090
S2140021A00BE01723FB18FA1C12781A7005E01723A9
S2140021B0FB18FA1C12781A70C0463B69002B08D12F
S2140021C00823FA18786801231121144CA04703004D
S2140021D03B613B69002B18D11723FB181B780F2295
S2140021E01340DAB20823FB1810011A780F210A40B0
S2140021F0111C021C0A431A700823FA187868012377
S2140022001121074CA04703003B613B691800BD46FF
S21400221007B090BD0D27000061270000011B0000DD
S214002220471B000090B585B000AF78600A00FB1C25
S2140022301A700823FA18786801231221124CA04756
S2140022400300FB60FB68002B19D1FB1C1B780122E6
S2140022501340DAB20823FB1801210A4090011A78CD
S21400226040218A43111C021C0A431A700823FA18DC
S214002270786801231221054CA0470300FB60FB6829
S2140022801800BD4605B090BD011B0000471B0000AE
S21400229090B585B000AF78600A00FB1C1A70082362
S2140022A0FA18786801231521124CA0470300FB603A
S2140022B0FB68002B19D1FB1C1B7801221340DAB2F5
S2140022C00823FB1801210A40D0001A7808218A4307
S2140022D0111C021C0A431A700823FA187868012396
S2140022E01521054CA0470300FB60FB681800BD469F
S2140022F005B090BD011B0000471B000090B585B0DF
S21400230000AF786039600823FA18786801231E2128
S214002310084CA0470300FB600823FB181B78DB076C
S214002320DB0FDBB21A003B681A70FB681800BD466C
S21400233005B090BD011B000090B587B000AF786077
S21400234039600C23FA18786806232821264CA04703
S21400235003007B610C23FB185B781AB23B681A807B
S2140023603B6800229B5E9BB21B029AB20C23FB18B2
S2140023701B789BB2D3189BB21AB23B681A803B6894
S21400238002330C22BA18D27812B21A803B68023393
S2140023903A6802320021525E92B2120291B20C22C8
S2140023A0BA18927892B28A1892B212B21A803B6821
S2140023B004330C22BA18527912B21A803B680433DE
S2140023C03A6804320021525E92B2120291B20C2296
S2140023D0BA18127992B28A1892B212B21A807B692F
S2140023E01800BD4607B090BD011B000090B585B033
S2140023F000AF78600A00FB1C1A700823FA18786889
S21400240001230121114CA0470300FB60FB68002B51
S21400241017D1FB1C1B7803221340DAB20823FB18E3
S21400242090011A783F210A40111C021C0A431A70B8
S2140024300823FA18786801230121054CA0470300F9
S214002440FB60FB681800BD4605B090BD011B000090
S214002450471B000090B585B000AF786039603A68D9
S214002460786801230F21044CA0470300FB60FB683B
S2140024701800BD4605B090BD011B000090B585B0A4
S21400248000AF78600A00FB1C1A700823FA187868F8
S21400249001231221124CA0470300FB60FB68002BAF
S2140024A019D1FB1C1B7801221340DAB20823FB1853
S2140024B001210A4010001A7801218A43111C021CCF
S2140024C00A431A700823FA18786801231221054C6B
S2140024D0A0470300FB60FB681800BD4605B090BD32
S2140024E0011B0000471B000090B585B000AF786068
S2140024F039600823FA18786801231221084CA0478F
S2140025000300FB600823FB181B78DB07DB0FDBB23E
S2140025101A003B681A70FB681800BD4605B090BDEF
S214002520011B000090B585B000AF78600A00FB1C68
S2140025301A700823FA18786801231021124CA04755
S2140025400300FB60FB68002B19D1FB1C1B780122E3
S2140025501340DAB20823FB1801210A4090181A78B3
S21400256002218A43111C021C0A431A700823FA1817
S214002570786801231021054CA0470300FB60FB6828
S2140025801800BD4605B090BD011B0000471B0000AB
S21400259090B585B000AF78600A00FB1C1A7008235F
S2140025A0FA18786801231721254CA0470300FB6022
S2140025B0FB68002B3FD1FB1C1B781B09DBB21A1CE7
S2140025C001231340DAB20823FB1801210A409000C9
S2140025D01A7804218A43111C021C0A431A70FB1C39
S2140025E01B785B09DBB21A1C01231340DAB20823FE
S2140025F0FB1801210A4010011A7810218A43111C89
S214002600021C0A431A70FB1C1B7807221340DAB21E
S2140026100823FB1850011A781F210A40111C021CBF
S2140026200A431A700823FA18786801231721054C04
S214002630A0470300FB60FB681800BD4605B090BDD0
S214002640011B0000471B000090B587B000AF786004
S2140026500A00FB1C1A700C23FA187868012318214C
S214002660284CA04703007B617B69002B1CD1FB1C18
S2140026701B78DB09DBB21A1C01231340DAB20C23E9
S214002680FB1801210A4090181A7802218A43111C6F
S214002690021C0A431A700C23FA18786801231821C2
S2140026A0194CA04703007B617B69002B08D11023DF
S2140026B0FA18786801236221124CA04703007B6158
S2140026C07B69002B19D1FB1C1B7803221340DAB25E
S2140026D01023FB1803210A40D0001A7818218A43D9
S2140026E0111C021C0A431A701023FA18786801237A
S2140026F06221054CA04703007B617B691800BD463C
S21400270007B090BD011B0000471B000090B585B0C8
S21400271000AF786039607B68022118000E4B98473E
S2140027200300FB60FB68002B07D13A687868022339
S21400273046210A4CA0470300FB60FB68002B06D12D
S2140027407B6800211800044B98470300FB60FB6879
S2140027501800BD4605B090BDED230000011B00002B
S21400276090B585B000AF786039607B6802211800AC
S214002770214B98470300FB60FB68002B08D1082319
S214002780FA18786801235F211C4CA0470300FB6001
S214002790FB68002B2BD10823FB181B78DB069B0F4E
S2140027A0DBB2012B0CD002DC002B05D014E0022B90
S2140027B00AD0032B0CD00FE03B6800221A700FE003
S2140027C03B6801221A700BE03B6802221A7007E091
S2140027D03B6803221A7003E03B6800221A70C0466A
S2140027E07B6800211800044B98470300FB60FB68D9
S2140027F01800BD4605B090BDED230000011B00008B
S21400280080B586B000AFF86008007A6019000B2328
S214002810FB18021C1A700823FB180A1C1A801C4B93
S2140028200B22BA1812781A7000237B610AE07B69C3
S21400283001337A6979688A181178154AD1547B6908
S21400284001337B610823FB181A887B699A42EEDC09
S2140028500823FB181A8879680E4B18000E4B984709
S2140028600E4B6B221A700D4B094A5A600823FB1850
S2140028701B8801339AB2094BDA81084B6421180091
S214002880074B984703001800BD4606B080BDC046FB
S214002890183900201939002075E500005839002045
S2140028A08518000080B584B000AFF86008007A6034
S2140028B019000B23FB18021C1A700823FB180A1CAD
S2140028C01A80104B0B22BA1812781A700E4B6B2215
S2140028D01A700D4B0B4A5A600B4B0122DA810A4BD9
S2140028E07A689A60084B0822BA1812889A81064BB2
S2140028F0642205211800054B984703001800BD46C2
S21400290004B080BD1839002058390020D9190000BD
S21400291080B500AF014B1800BD4680BD000000200A
S21400292080B582B000AF00237B60234B01211800E6
S214002930224B984703007B60FA1C1F4B11001800BF
S2140029401F4B984702007B6813437B60FB1C1B7879
S214002950002BF1D1184B802118001A4B9847164BC4
S21400296001211800184B9847134B00211800174BED
S2140029709847114B01211800154B98470E4B012123
S2140029801800144B98470C4B00211800124B984720
S214002990094B06211800114B9847074B04211800D5
S2140029A00F4B9847044B012118000E4B98477B6845
S2140029B01800BD4602B080BD000000207D24000047
S2140029C0E92400004926000025220000912200008C
S2140029D0311C0000611F0000C51B0000F51E000032
S2140029E0912500002525000080B582B000AF394B48
S2140029F02E221A70374B384A5A60364B0222DA813A
S214002A00344B3A009A60334B01229A81314B642250
S214002A1000211800314B984703007B607B68002B31
S214002A2004D02F4B18002F4B98470DE03B001B7827
S214002A30552B05D02C4B18002A4B9847012344E011
S214002A402A4B1800274B9847224B294A5A60214B9D
S214002A500322DA811F4B64211800264B9847030097
S214002A607B607B68002B03D0234B18001D4B9847D8
S214002A70184B224A5A60174B0322DA81154B642101
S214002A8018001C4B984703007B607B68002B03D024
S214002A901B4B1800134B98470E4B1A4A5A600D4BA7
S214002AA00422DA810B4B64211800124B984703006E
S214002AB07B607B68002B03D0134B1800094B9847AC
S214002AC0124B9847124B98477B681800BD4602B0D9
S214002AD080BDC0466839002074F40000D919000093
S214002AE08CF40000E9960000ACF40000B8F4000096
S214002AF078F4000085180000CCF400007CF4000098
S214002B00ECF4000080F4000018F50000C12E000070
S214002B10D12D000080B582B000AFFB1C00221A70D9
S214002B20114B2E221A70104B104A5A600E4B02227E
S214002B30DA810D4BFA1C9A600B4B01229A810A4BE4
S214002B406422002118000A4B984703007B607B68CC
S214002B50002B03D0074B1800074B9847FB1C1B782D
S214002B601800BD4602B080BD6839002088F4000019
S214002B70D91900004CF50000E996000080B584B035
S214002B8000AF78600A00FB1C1A700823FB18144A72
S214002B9012881A80134B2E221A70124B0822BA186B
S214002BA05A60104B0222DA810E4B7A689A60FB1C40
S214002BB01B789AB20B4B9A810A4B642200211800AC
S214002BC0094B98470300FB60FB68002B03D0074BBC
S214002BD01800074B9847FB681800BD4604B080BD38
S214002BE070F5000068390020D91900004CF5000087
S214002BF0E996000090B587B000AF04000800110009
S214002C00FB1D221C1A70BB1D021C1A707B1D0A1CA1
S214002C101A701023FB187A1D127801211000084044
S214002C201A7801218A43111C021C0A431A70BB1D24
S214002C301B7801229A401300DBB21A1C0F231340A4
S214002C40DAB21023FB180F210A4090181A781E21BA
S214002C508A43111C021C0A431A700C23FB1810220C
S214002C601A700C23FB1801225A700C23FB18FA1D4D
S214002C7012789A701023FB181A780C23FB18DA7057
S214002C800C4B2E221A700B4B0C22BA185A60094BAA
S214002C900422DA81074B00229A81064B6421180031
S214002CA0054B984703007B617B691800BD4607B05B
S214002CB090BDC0466839002085180000B0B588B0C1
S214002CC000AF05000C0010001900FB1D2A1C1A702E
S214002CD0BB1D221C1A707B1D021C1A703B1D0A1C91
S214002CE01A701023FB180E221A701023FB180422E9
S214002CF05A701023FB1800229A701023FB1800222B
S214002D00DA701023FB187A1D12781A711023FB183C
S214002D10BA1D12785A711023FB183A1D12789A7150
S214002D200C23FB18174A12881A80FB1D1B789BB2CF
S214002D301E22BA18191C0B1CDB185B1813801E23E6
S214002D40FB181B881B0A9BB2DAB21023FB189A707A
S214002D501E23FB181B88DAB21023FB18DA700A4B06
S214002D601022BA185A60084B0722DA81064B6421F3
S214002D701800064B98470300BB61BB691800BD46A8
S214002D8008B0B0BD74F50000683900208518000052
S214002D9080B582B000AF3B000A4A12881A800A4B00
S214002DA03A005A60084B0222DA81074B6421180069
S214002DB0064B984703007B607B681800BD4602B050
S214002DC080BDC04674F500006839002085180000F4
S214002DD080B582B000AF334B2E221A70314B324A88
S214002DE05A60304B0322DA812E4B00229A812D4BFB
S214002DF0642118002D4B984703003B603B68002B6E
S214002E0003D02B4B18002B4B984700237B6041E0E8
S214002E107B68002B00DA03339B10DBB2DB00DAB2F0
S214002E207B6825490B4004D5013B042149420B43EE
S214002E300133DBB2D318DBB20122032118001F4B8B
S214002E40984703003B607B68002B00DA03339B1037
S214002E50DBB2DB00DAB27B6817490B4004D5013BD6
S214002E60042149420B430133DBB2D318DBB2012203
S214002E7002211800114B984702003B6813433B6041
S214002E803B68002B03D00A4B18000A4B98477B6818
S214002E9001337B607B680F2BBADDC046BD4602B0AF
S214002EA080BDC0466839002084F400008518000004
S214002EB078F50000E996000003000080F52B00007E
S214002EC0B0B500AFFF23FF22FF210F20094CA0471B
S214002ED0094B9847C8235B001800084B9847002307
S214002EE0002200210F20034CA047034B9847C04602
S214002EF0BD46B0BDBD2C0000912D0000457B0000F6
S214002F0090B59FB000AF78600823FB1818006423C4
S214002F101A0000213B4B98473B4B18003B4B984709
S214002F203B4B00221A703A4B1B78012B61D0022BC8
S214002F3061D0002B59D16F23FC18364B98470300FD
S214002F4023706F23FB181B78002B56D06F23FB18BB
S214002F501A780823FB18110018002F4B98470023F7
S214002F607B6709E07B6FD8B20023002200212B4C40
S214002F70A0477B6F01337B677B6F0F2BF2DD284BFF
S214002F8098470823FB181B781A0003231340032BCB
S214002F9033D100233B6721E00823FB181B789B08EE
S214002FA0DBB2DB08DBB29B00D9B20823FB181B7828
S214002FB09B08DBB207221340DAB26E23FB188A188E
S214002FC01A706E23FB181878642364226421134C4D
S214002FD0A047134B98473B6F01333B676F23FB18A3
S214002FE01A783B6F9A42D7DC07E0094B00221A702A
S214002FF004E0C04602E0C04600E0C0463220094B6E
S214003000984790E787E500009CF50000E9960000E9
S21400301078390020152B00007D2B0000BD2C000009
S214003020912D0000457B000080B582B000AF78602F
S2140030307B6800221A70C046BD4602B080BD000004
S21400304080B582B000AF02003960FB1D1A70FB1D10
S2140030501B78012B0AD0022B0FD0002B14D10E4B5D
S2140030600D4A91693A680A439A610FE00A4B0A4A88
S214003070D1693A680A43DA6108E0074B064A116AE2
S2140030803A680A431A6201E0172300E0002318009A
S214003090BD4602B080BDC0460004004080B582B088
S2140030A000AF78607B6880221A707B6800225A70B6
S2140030B07B6801229A707B680022DA70C046BD46A3
S2140030C002B080BD80B500AF054B9B78DBB21A001E
S2140030D0022313405A1E9341DBB21800BD4680BD42
S2140030E00020004180B500AF024B9847C046BD4661
S2140030F080BDC0467D99000080B500AF024B984762
S214003100C046BD4680BDC046D199000080B582B09D
S21400311000AF0200FB1D1A70074AFB1D1B78190042
S2140031201F230B40012199400B0019008023D1502A
S214003130C046BD4602B080BD00E100E080B584B068
S21400314000AF78607B681B68FB60FB68DB69072262
S21400315013405A1E9341DBB21800BD4604B080BD32
S21400316080B582B000AF7860C0467B681800044B1C
S2140031709847031EF9D1C046BD4602B080BDC04682
S2140031803D31000080B584B000AF78607B681B6876
S214003190FB607B681B6818000D4B984703001800FF
S2140031A00C4B98477B6818000B4B9847FB688322AC
S2140031B01A75FB6883221A76FB681B680222934303
S2140031C01A00FB681A60C046BD4604B080BDC04603
S2140031D059A600000D31000061310000F0B597B02F
S2140031E000AF786139610023FB6300233B65002351
S2140031F0FB643B2310229446BC44634400221A70AE
S2140032007B691B68BB637B691B687B632323102277
S214003210BA18D4187B6B1800C04B9847030023706D
S2140032200C2310229446BC4463441800BC4B9847B9
S2140032303B69DB697B643B691B6A3B647B6C002BE8
S21400324006D17B6B00211800B64B984703007B64C1
S2140032507B6CDAB20C2310218C46BC4463441A7093
S2140032600C2310229446BC44634402225A707B6CA2
S2140032701B0CDBB20C2210218C46BC4462441100AD
S2140032801800A94B98473B6C002B06D17B6B01219D
S2140032901800A44B984703003B643B6CDAB20C233F
S2140032A010218C46BC4463441A700C2310229446AA
S2140032B0BC44634402225A703B6C1B0CDBB20C22EB
S2140032C010218C46BC44624411001800964B984767
S2140032D03B699A8A7B69DA803B69DA8A7B691A815C
S2140032E03B691B7E002B03D1904B9847031E02D0F0
S2140032F080237B6501E000237B653B691B69002B0F
S21400330004D03B691B697A6D13437B653B699B68F8
S2140033107A6D13437B653B6924229B5C002B04D0AB
S2140033207B6D8022D20513437B653B699B6A002B2D
S21400333004D03B699B6A7A6D13437B653B692C22FC
S2140033409B5C002B05D13B699A6880239B049A42BC
S21400335004D17B6D8022120513437B653B692D22C9
S2140033609B5C002B04D07B6D8022120413437B658C
S2140033703B692E229B5C002B04D07B6D8022D203FF
S21400338013437B65BB6B1A687B6D1A43BB6B1A6075
S214003390BB6B802252005A60232310229446BC4402
S2140033A063441B781433DBB21800614B9847030064
S2140033B0FB623B691B68FA2292005343BB623B697F
S2140033C05B68FA22920053437B623B691B8E3B622A
S2140033D0584BF86A984705000E00564BB86A98474F
S2140033E0B860F960534BF86A9847534C534A544BAD
S2140033F0A04703000C003B607C604E4B386A984741
S21400340002000B004C4C38687968A04703000C009B
S214003410180021004B4C00224B4BA04703000C0029
S2140034201A002300444CB868F968A04703000C0053
S2140034301A002300454C28003100A04703000C006A
S2140034401D002600BB6A5A003A4B1000984702003F
S2140034500B003C4C28003100A04703000C0018006D
S21400346021003A4C00223A4BA04703000C001D00F6
S2140034702600BB6A5A002F4B1000984702000B002C
S214003480344C28003100A04703000C00190022002D
S214003490314B0800110098470300FB633B699A68AC
S2140034A080239B049A426AD1224BF86A9847254C9F
S2140034B002000B00A04703000C001D0026001D4B59
S2140034C0786A98471C4C0022244BA04703000C0047
S2140034D01A0023001F4C28003100A04703000C00F0
S2140034E018002100194C0022194BA04703000C00BD
S2140034F019002200184B0800110098470300FB64CF
S214003500FB6C002B2ED0164B796AF86A984703009E
S2140035109A1EFB6CD31A3B6531E0C04689A50000B5
S2140035209D300000CDA30000C5C10000C5300000DE
S21400353089BF0000BDE3000029D8000095D626E824
S2140035400B2E113EA1CB00000000244029DD000018
S2140035500000F03FC1D1000055E300000000084025
S21400356015C700007B6A5A00FB6AD3185A1E7B6A8E
S21400357059001D4B100098470300013B3B65FB6B51
S214003580FF2B08DCFB6B002B05DB3B6DFF2B02DC07
S2140035903B6D002B06DA3B2310229446BC44634462
S2140035A040221A703B2310229446BC4463441B7886
S2140035B0402B0ED0FB6BFF221A403B6D1B041900FC
S2140035C0FF231B040B401343FA6C12061A43BB6B13
S2140035D0DA603B2310229446BC4463441B781800F0
S2140035E0BD4617B0F0BDC04615C7000090B58BB0FD
S2140035F000AFF860B9607A60FB68BA681A60FB686A
S2140036001B687B62FB681B6818003B4B98470300EF
S2140036103B623B6A0233FB613B6A1433BB610122A7
S214003620FB699A40130019000220344B9847142374
S214003630FB181800324B98477B681A7B1423FB183C
S2140036401A70BB69DBB21422BA18110018002D4B91
S2140036509847BB69DBB218002B4B98477B681B7BEF
S21400366000211800294B98477B6A1B6802221340EA
S21400367001D01C233BE07B6A1B680122134001D06B
S214003680052334E0FB681B681722BC1818001A4B89
S2140036909847030023701E4A1723FB181B78110057
S2140036A018001C4B98471723FB181A781A4B9200E1
S2140036B0F968D150FB6800221A76FB6800225A7619
S2140036C0FB6800225A83FB6800229A83FB68252247
S2140036D000219954FB6800221A627B6A14221A6041
S2140036E07A68FB68110018000C4B98470300180016
S2140036F0BD460BB090BDC04689A500004130000015
S2140037002930000065BE0000A9BE000041A30000ED
S214003710ED080000EDA50000504E0020DD31000051
S21400372080B584B000AF78607B681B68FB607B6800
S21400373018000F4B98477B6818000E4B98470E4BA7
S21400374098477B681B6818000C4B984703001800C6
S2140037500B4B98470B4B98477B681800044B9847D1
S214003760FB6801221A60C046BD4604B080BDC04654
S2140037706131000085310000E530000059A60000E8
S214003780E1BF0000F930000080B584B000AF78607B
S2140037907B681B68FB60FB681B7EDBB21A0002239B
S2140037A013400BD0FB6802221A76FB685B8B9BB239
S2140037B01A000223134011D0412310E0FB685B8BF4
S2140037C09BB21A000423134008D0FB685B68C02233
S2140037D092021A43FB685A60182300E00023180080
S2140037E0BD4604B080BD80B584B000AF78607B680D
S2140037F01B68BB600E23FB1800221A800FE00E2306
S214003800FB180E22BA18128801321A807B681B89B0
S2140038100E22BA1812889A4201D312230EE0BB6811
S2140038201B7EDBB21A000123134006D1BB681B7E49
S214003830DBB21A0002231340E1D000231800BD4675
S21400384004B080BD90B585B000AF78600A00FB1C60
S2140038501A707B681B68FB60FB685B688022D2027C
S2140038601A43FB685A60FB1C1A78FB685A620B23E3
S214003870FC187B681800074B984703002370FB680A
S21400388001221A760B23FB181B781800BD4605B0DC
S21400389090BDC046E737000080B500AF0020024B61
S2140038A09847C046BD4680BDD538000080B500AFFD
S2140038B00120024B9847C046BD4680BDD538000063
S2140038C080B500AF0220024B9847C046BD4680BD7B
S2140038D0D538000080B584B000AF0200FB1D1A701A
S2140038E0FB1D1A78284B9200D358FB60FB681B68B8
S2140038F09B7BDBB2FA68127E1340DAB2FB68597E15
S2140039000B23FB180A401A700B23FB181B780122A6
S214003910134008D0FB689B68FA6810009847FB685D
S2140039201B6801229A730B23FB181B780222134094
S21400393008D0FB68DB68FA6810009847FB681B68CD
S21400394002229A730B23FB181B781022134008D010
S214003950FB681B69FA6810009847FB681B68102212
S2140039609A730B23FB181B782022134008D0FB68A1
S2140039705B69FA6810009847FB681B6820229A73F8
S214003980C046BD4604B080BD7C39002080B584B0FA
S21400399000AF78600023FB607B68002B01D172B615
S2140039A0FEE70820114B98470300BB60BB68002B5E
S2140039B001D172B6FEE7BB68002B12D00C4B9847BD
S2140039C0BB687A681A60BB6800225A60094B1B689D
S2140039D0BA685A60074BBA681A60074B98470123C3
S2140039E0FB60FB681800BD4604B080BD915C00001B
S2140039F0595B0000140000207D5B000080B588B095
S214003A0000AFF860B9607A600123FB613D4B1B682C
S214003A10002B44D13B4B3C4A1A603AE0394B1B68BA
S214003A201B681B68BB61BB691800384B98470300CE
S214003A307B61FA687B69D3181B78202B05D0FA685F
S214003A407B69D3181B78002B1ED17A69B969FB688D
S214003A5018002F4B9847031E16D12A4B1B681B686D
S214003A601B7B5BB2002B19DBFB681800294B9847C1
S214003A7003001A00234B1B681B681B7B5BB29A4231
S214003A800CD00023FB6109E01E4B1B685A681D4BD7
S214003A901A601C4B1B68002BC0D100E0C046194BB7
S214003AA01B68002B0CD0FB69002B09D17A681A49D9
S214003AB0BB681800194B9847124B00221A601CE08E
S214003AC0104B1B68002B10D00E4B1B681B689B68A6
S214003AD0FA687968B86898470300FB61FB69002BB1
S214003AE00BD1084B00221A6007E07A680C49BB68C5
S214003AF018000A4B98470023FB61FB691800BD4677
S214003B0008B080BD340300200C000020F1E7000060
S214003B10FFE70000353C0000E8F5000021E8000063
S214003B2040F6000080B586B000AFF860B9607A60F5
S214003B3000237B6100233B617B6800221A603BE028
S214003B40FB680133FB60FB681B78002B07D0FB6823
S214003B501B78202BF4D102E0FB680133FB60FB6886
S214003B601B78002B03D0FB681B78202BF4D0FB6857
S214003B701B78002B25D07B6901337B617A69BB6893
S214003B809A4219D1FB683B6107E07B681B685A1CA8
S214003B907B681A60FB680133FB60FB681B78002BB0
S214003BA003D0FB681B78202BEFD17B681B68002BAB
S214003BB009D100233B6106E07A69BB689A42C2D30A
S214003BC002E0C04600E0C0463B691800BD4606B0AD
S214003BD080BD000080B586B000AFF860B9607A603E
S214003BE0114B1B68002B02D10F4B104A1A600E4B6C
S214003BF01B681B685968BA68FB6818000C4B984726
S214003C00094B1B685A68084B1A60074B1B68002B49
S214003C1002D100237B6101E001237B617B691800F0
S214003C20BD4606B080BDC046380300200C0000200C
S214003C3021E8000080B584B000AF78600F23FB1841
S214003C4000221A700023BB6018E07B681B78202BCC
S214003C500FD1BB68012B0ED00F23FB181B785BB26D
S214003C60DBB20133DAB20F23FB181A700123BB60F4
S214003C7001E00023BB607B6801337B607B681B78B8
S214003C80002BE2D1BB68012B09D10F23FB181B7850
S214003C905BB2DBB2013BDAB20F23FB181A700F23BC
S214003CA0FB181B785BB21800BD4604B080BD000050
S214003CB080B582B000AF78607B681800034B9847E9
S214003CC003001800BD4602B080BDC046B5720000B5
S214003CD080B582B000AF78607B681800034B9847C9
S214003CE003001800BD4602B080BDC046E172000069
S214003CF080B582B000AF78607B681800034B9847A9
S214003D0003009BB21800BD4602B080BDC58500000A
S214003D1080B582B000AF78607B681800044B984787
S214003D2003001B0C9BB21800BD4602B080BDC04607
S214003D30C585000080B582B000AF78600A00BB1C65
S214003D401A807B681800084B984703001B0C1A045F
S214003D50BB1C1B881A437B6811001800034B98474E
S214003D60C046BD4602B080BDC5850000ED8500009A
S214003D7080B582B000AF78600A00BB1C1A807B68F2
S214003D801800094B984703001B041A0CBB1C1B8821
S214003D901B041A437B6811001800044B9847C04662
S214003DA0BD4602B080BDC046C5850000ED8500005A
S214003DB080B582B000AF78607B681800034B9847E8
S214003DC003009BB21800BD4602B080BDB13C0000A7
S214003DD080B582B000AF78607B681800044B9847C7
S214003DE003001B0C9BB21800BD4602B080BDC04647
S214003DF0B13C000080B582B000AF78600A00BB1C02
S214003E001A807B681800084B984703001B0C1A049E
S214003E10BB1C1B881A437B6811001800034B98478D
S214003E20C046BD4602B080BDB13C0000C97200006D
S214003E3080B582B000AF78600A00BB1C1A807B6831
S214003E401800094B984703001B041A0CBB1C1B8860
S214003E501B041A437B6811001800044B9847C046A1
S214003E60BD4602B080BDC046B13C0000C97200002D
S214003E7080B500AF024B984703001800BD4680BDD2
S214003E80A187000080B582B000AF78600D4B9847E0
S214003E907B68012B02D10C4B98470EE07B68022B07
S214003EA004D10A4B18000A4B984706E07B68002BA3
S214003EB003D0084B1800064B9847C046BD4602B0D4
S214003EC080BDC046554D0000CD420000A0F6000063
S214003ED001540000E0F6000080B500AF604B1B68A0
S214003EE00922DA655E4B1B6864220A2199545C4BF2
S214003EF01B6865220A219954594B1B6866220A21C1
S214003F009954574B1B6867220F219954544B1B68D2
S214003F10682205219954524B1B6869220521995441
S214003F204F4B1B686A22052199544D4B1B686B2228
S214003F30052199544A4B1B686C2205219954484B1D
S214003F401B6870220F219954454B1B6871220F2164
S214003F509954434B1B6872220F219954404B1B689F
S214003F6073220F2199543E4B1B6874220F219954DB
S214003F703B4B1B6875220F219954394B1B687622E0
S214003F800F219954364B1B6877220F219954344BD6
S214003F901B6878220F219954314B1B687C22102114
S214003FA099542F4B1B687D22102199542C4B1B686B
S214003FB07E22102199542A4B1B687F221321995484
S214003FC0274B1B68802211219954254B1B688122A0
S214003FD010219954224B1B68822213219954204B9E
S214003FE01B688322132199541D4B1B6884221321BE
S214003FF099541B4B1B68882200219952184B1B684A
S2140040008A22A0219952164B1B688C22A0214900B7
S2140040109952134B1B688E22F02149009952104B7F
S2140040201B6890220F4999520D4B1B6892220E492D
S21400403099520B4B1B6894220C499952084B1B68EB
S21400404096220B499952064B1B6898228C21C90070
S2140040509952034B1B68074A1A66C046BD4680BD88
S214004060F8030020FD02000052030000A203000037
S21400407001040000BF04000080B500AF2E4B0022F4
S2140040805A822D4B5A8A2C4B1A802B4B0A229A8224
S214004090294B9A8A284B5A80274B1422DA82264BC1
S2140040A0DA8A254B9A80244B1E221A83224B1A8BBF
S2140040B0214BDA80204B2D225A831F4B5A8B1E4BE6
S2140040C01A811D4B32229A831B4B9A8B1A4B5A81AC
S2140040D0194B3722DA83184BDA8B174B9A81164B1B
S2140040E03C221A84144B1A8C134BDA81124B412251
S2140040F05A84114B5A8C104B1A820F4B09229A8401
S2140041000D4B1322DA840C4B1D221A850A4B2C22E7
S2140041105A85094B31229A85074B3622DA85064B9B
S2140041203B221A86044B40225A86034B45229A8627
S214004130C046BD4680BDC0466803002080B582B03C
S21400414000AF0200FB1D1A70FB1D1B78082B16D84B
S2140041509A000D4BD3181B689F460C4B10E00C4B77
S2140041600EE00C4B0CE00C4B0AE00C4B08E00C4B42
S21400417006E00C4B04E00C4B02E00C4B00E00C4B52
S2140041801800BD4602B080BD14FA000014F7000007
S2140041905CF70000A4F70000F8F7000044F8000001
S2140041A090F80000DCF8000030F9000088F9000004
S2140041B0E4F9000090B587B000AF1723FB18002283
S2140041C01A70364B1B68002B0BD1344B1B68002B28
S2140041D005D1334B1800334B9847002359E0002392
S2140041E057E02E4B1B681B6B012B01D1012350E0BF
S2140041F02D4B1B68002B49D1EFF31083BB60BB68C7
S2140042003B610123FB60FB6883F31088274B1B6828
S2140042105A1C264B1A60214B1B6801221A63244B3A
S214004220984703001800234B984703001A001723EB
S214004230FB181A701723FB181B78002B16D11723B0
S214004240FC1803201C4B9847030023701B4A1723B7
S214004250FB181B7819000320194B98471723FB18E7
S2140042601B78002219000320164B98471723FB18CB
S2140042701B781800144B98470C4B1B685A1E0B4BA8
S2140042801A603B697B607B6883F31088034B1B686E
S2140042901B6B1800BD4607B090BDC046F803002053
S2140042A038FA000001540000580300205003002094
S2140042B0713E0000F13C0000E55000007CFA000072
S2140042C015530000754A00005D49000080B500AF38
S2140042D0024B9847C046BD4680BDC046B54100006B
S2140042E080B500AF084B1B68002B03D0064B1B683D
S2140042F000221A63054B1B68002B02D0034B1B6879
S2140043009847C046BD4680BDF803002060030020E5
S21400431090B589B000AF0200FB1D1A70FB1D1B781C
S214004320002B57D02E4B1B68002B55D0FB1D1B783F
S2140043300F2B04D92B4B18002B4B98474DE02B4BDB
S2140043401B68002B04D02A4B1800274B984744E0E4
S214004350EFF31083FB60FB68FB6101233B613B6965
S21400436083F31088214B1B685A1C204B1A60214B84
S2140043701B681B6B002B22D01A23FC181E4B180040
S2140043801E4B9847030023801923FB18FA1D12784A
S2140043901A701B4B984703007B617B69002B0ED07D
S2140043A07B6902221A707B691A22BA1812885A8010
S2140043B07B691922BA1812785A70124B98470B4B21
S2140043C01B685A1E094B1A60FB69BB60BB6883F307
S2140043D0108802E0C04600E0C046BD4609B090BD69
S2140043E020000020E4FD00000154000050030020DF
S2140043F024FE0000F8030020FFFF0000095600001E
S214004400B54F0000B155000080B58EB000AFF86023
S214004410B9607A60484B1B68002B00D188E07B6847
S214004420002B03DA7B685B427B6301E07B687B637F
S214004430EFF31083BB61BB693B630123FB61FB6940
S21400444083F310883D4B1B685A1C3C4B1A60BB68B4
S214004450002B05D03A4B1A687B68D218384B1A6086
S214004460354B1B681B6B002B57D0FF20354B9847EE
S21400447003001A002F23FB181A707B6B324A1900B0
S2140044801000324B984702002C23FB181A80304B42
S21400449098470300BB62BB6A002B3ED0BB6A2F2244
S2140044A0BA1812785A70BB6A00221A70BB6A2C229D
S2140044B0BA1812885A80274B9847BB68224A1900B8
S2140044C01000224B984702002623FB181A8025234B
S2140044D0FB1800221A701E4B984703003B623B6A8B
S2140044E0002B1AD03B6A2622BA1812885A803B6ADA
S2140044F02522BA1812785A70FB68DBB20133DAB29A
S2140045003B6A1A70FB68DAB2BB6A1A70114B98479E
S214004510094B1B680A4A12681A65084B1B685A1E24
S214004520064B1A603B6B7B617B6983F3108800E067
S214004530C046BD460EB080BDF803002050030020E4
S2140045406403002009560000FFFF0000D547000066
S214004550B54F0000B155000090B58BB000AFF860C5
S2140045607A600B23FB180A1C1A70FB68FE2B04D912
S214004570394B1800394B98476BE00B23FB181B7818
S214004580082B04D9364B1800344B984761E0354B5E
S2140045901A680B23FB181B786421D3185B181B784A
S2140045A01A007B689A4204D22F4B18002B4B984770
S2140045B04FE02E4B1B68002B04D02D4B1800274BCA
S2140045C0984746E02B4B1B78002B41D0EFF3108327
S2140045D07B617B697B620123BB61BB6983F31088C7
S2140045E0224B1B685A1C214B1A601E4B1B681B6B08
S2140045F0002B22D02223FC181F4B18001F4B984775
S214004600030023802123FB187A681A701C4B9847F6
S2140046100300FB61FB69002B0FD0FB692222BA184E
S21400462012885A80FB68DAB2FB691A70FB6921228D
S214004630BA1812785A70134B98470C4B1B685A1EC0
S2140046400A4B1A607B6A3B613B6983F3108800E083
S214004650C046BD460BB090BD94FE0000015400005D
S214004660CCFE0000F803002014FF000050030020DA
S2140046705CFF00005C030020FFFF000009560000FE
S214004680B54F0000B155000080B58AB000AFF860A5
S2140046907A603B600B23FB180A1C1A70FB68FE2B23
S2140046A004D9404B1800404B984777E00B23FB1883
S2140046B01B78082B04D93D4B18003B4B98476DE000
S2140046C03B4B1A680B23FB181B786421D3185B1826
S2140046D01B781A007B689A4204D2364B1800324B7D
S2140046E098475BE0344B1B68002B04D0334B180014
S2140046F02D4B984752E0EFF310837B617B697B621A
S2140047000123BB61BB6983F310882B4B1B685A1CC3
S214004710294B1A60264B1B681B6B002B34D0284B8A
S2140047201B78002B30D0FF20264B984703001A003A
S2140047302323FB181A703B681900FF20224B98476A
S21400474002002223FB181A702123FB187A681A70BD
S2140047501E4B98470300FB61FB69002B14D0FB69D6
S2140047602322BA181278DA70FB68DAB2FB691A707C
S214004770FB692122BA1812785A70FB692222BA18ED
S21400478012789A70124B98470B4B1B685A1E0A4BAE
S2140047901A607B6A3B613B6983F31088BD460AB0AA
S2140047A080BDC04694FF000001540000D4FF000006
S2140047B0F8030020240001005003002074000100CC
S2140047C05C03002009560000D5470000B54F0000E6
S2140047D0B155000080B584B000AF786039607B6862
S2140047E0FF2B09D07B68194A934205D0184B180056
S2140047F0184B98473B6824E03A687B689A4201D891
S2140048003B681EE0144B98470300FB60FB68002BD8
S21400481014D0FB6801221A707B68DB433A681340A9
S2140048201B0ADAB2FB685A707B68DB433A681340AF
S2140048301B0C9AB2FB685A80084B98473B687A680C
S21400484013401800BD4604B080BDC046FFFF000000
S214004850AC00010001540000B54F0000B155000047
S21400486080B58AB000AF786039602623FB18002236
S2140048701A807B68FE2B04D92D4B18002D4B9847C9
S21400488053E02D4B1B68002B04D02C4B1800294BF3
S21400489098474AE0EFF310833B613B693B62012394
S2140048A07B617B6983F31088234B1B685A1C224B61
S2140048B01A60234B1B681B6B002B2CD0214B1B78DC
S2140048C0002B28D0FF20204B984703001A001F23F8
S2140048D0FB181A703B681D4A190010001C4B9847BD
S2140048E002002623FB181A801A4B98470300BB6168
S2140048F0BB69002B0FD0BB691F22BA1812785A70FA
S2140049007B68DAB2BB691A70BB692622BA181288AD
S2140049105A80114B9847084B1B685A1E064B1A6064
S2140049203B6AFB60FB6883F31088BD460AB080BD17
S214004930E80001000154000050030020400101007F
S214004940F80300205C03002009560000FFFF00006B
S214004950D5470000B54F0000B155000090B589B0AE
S21400496000AF0200FB1D1A70FB1D1B780F2B04D92D
S214004970344B1800344B984761E0EFF31083FB602C
S214004980FB68FB6101233B613B6983F310882F4B77
S2140049901B685A1C2D4B1A602D4B1B78FA1D12787B
S2140049A09A4242D02B4B1B681B6B002B3DD02A4BE8
S2140049B000221A601A23FC18284B1800284B984728
S2140049C003002380224BFA1D12781A701923FB1855
S2140049D01F4A12781A70234B984703007B617B6945
S2140049E0002B22D01A4B1B78190003201E4B984729
S2140049F00300012B03D17B6907221A7002E07B6952
S214004A0006221A707B691A22BA1812885A807B69A5
S214004A101922BA1812785A700D4B1B780122190009
S214004A200320124B9847124B9847084B1B685A1E98
S214004A30064B1A60FB69BB60BB6883F31088BD46F3
S214004A4009B090BD78010100015400005003002019
S214004A505C030020F80300203C030020FFFF00005A
S214004A6009560000B54F0000594C0000B54B000039
S214004A70B155000090B583B000AF040008001100E7
S214004A80FB1D221C1A70BB1D021C1A707B1D0A1C03
S214004A901A70FB1D1B78082B04D91A4B18001A4BEA
S214004AA098472CE0194B1A68FB1D1B786421D31815
S214004AB05B181B78BA1D12789A4204D9144B18005A
S214004AC0114B98471BE0114B1C68FB1D1A78BB1D49
S214004AD01B78110018000F4B9847030018000B4B6B
S214004AE01A68FB1D1B787021D3185B181B78C31837
S214004AF001339C22E3189B187A1D12781A70BD4663
S214004B0003B090BD0C03010001540000F803002020
S214004B10580301000D50000090B583B000AF0200AE
S214004B20FB1D1A70BB1D0A1C1A70FB1D1B78082B78
S214004B3005D91B4B18001B4B984700232BE01A4B3C
S214004B401A68FB1D1B786421D3185B181B78BA1DE6
S214004B5012789A4205D9154B1800124B9847002335
S214004B6019E0114B1C68FB1D1A78BB1D1B78110041
S214004B7018000F4B9847030018000B4B1A68FB1DD4
S214004B801B787021D3185B181B78C31801339C223E
S214004B90E3189B181B781800BD4603B090BDC046AE
S214004BA09803010001540000F8030020E40301000C
S214004BB00D50000090B583B000AF0400080011004F
S214004BC0FB1D221C1A70BB1D021C1A707B1D0A1CC2
S214004BD01A70FB1D1B78082B04D91A4B18001A4BA9
S214004BE098472BE0194B1A68FB1D1B786421D318D5
S214004BF05B181B78BA1D12789A4204D9144B180019
S214004C00114B98471AE0114B1C68FB1D1A78BB1D08
S214004C101B78110018000F4B9847030018000B4B29
S214004C201A68FB1D1B787021D3185B181B78C318F5
S214004C309C22E3189B187A1D12781A70BD4603B0A2
S214004C4090BDC0462404010001540000F803002073
S214004C50680401000D50000090B583B000AF02005C
S214004C60FB1D1A70BB1D0A1C1A70FB1D1B78082B37
S214004C7005D91A4B18001A4B984700232AE0194BFF
S214004C801A68FB1D1B786421D3185B181B78BA1DA5
S214004C9012789A4205D9144B1800114B98470023F6
S214004CA018E0104B1C68FB1D1A78BB1D1B78110002
S214004CB018000E4B9847030018000A4B1A68FB1D95
S214004CC01B787021D3185B181B78C3189C22E31836
S214004CD09B181B781800BD4603B090BDA4040100C5
S214004CE001540000F8030020E80401000D50000005
S214004CF090B583B000AF0200FB1D1A70114B1B6805
S214004D0067229B5CFA1D12789A4204D90E4B180053
S214004D100E4B984713E00B4B1C68FB1D1B780321BA
S214004D2018000B4B984703001900064B1B687322AC
S214004D309B5CCB189C22E3189B1800221A70BD4679
S214004D4003B090BDF80300202405010001540000C4
S214004D500D50000080B500AF754B1B68002B03D1CB
S214004D60734B744A1A6006E0714B1B681B78DBB203
S214004D70012B00D1D8E0704B1A68704B1A606C4B50
S214004D801B686F4A002118006E4B9847684B1B68DB
S214004D906D4A9A81664B1B6805229A73644B1B68A2
S214004DA00022DA73624B1B68654A1A61604B1B6807
S214004DB0C82252009A615E4B1B68644A5A655C4B77
S214004DC01B6800229A655A4B1B6800225A63604B88
S214004DD09847574B1B685F4A5F499950544B1A686F
S214004DE0AC23DB00C8218900D150514B1B685B4ABD
S214004DF0012199504E4B1A6891231B015849D150F6
S214004E004B4B1B68574A9446634457495022180038
S214004E10564B9847464B1B68554A56499950444B43
S214004E201B68554A0A219954414B1B68534A0B216B
S214004E3099543F4B1B68524A0C2199543C4B1B68B3
S214004E40504A0D2199543A4B1A68FB231B017121D5
S214004E50D154374B1B684C4A72219954344B1B680B
S214004E604A4A73219954324B1B68494A7421995413
S214004E702F4B1B68474AF12199542D4B1B68464A15
S214004E80F22199542A4B1B68444AF3219954284B23
S214004E901B68434AF4219954424B9847244B1B689D
S214004EA0F422DA72224B1B68F3229A72204B1B689C
S214004EB0F2225A721E4B1B68F1221A721C4B1B6898
S214004EC07422DA711A4B1B6873229A71184B1B688E
S214004ED072225A71164B1B6871221A71144B1B688A
S214004EE00422DA70124B1B6803229A70104B1B6860
S214004EF002225A700E4B1B6801221A702A4B1B683E
S214004F00002B12D00A4B1B68164A9818264B1B68B3
S214004F1050221900154B9847054B1B68234A012160
S214004F209950234B984700E0C046BD4680BDC0461A
S214004F30F80300208839002018E000E040490020EF
S214004F40B80F000087E50000A11A0000F0F0F0F0AE
S214004F50D93E00005C050000F1F1F1F164050000A7
S214004F60F2F2F2F2140900006C050100CD520000C6
S214004F7064090000F3F3F3F3AC0F0000AD0F00007C
S214004F80AE0F0000AF0F0000B10F0000B20F000020
S214004F90B30F0000B40F0000B50F0000B60F0000FE
S214004FA0B70F000079400000580300200C090000ED
S214004FB0E142000080B500AF104B1B681B6B002B56
S214004FC001D1002316E00D4B1B68DA699023FF33EE
S214004FD09A4205D90A4B18000A4B9847002309E065
S214004FE0064B1A68054B1B68DB699B0006498C4616
S214004FF06344D3181800BD4680BDC046F8030020A1
S21400500080050100015400006809000080B582B0E8
S21400501000AF0200FB1D1A70BB1D0A1C1A70BB1DD8
S2140050201B78082B05D92A4B18002A4B98470023D3
S21400503049E0FB1D1B78002B0BD0274B1A68BB1DC5
S2140050401B786421D3185B181B78FA1D12789A42D5
S21400505005D9224B18001F4B9847002333E0BB1D91
S2140050601B78082B2AD8FB1D1B78002B26D01A4B42
S2140050701A68BB1D1B786421D3185B181B78FA1DB1
S21400508012789A421AD8144B1A68BB1D1B78403304
S2140050905B00D31808331A880F4B1968BB1D1B78A2
S2140050A07C20CB181B181B789BB2F91D0978013998
S2140050B089B24B439BB2D3189BB204E0084B18004E
S2140050C0044B984700231800BD4602B080BDC0467A
S2140050D0A805010001540000F8030020E8050100BF
S2140050E02806010080B588B000AF0200FB1D1A70CC
S2140050F05A4B1B68002B05D1594B1800594B984743
S2140051000023A7E0FB1D1B78082B05D9564B18007B
S214005110544B984700239DE0EFF31083FB60FB6839
S214005120BB6101233B613B6983F310884F4B1B68CF
S2140051305A1C4E4B1A60FB1D1A784D4B5200D35A20
S2140051401A004C4B1A604B4B1B68494A4821D3182F
S2140051505B181B78002B17D1464B1A68454B1B680B
S214005160D9B2FB1D1B78424808335B00C3180233D4
S2140051701B88DBB2CB1ADBB20133D8B23C4B4821DA
S2140051809B185B18021C1A703A4B1A681F23FB18F0
S214005190374948208A18121812781A70FB1D1A7898
S2140051A0334B5200D25AFB1D1B78314910335B003B
S2140051B0CB1804331B889A420DD9FB1D1B781800A8
S2140051C02D4B984703001800264B98471F23FB18C3
S2140051D000221A7031E0FB1D1B78254A59008A5AB6
S2140051E0013291B2224A5B009952FB1D1A78204B7D
S2140051F05200D35A1900FB1D1B781D4A08335B006A
S214005200D31802331B88CB1A7B61FB1D1B78184A08
S21400521018335B00D31806331B881A007B699A4242
S2140052200BDAFB1D1B787A69D2B291B2104A18339A
S2140052305B00D31806330A1C1A800C4B1B685A1ED8
S2140052400A4B1A60BB69BB60BB6883F310881F23D8
S214005250FB181B781800BD4608B080BDF803002078
S21400526088FA000001540000680601005003002080
S21400527068030020FC0300203D41000090B585B087
S21400528000AF0200FB1D1A70BB1D0A1C1A700E230D
S214005290FC18FB1D1A78BB1D1B7811001800094B63
S2140052A0984703002380084B1A680E23FB181B88B8
S2140052B09C21D3185B1801221A70C046BD4605B063
S2140052C090BDC0460D500000F803002080B586B0A3
S2140052D000AFF860B9607A6000237B6110E0FA687E
S2140052E07B69D318B9687A698A1812781A70BA680E
S2140052F07B69D3181B78002B07D07B6901337B6151
S2140053007A697B689A42EAD300E0C046C046BD464A
S21400531006B080BD80B582B000AF3A60FB1D021CAF
S2140053201A70BB1D0A1C1A703B68002B04D12A4B4E
S21400533018002A4B98474BE0FB1D1B78082B04D916
S214005340274B1800254B984742E0BB1D1B78002BC7
S21400535004D1244B1800214B984739E0224B1A6899
S214005360FB1D1B786421D3185B181B78BA1D1278B6
S2140053709A4209D9FB1D1B7818001C4B984703005E
S2140053801800164B984723E0FB1D1A78BB1D1B78A8
S21400539011001800164B984703001A00154B1A8088
S2140053A0154B1B68002B13D10F4B1A68114B1B882B
S2140053B09833D318181D0C4B1A68FB1D1B787021E8
S2140053C0D3185B181B781A003B6819000B4B9847DC
S2140053D0BD4602B080BDC0466C0701000154000007
S2140053E0A0070100D0070100F80300203D4100009F
S2140053F00D5000000004002058030020CD5200008D
S21400540080B582B000AF7860114B1B68002B01D0CE
S214005410104B9847104B1B68002B15D10E4B7A6823
S2140054201A600B4B1B68002B0ED0094B1B680B4AEF
S2140054309818094B1B6850221900094B9847044BD3
S2140054401B68084A01219950C046BD4602B080BD7F
S214005450F8030020E1420000580300201409000071
S214005460CD5200000C09000080B586B000AF0200E7
S214005470FB1D1A7000237B6100233B61FB1D1B781C
S214005480002B00D081E0454B1800454B984782E042
S214005490444B1B68DA697B69D3183B61414B1A6839
S2140054A03B699B004049D3185B181B78982B31D971
S2140054B03C4B1A683B699B003B49D3185B181B782A
S2140054C0A72B27D8374B1A683B699B003649D31859
S2140054D05B181A780F23FB1868321A700F23FB1814
S2140054E01A783B69D2182F4B1B689B699A4248D2A0
S2140054F02C4B1A683B699B002B498C466344D0189A
S2140055000F23FB181B7801339B001A000021274B42
S214005510984736E0234B1A683B699B002249D3180C
S2140055205B181B78012B2DD13B695A1C1D4B1B6841
S2140055309B699A420DD21B4B1A683B699B001A491D
S2140055408C466344D318082200211800174B98474E
S21400555018E0144B1B68144A944663440422002146
S2140055601800124B98470F4B1A683B699B000E4970
S2140055708C466344D3180422002118000B4B98472E
S21400558000E0C0467B6901337B61FB1D1A787B69AE
S2140055909A4200D97CE7BD4606B080BD30080100BF
S2140055A001540000F80300206809000087E50000A9
S2140055B080B500AF124B1B681B6B002B1CD0104B2A
S2140055C01B685A6901325A610D4B1B68DA69013251
S2140055D0DA610B4B1B68DA699023FF339A4207D9CE
S2140055E0074B1B6801221A62054B1B680022DA6112
S2140055F00120044B984700E0C046BD4680BDC0462B
S214005600F803002069540000B0B586B000AF020071
S214005610BB1D1A8000237B6100233B610023FB60D7
S214005620BB1D1B88FF2B0AD0BB1D1B88604A9342FC
S21400563005D0604B1800604B98470023B3E05F4BE3
S2140056401B685B6A002B18D15D4B1B68002B06D0CD
S2140056505A4B1B685A4A126892085A620DE0594B18
S2140056601A68594B1B689A4207D0544B1C68002096
S214005670564B984703009B0863620C23FB181800E0
S214005680534B9847FA68534B1B68D31A3B61FA682A
S214005690504B1A60494B1B685B6A002B44D0474B43
S2140056A01B685A6A3B699A421ED2444B1C68434B9D
S2140056B01B68DD6A414B1B685A6A474B1100386904
S2140056C098470300EB18E3623C4B1C683B4B1B6897
S2140056D09D6A3A4B1B68596A3A69404B10009847D6
S2140056E00B00EB18A36207E0344B1B68334A1268C2
S2140056F0916A3A698A189A62304B1B689A6A2F4BED
S2140057001B685B6A9A4213D32C4B1B68DA6A013219
S214005710DA622A4B1B68294A1268916A274A12687D
S214005720526A8A1A9A6203E0244B1B68FA689A62E5
S214005730BB1D1A883B699A422FD2294B9847030013
S2140057407B617B69002B28D0BB1D1B88184A9342BF
S2140057500BD17B69A9221A703B691B0C9AB27B6934
S2140057605A807B6900225A7015E0BB1D1B88FF2BF0
S2140057700DD17B69A8221A703B691B0A9AB27B6915
S2140057805A803B691B0EDAB27B695A7003E0154BF0
S2140057901800094B9847144B98473B699BB2BA1DB3
S2140057A0128813409BB21800BD4606B0B0BDC04676
S2140057B0FFFF00008808010001540000F8030020E5
S2140057C05403002018E000E0404900208DBD000092
S2140057D0ED5700000404002015C7000021C8000093
S2140057E0B54F0000C8080100B155000080B584B070
S2140057F000AF78600023BB600023FB602D4B1B6866
S214005800012B07D17B68002B4FD02B4B1A687B6887
S2140058101A604AE0294B1A68294B1B68D31A0133D1
S214005820BB60284B1A68284B1B68D31A013B002B19
S21400583003DB244B1B68FB6002E0234B1B68FB600A
S214005840204B1B68FA689A4207D1204B1B68BA683F
S2140058509A4202D2FB680133FB607B68002B16D0AD
S214005860164B1B6801339B08FA685A43124B1A60A2
S214005870124B1B68013303221340FA685A43BB6875
S214005880D3189A080C4B1B68D2180B4B1A600D4B9A
S214005890FA681A607B68002B03D0074B1A687B688F
S2140058A01A600A4BBA681A6000E0C046BD4604B0EB
S2140058B080BDC046440300204803002014E000E0FA
S2140058C018E000E008040020400300200C0400203C
S2140058D080B582B000AF78607B6808331A007B68BA
S2140058E05A607B68012252429A607B6808331A002D
S2140058F07B68DA607B6808331A007B681A617B680D
S21400590000221A60C046BD4602B080BD80B582B097
S21400591000AF78607B6800221A61C046BD4602B0C0
S21400592080BD80B584B000AF786039607B685B6806
S214005930FB603B68FA685A60FB689A683B689A6046
S214005940FB689B683A685A60FB683A689A603B68EE
S2140059507A681A617B681B685A1C7B681A60C046A6
S214005960BD4604B080BD80B584B000AF78603960B5
S2140059703B681B68BB60BB68013303D17B681B694F
S214005980FB600CE07B680833FB6002E0FB685B684A
S214005990FB60FB685B681A68BB689A42F6D9FB68CE
S2140059A05A683B685A603B685B683A689A603B682E
S2140059B0FA689A60FB683A685A603B687A681A61C7
S2140059C07B681B685A1C7B681A60C046BD4604B0DC
S2140059D080BD80B584B000AF78607B681B69FB60D3
S2140059E07B685B687A6892689A607B689B687A686E
S2140059F052685A60FB685A687B689A4203D17B6893
S214005A009A68FB685A607B6800221A61FB681B680C
S214005A105A1EFB681A60FB681B681800BD4604B077
S214005A2080BD000080B584B000AFF860B9607A60D1
S214005A30FB68043BFB60FB68802252041A60FB682C
S214005A40043BFB60BA68FB681A60FB68043BFB60BB
S214005A50084AFB681A60FB68143BFB607A68FB68C0
S214005A601A60FB68203BFB60FB681800BD4604B06C
S214005A7080BDC046795A000080B582B000AF0023D2
S214005A807B60074B1B68013301D072B6FEE772B627
S214005A90C0467B68002BFCD0C046BD4602B080BD29
S214005AA02800002080B500AFC046BD4680BD00007F
S214005AB00B4A13681868203080F30988022080F3A8
S214005AC01488BFF36F8F3FBCAE4608BC04BC62B6FA
S214005AD01847C046C046C046C046C046C046C04638
S214005AE0E0360020C046C04680B500AF0E4B0E4ADA
S214005AF01268FF2109040A431A600B4B0A4A12680F
S214005B00FF2109060A431A60084B9847084B0022F3
S214005B101A60084B9847084B9847084B984700234D
S214005B201800BD4680BDC04620ED00E0495C000080
S214005B3028000020B15A00009D810000795A00001C
S214005B4080B500AF034B802252051A60C046BD46A2
S214005B5080BDC04604ED00E080B500AF72B6064BCF
S214005B601B685A1C044B1A60BFF34F8FBFF36F8F2E
S214005B70C046BD4680BDC0462800002080B500AFA8
S214005B80094B1B68002B01D172B6FEE7064B1B685B
S214005B905A1E054B1A60044B1B68002B00D162B6D8
S214005BA0C046BD4680BDC04628000020EFF31080EA
S214005BB072B67047C046180080F310887047C0461B
S214005BC0EFF309800E4B1A6820381060F0C0444688
S214005BD04D4656465F46F0C008B572B602F0DEFA8D
S214005BE062B60CBC116808681030F0C8A046A9461A
S214005BF0B246BB4680F309882038F0C81847C0462E
S214005C00E0360020C046C04680B582B000AF0A4BE2
S214005C10984703007B60094B9847031E03D0084B48
S214005C20802252051A607B681800064B9847C046CB
S214005C30BD4602B080BDC046AD5B0000AD7F000033
S214005C4004ED00E0B95B0000B0B500AF0B4B0022DE
S214005C501A600B4B00221A600A4C00200A4B984729
S214005C600A4BFA22910098470300013B2360034B3E
S214005C7007221A60C046BD46B0BDC04610E000E030
S214005C8018E000E014E000E08DBD000015C700003D
S214005C9080B584B000AF78600023FB607B68072285
S214005CA0134004D07B680722934308337B60214B64
S214005CB09847214B1B68002B05D1204B07229343A6
S214005CC01A001D4B1A601E4B1A687B68D3181D4AB3
S214005CD0934213D81A4B1A687B68D218184B1B6865
S214005CE09A420BD9144B1A68154B1B68D318FB60E5
S214005CF0134B1A687B68D218114B1A60FB68002B8E
S214005D0006D0FB687A68190094200F4B984705E088
S214005D10FB687A681900E8200B4B98470B4B9847AE
S214005D20FB68002B01D10A4B9847FB681800BD465C
S214005D3004B080BD097E0000DC3600201804002078
S214005D40D8360020BF32000009440000217E000043
S214005D50E5C6000080B582B000AF78607B68002B97
S214005D6001D072B6FEE7C046BD4602B080BD000058
S214005D7080B500AF034B1B68CB229201D31A1800E4
S214005D80BD4680BDD836002080B584B000AF7860B0
S214005D9039607B68FB60FB68002B01D172B6FEE7BA
S214005DA0234B9847FB681A68FB68D96BFB681B6C2B
S214005DB04B43D218FB685A60FB6800229A63FB6864
S214005DC01A68FB689A60FB681A68FB68DB6B591EEA
S214005DD0FB681B6C4B43D218FB68DA60FB684422F6
S214005DE0FF219954FB684522FF2199543B68002BFC
S214005DF00DD1FB681B69002B13D0FB68103318000D
S214005E000C4B9847031E0CD00B4B984709E0FB68D9
S214005E1010331800094B9847FB6824331800074BCB
S214005E209847074B984701231800BD4604B080BD2D
S214005E30595B0000E1830000415B0000D158000080
S214005E407D5B000090B58BB002AFF860B960FB1DBB
S214005E501A70FB68002B01D172B6FEE7BB68002BF8
S214005E6002D10023FB6103E0FB68BA685343FB6181
S214005E70FB6954331800194B98470300BB61BB6994
S214005E80002B0DD0BB6954337B61FB1D1C787A69EF
S214005E90B968F868BB6900932300114CA04717E067
S214005EA0104B9847030018000F4B984703001A0042
S214005EB00E4B1B8813409BB2002B09D0FB1D1B7892
S214005EC00B4AD35C4033DBB200211800094B9847DD
S214005ED0BB691800BD4609B090BDC046915C000085
S214005EE0F95E0000713E0000113D00002400002015
S214005EF01800002061480000B0B584B000AFF8601C
S214005F00B9607A601A00FB1C1A70BB68002B03D1BC
S214005F103B6A3A6A1A6002E03B6A7A681A603B6A31
S214005F20FA68DA633B6ABA681A643B6A01211800A9
S214005F30414B98473B6AFA1C502112785A543B6AE8
S214005F4000229A643B6A18003C4B984703001A00EC
S214005F503B4B9B5C18003B4B984703009AB23B6A4E
S214005F6011001800384B9847384B1A883B6A1100C6
S214005F701800374B98473B6A1800304B9847030089
S214005F801A002F4B9C5C3B6A1800324B9847030064
S214005F90DBB219002000304B9847304B984703007F
S214005FA018002F4B984703001A002E4B1B881340EF
S214005FB09BB2002B29D03B6A18002B4B9847030056
S214005FC01A00284B1B8813409BB2002B1DD03B6A3F
S214005FD018001A4B984703001A00194B9B5C18339D
S214005FE0DBB21D003B6A1800144B984703001A00EA
S214005FF0134B9C5C3B6A1800164B98470300DBB2B9
S2140060001A0021002800194B98473B6A18000B4BD2
S214006010984703001A000A4B9C5C3B6A18000D4B1D
S21400602098470300DBB2002219002000104B984767
S214006030C046BD4604B0B0BD895D0000D13C00003E
S21400604018000020E5500000F53D00002600002066
S214006050313E0000B13D00007D520000713E000060
S214006060113D000024000020D13D000059450000ED
S214006070B54B000090B583B000AF78607B68002B0E
S2140060800ED07B6800225A607B6800221A607B680C
S2140060900022DA607868002300220021024CA04724
S2140060A0C046BD4603B090BDED60000080B586B02A
S2140060B000AF0200FB1D1A7001237B6100233B61C9
S2140060C0FB1D1A7839697B691800064B9847030050
S2140060D0FB60FB681800044B9847FB681800BD4639
S2140060E006B080BD455E000075600000B0B58AB0A1
S2140060F000AFF860B9607A603B6000237B62FB68A3
S2140061003B623B6A002B01D172B6FEE7BB68002BF0
S21400611003D13B6A1B6C002B01D1012300E0002356
S214006120002B01D172B6FEE73B68022B03D13B6A17
S214006130DB6B012B01D1012300E00023002B01D1F2
S21400614072B6FEE7BC4B9847031E02D17B68002B55
S21400615001D1012300E00023002B01D172B6FEE737
S214006160B64B98473B6A9A6B3B6ADB6B9A4203D303
S2140061703B68022B00D08EE0B14B98470300180016
S214006180B04B984703001A00AF4B1B8813409BB2D6
S214006190002B2ED03B6A1800AC4B984703001A0021
S2140061A0A94B1B8813409BB2002B22D03B68002BC8
S2140061B00BD13B6A1800A64B984703001A00A54B64
S2140061C09B5C2033DBB21D0000E025253B6A1800EF
S2140061D09F4B984703001A009E4B9C5C3B6A180036
S2140061E09D4B98470300DBB21A00210028009B4B0A
S2140061F098473B6A1800964B984703001A00954B41
S2140062009C5C3B6A1800944B98470300DDB23B6ADF
S21400621018008F4B984703001A008E4B9B5C022B8E
S21400622005D03B6A9B6BDBB20133DBB200E0002398
S2140062301A00290020008A4B98473A68B9683B6ADA
S2140062401800884B98470300FB613B6A9B6C002B49
S2140062500AD03A683B6A11001800834B9847031E21
S21400626015D0824B984712E03B6A5B6A002B09D038
S2140062703B6A243318007E4B9847031E07D07B4B9F
S214006280984704E0FB69002B01D0784B9847794B80
S2140062909847012342E17B68002B40D1754B984715
S2140062A0674B984703001800664B984703001A0090
S2140062B0654B1B8813409BB2002B2ED03B6A180000
S2140062C0624B984703001A005F4B1B8813409BB233
S2140062D0002B22D03B68002B0BD13B6A18005C4B8E
S2140062E0984703001A005B4B9B5C4833DBB21D00EB
S2140062F000E04D253B6A1800554B984703001A00EE
S214006300544B9C5C3B6A1800534B98470300DBB227
S2140063101A0021002800514B98470023FEE07B6AB4
S214006320002B06D11423FB181800534B9847012363
S2140063307B62504B9847514B9847404B98473B6A77
S21400634044229B5C5BB2013303D13B6A44220021AA
S21400635099543B6A45229B5C5BB2013303D13B6A8E
S214006360452200219954434B98473A1D1423FB18A5
S21400637011001800424B9847031E00D08AE03B6A83
S2140063801800404B9847031E4FD02D4B98470300EC
S21400639018002C4B984703001A002B4B1B88134001
S2140063A09BB2002B2ED03B6A1800284B9847030060
S2140063B01A00254B1B8813409BB2002B22D03B684B
S2140063C0002B0BD13B6A1800214B984703001A009C
S2140063D0204B9B5C7033DBB21D0000E075253B6AEA
S2140063E018001B4B984703001A001A4B9C5C3B6A2C
S2140063F01800194B98470300DBB21A00210028004A
S214006400164B98473B6A10337A68110018001E4BEB
S21400641098473B6A18001D4B98471D4B9847031E2C
S21400642000D09DE6114B98479AE63B6A1800174B3A
S2140064309847174B984793E6BD870000595B0000C6
S214006440713E0000113D000024000020D13D0000F8
S214006450D13C000018000020B13D00005945000066
S214006460B54B00002573000029760000415B000054
S214006470E18300007D5B0000DD840000097E0000F3
S2140064800585000079750000BD8200005574000087
S214006490217E00003B6A1800224B9847224B984703
S2140064A0224B984703001800214B984703001A0018
S2140064B0204B1B8813409BB2002B2ED03B6A180043
S2140064C01D4B984703001A001A4B1B8813409BB2BB
S2140064D0002B22D03B68002B0BD13B6A1800174BD1
S2140064E0984703001A00164B9B5C4833DBB21D002E
S2140064F000E04D253B6A1800104B984703001A0031
S2140065000F4B9C5C3B6A18000E4B98470300DBB2AF
S2140065101A00210028000C4B984700231800BD469F
S2140065200AB0B0BD55740000217E0000713E000028
S214006530113D000024000020D13D0000D13C0000A9
S21400654018000020B13D000059450000B0B588B0E5
S21400655000AFF860B9607A603B60FB68BB61BB69FE
S214006560002B01D172B6FEE7BB68002B03D1BB69D6
S2140065701B6C002B01D1012300E00023002B01D16E
S21400658072B6FEE73B68022B03D1BB69DB6B012BBF
S21400659001D1012300E00023002B01D172B6FEE7F3
S2140065A0684B984703007B61BB699A6BBB69DB6BE2
S2140065B09A4203D33B68022B00D088E01323FB18D3
S2140065C0BA694521525C1A70BB6918005E4B984741
S2140065D003001A005D4B1B8813409BB2002B22D091
S2140065E03B68002B0BD1BB691800594B984703003A
S2140065F01A00584B9B5C3033DBB21D0000E035259B
S214006600BB691800524B984703001A00514B9C5C1C
S214006610BB691800504B98470300DBB21A002100F4
S21400662028004E4B9847BB691800494B9847030013
S2140066301A00484B9C5CBB691800474B9847030000
S214006640D9B2BB699B6BDBB20133DBB21A00200008
S214006650434B98473A68B968BB691800414B98475E
S2140066601323FB181B785BB2013324D1BB699B6CE8
S214006670002B0ED03A68BB69110018003A4B9847B9
S214006680031E21D07B68002B1ED07B6801221A6077
S2140066901AE0BB695B6A002B16D0BB69243318006E
S2140066A0324B9847031E0FD07B68002B0CD07B68BC
S2140066B001221A6008E01323FB181B780133DBB2B3
S2140066C059B2BB69452299540123FB6130E0BB698E
S2140066D018001D4B984703001A001C4B1B881340DC
S2140066E09BB2002B22D03B68002B0BD1BB69180055
S2140066F0174B984703001A00164B9B5C5833DBB2C7
S2140067001D0000E05D25BB691800114B984703008B
S2140067101A00104B9C5CBB6918000F4B984703008F
S214006720DBB21A00210028000C4B98470023FB61BF
S2140067307B6918000E4B9847FB691800BD4608B0E9
S214006740B0BDC046AD5B0000D13D00002400002077
S214006750D13C000018000020B13D00005945000063
S214006760B54B00002573000029760000E183000089
S214006770B95B000080B582B000AF786039603968D8
S2140067807B6800221800034B984703001800BD469C
S21400679002B080BD99670000B0B58AB000AFF8605F
S2140067A0B9607A60FB683B623B6A002B01D172B627
S2140067B0FEE73B6A1B6C002B01D072B6FEE73B6A15
S2140067C01B68002B03D13B6A5B68002B01D10123B9
S2140067D000E00023002B01D172B6FEE7664B984717
S2140067E00300FB613B6A9B6BBB613B6ADA6BBB6970
S2140067F09A4200D885E01723FB183A6A4521525C76
S2140068001A703B6A18005D4B984703001A005C4BF1
S2140068101B8813409BB2002B22D07B68002B0BD129
S2140068203B6A1800574B984703001A00564B9B5C70
S2140068303033DBB21D0000E035253B6A1800514BB3
S214006840984703001A00504B9C5C3B6A18004F4B5D
S21400685098470300DBB21A00210028004C4B9847EB
S2140068603B6A1800474B984703001A00464B9C5C4F
S2140068703B6A1800454B98470300D9B23B6A9B6BAE
S214006880DBB20133DBB21A002000424B9847BB69EB
S2140068905A1C3B6A9A631723FB181B785BB20133BA
S2140068A023D13B6A9B6C002B0DD03B6A002118005D
S2140068B0394B9847031E21D0BB68002B1ED0BB68FF
S2140068C001221A601AE03B6A5B6A002B16D03B6A0C
S2140068D024331800314B9847031E0FD0BB68002B9B
S2140068E00CD0BB6801221A6008E01723FB181B783F
S2140068F00133DBB259B23B6A4522995401237B62CD
S21400690030E03B6A18001D4B984703001A001C4BEA
S2140069101B8813409BB2002B22D07B68002B0BD128
S2140069203B6A1800174B984703001A00164B9B5CEF
S2140069305833DBB21D0000E05D253B6A1800114BA2
S214006940984703001A00104B9C5C3B6A18000F4BDC
S21400695098470300DBB21A00210028000C4B98472A
S21400696000237B62FB6918000D4B98477B6A180072
S214006970BD460AB0B0BDC046AD5B0000D13D0000CC
S21400698024000020D13C000018000020B13D00008B
S21400699059450000B54B000029760000E183000051
S2140069A0B95B0000B0B58AB000AFF860B9607A6035
S2140069B000237B62FB683B623B6A002B01D172B608
S2140069C0FEE7BB68002B03D13B6A1B6C002B01D192
S2140069D0012300E00023002B01D172B6FEE7BF4B77
S2140069E09847031E02D17B68002B01D1012300E0EB
S2140069F00023002B01D172B6FEE7B94B98473B6ADD
S214006A009B6BFB61FB69002B00D17DE0BA683B6A9B
S214006A1011001800B34B9847B34B98470300180073
S214006A20B24B984703001A00B14B1B8813409BB229
S214006A30002B29D03B6A1800AE4B984703001A007B
S214006A40AB4B1B8813409BB2002B1DD03B6A180033
S214006A50A94B984703001A00A84B9B5C2833DBB26F
S214006A601D003B6A1800A44B984703001A00A34B6E
S214006A709C5C3B6A1800A24B98470300DBB21A00E6
S214006A80210028009F4B98473B6A18009A4B98476E
S214006A9003001A00994B9C5C3B6A1800984B984779
S214006AA00300DDB23B6A1800934B984703001A00B8
S214006AB0924B9B5C022B08D18B4B98470300180027
S214006AC0914B98470300DBB204E03B6A9B6BDBB25A
S214006AD0013BDBB21A00290020008C4B9847FB696B
S214006AE05A1E3B6A9A633B6A1B69002B08D03B6AB6
S214006AF010331800864B9847031E01D0854B9847E5
S214006B00854B984701235FE17B68002B3BD1824B86
S214006B109847754B984703001800744B9847030036
S214006B201A00734B1B8813409BB2002B29D03B6A7C
S214006B301800704B984703001A006D4B1B881340D3
S214006B409BB2002B1DD03B6A18006B4B9847030086
S214006B501A006A4B9B5C5033DBB21D003B6A180080
S214006B60654B984703001A00644B9C5C3B6A180010
S214006B70634B98470300DBB21A0021002800614BE4
S214006B809847002320E17B6A002B06D11423FB18CC
S214006B901800624B984701237B625F4B9847604B17
S214006BA098474F4B98473B6A44229B5C5BB2013345
S214006BB003D13B6A4422002199543B6A45229B5CE0
S214006BC05BB2013303D13B6A452200219954524BF4
S214006BD098473A1D1423FB1811001800514B98478C
S214006BE0031E00D0AAE03B6A18004F4B9847031ECE
S214006BF06DD03D4B9847030018003C4B9847030068
S214006C001A003B4B1B8813409BB2002B29D03B6AD3
S214006C101800384B984703001A00354B1B88134062
S214006C209BB2002B1DD03B6A1800334B98470300DD
S214006C301A00324B9B5C6833DBB21D003B6A1800BF
S214006C402D4B984703001A002C4B9C5C3B6A18009F
S214006C502B4B98470300DBB21A0021002800294B73
S214006C6098473B6A1800244B984703001A00234BAA
S214006C709B5C022B18D01C4B9847030018001B4B3C
S214006C80984703001A001A4B1B8813409BB2002B30
S214006C900AD0154B9847030018001B4B9847030073
S214006CA0DBB21800214B98473B6A24337A68110000
S214006CB018001F4B98473B6A18001E4B98471E4B00
S214006CC09847031E00D098E6124B984795E63B6A15
S214006CD01800184B9847184B98478EE6BD8700005B
S214006CE0595B000005740000713E0000113D000075
S214006CF024000020D13D0000D13C000018000020F8
S214006D00B13D000059450000F13C0000B54B0000C5
S214006D10E1830000415B00007D5B0000DD84000035
S214006D20097E00000585000045750000F14C000056
S214006D30BD82000055740000217E00003B6A1800EA
S214006D40234B9847234B98473B6A1800224B98479B
S214006D50031E00D151E6214B984703001800204B34
S214006D60984703001A001F4B1B8813409BB2002B4A
S214006D7029D03B6A18001C4B984703001A00194B91
S214006D801B8813409BB2002B1DD03B6A1800174B84
S214006D90984703001A00164B9B5C5033DBB21D006D
S214006DA03B6A1800114B984703001A00104B9C5C76
S214006DB03B6A18000F4B98470300DBB21A0021000D
S214006DC028000D4B984700231800BD460AB0B0BDFA
S214006DD055740000217E000045750000713E0000DD
S214006DE0113D000024000020D13D0000D13C0000F1
S214006DF018000020B13D000059450000B0B58AB02B
S214006E0000AF7860396000237B627B68FB610023FB
S214006E103B62FB69002B01D172B6FEE7FB691B6C77
S214006E20002B01D072B6FEE7CB4B9847031E02D16B
S214006E303B68002B01D1012300E00023002B01D189
S214006E4072B6FEE7C54B9847FB699B6BBB61BB6997
S214006E50002B00D180E0C24B984703001800C14BBE
S214006E60984703001A00C04B1B8813409BB2002BA8
S214006E7029D0FB691800BD4B984703001A00BA4B8F
S214006E801B8813409BB2002B1DD0FB691800B84B23
S214006E90984703001A00B74B9B5C2833DBB21D00F3
S214006EA0FB691800B24B984703001A00B14B9C5C74
S214006EB0FB691800B04B98470300DBB21A002100AC
S214006EC02800AE4B9847FB691800A94B984703006B
S214006ED01A00A84B9C5CFB691800A74B9847030058
S214006EE0DDB2FB691800A24B984703001A00A14BBD
S214006EF09B5C022B08D19A4B984703001800A04BC6
S214006F0098470300DBB204E0FB699B6BDBB2013BF6
S214006F10DBB21A00290020009A4B9847BB695A1E1C
S214006F20FB699A63FB691B68002B04D1964B984754
S214006F300200FB695A60FB691B69002B08D0FB69DD
S214006F4010331800914B9847031E01D0904B98477A
S214006F50904B984701238BE13B68002B40D13B6A5E
S214006F60002B01D072B6FEE78A4B98477C4B9847B9
S214006F70030018007B4B984703001A007A4B1B88C7
S214006F8013409BB2002B29D0FB691800774B98471B
S214006F9003001A00744B1B8813409BB2002B1DD0B5
S214006FA0FB691800724B984703001A00714B9B5CF4
S214006FB05033DBB21D00FB6918006D4B9847030089
S214006FC01A006C4B9C5CFB6918006B4B98470300DF
S214006FD0DBB21A0021002800684B9847002347E1DF
S214006FE07B6A002B06D10C23FB1818006A4B9847C7
S214006FF001237B62674B9847684B9847574B9847E7
S214007000FB6944229B5C5BB2013303D1FB694422DB
S21400701000219954FB6945229B5C5BB2013303D186
S214007020FB694522002199545A4B98473A000C2395
S214007030FB18110018005A4B9847031E00D0BDE0FD
S214007040FB691800574B9847031E00D17CE0444B61
S214007050984703001800434B984703001A00424B1A
S2140070601B8813409BB2002B29D0FB6918003F4BAE
S214007070984703001A003C4B1B8813409BB2002B1A
S2140070801DD0FB6918003A4B984703001A00394B8D
S2140070909B5C6833DBB21D00FB691800344B9847D5
S2140070A003001A00334B9C5CFB691800324B984770
S2140070B00300DBB21A0021002800304B9847FB691A
S2140070C018002B4B984703001A002A4B9B5C022B98
S2140070D018D0234B984703001800224B984703000C
S2140070E01A00214B1B8813409BB2002B0AD01C4B66
S2140070F0984703001800224B98470300DBB218009D
S214007100294B9847FB691B68002B0AD1134B9847FD
S214007110FB695B681800254B984703003B621D4BD4
S2140071209847FB6924333A6811001800204B9847AB
S214007130FB6918001F4B98471F4B9847031E00D04B
S21400714080E6134B98477DE6FB691800194B984775
S214007150194B984776E6C046BD870000595B00008D
S214007160713E0000113D000024000020D13D0000CB
S214007170D13C000018000020B13D00005945000039
S214007180F13C0000B54B0000898C0000E183000054
S214007190415B00007D5B0000DD840000097E00008E
S2140071A00585000045750000F14C0000F5870000DD
S2140071B0BD82000055740000217E0000FB691800A7
S2140071C02D4B98472D4B9847FB6918002C4B98473A
S2140071D0031E00D136E63B6A002B10D0294B984799
S2140071E0FB691800284B984703007B61FB695B68C6
S2140071F07A6911001800254B9847254B9847254B70
S214007200984703001800244B984703001A00234BA6
S2140072101B8813409BB2002B29D0FB691800204B1B
S214007220984703001A001D4B1B8813409BB2002B87
S2140072301DD0FB6918001B4B984703001A001A4B19
S2140072409B5C5033DBB21D00FB691800154B98475A
S21400725003001A00144B9C5CFB691800134B9847FC
S2140072600300DBB21A0021002800114B98470023C8
S2140072701800BD460AB0B0BD55740000217E00005F
S21400728045750000595B0000F7720000ED8A0000AB
S2140072907D5B0000713E0000113D000024000020D0
S2140072A0D13D0000D13C000018000020B13D000098
S2140072B05945000080B582B000AF78607B68DB6C13
S2140072C01800BD4602B080BD80B582B000AF7860C1
S2140072D039607B683A68DA64C046BD4602B080BD55
S2140072E080B582B000AF78607B6850229B5C180047
S2140072F0BD4602B080BD80B584B000AF78607B68C4
S2140073005B6A002B06D07B681B6B1B680522D31AB2
S214007310FB6001E00023FB60FB681800BD4604B07C
S21400732080BD000080B586B000AFF860B9607A60B6
S21400733000237B61FB689B6B3B61FB681B6C002B2F
S2140073400ED1FB681B68002B4ED1FB685B681800EB
S2140073502A4B984703007B61FB6800225A6043E093
S2140073607B68002B19D1FB689868FB681A6CBB68B1
S2140073701900234B9847FB689A68FB681B6CD21869
S214007380FB689A60FB689A68FB685B689A422BD336
S214007390FB681A68FB689A6026E0FB68D868FB689A
S2140073A01A6CBB681900164B9847FB68DA68FB68CE
S2140073B01B6C5B42D218FB68DA60FB68DA68FB6815
S2140073C01B689A4207D2FB685A68FB681B6C5B42D4
S2140073D0D218FB68DA607B68022B05D13B69002B6C
S2140073E002D03B69013B3B613B695A1CFB689A63D0
S2140073F07B691800BD4606B080BDC0468589000082
S21400740075E5000080B582B000AF786039607B68B3
S2140074101B6C002B18D07B68DA687B681B6CD21854
S2140074207B68DA607B68DA687B685B689A4203D3BD
S2140074307B681A687B68DA607B68D9687B681A6C38
S2140074403B681800024B9847C046BD4602B080BD58
S21400745075E5000080B584B000AF7860344B98477F
S2140074600F23FB187A684521525C1A7022E07B686D
S2140074709B6C002B09D07B68002118002D4B984789
S214007480031E0FD02C4B98470CE07B685B6A002BE2
S21400749017D07B6824331800284B9847031E01D06A
S2140074A0254B98470F23FB181B78013BDAB20F23B6
S2140074B0FB181A700F23FB181B785BB2002BD6DC68
S2140074C000E0C0467B684522FF2199541C4B984734
S2140074D0174B98470E23FB187A684421525C1A70A3
S2140074E014E07B681B69002B17D07B6810331800EC
S2140074F0124B9847031E01D00F4B98470E23FB18DC
S2140075001B78013BDAB20E23FB181A700E23FB1809
S2140075101B785BB2002BE4DC00E0C0467B684422AC
S214007520FF219954064B9847C046BD4604B080BD1F
S214007530595B000029760000B1850000E183000059
S2140075407D5B000080B584B000AF7860084B98473C
S2140075507B689B6B002B02D10123FB6001E00023BC
S214007560FB60044B9847FB681800BD4604B080BD1E
S214007570595B00007D5B000080B584B000AF78608A
S214007580094B98477B689A6B7B68DB6B9A4202D103
S2140075900123FB6001E00023FB60044B9847FB6877
S2140075A01800BD4604B080BD595B00007D5B00003E
S2140075B080B586B000AFF860B9607A60FB687B6122
S2140075C0154B98477B6944229B5C5BB2013303D121
S2140075D07B694422002199547B6945229B5C5BB2FF
S2140075E0013303D17B694522002199540B4B984700
S2140075F07B699B6B002B06D17B6924337A68B9685C
S2140076001800074B98477B691800064B9847C046FA
S214007610BD4606B080BDC046595B00007D5B0000DD
S2140076200183000055740000B0B586B000AF7860E6
S21400763039607B689B6C3B6100237B613B69002B58
S21400764001D172B6FEE73B699A6B3B69DB6B9A42E7
S21400765001D372B6FEE73B699A6B3B69DB6B9A42D5
S21400766000D38BE00F23FB183A694521525C1A7051
S214007670454B984703001800444B984703001A00F0
S214007680434B1B8813409BB2002B2ED03B6918003F
S214007690404B984703001A003D4B1B8813409BB293
S2140076A0002B22D03B68002B0BD13B6918003A4BCD
S2140076B0984703001A00394B9B5C2033DBB21D0051
S2140076C000E025253B691800334B984703001A0055
S2140076D0324B9C5C3B691800314B98470300DBB289
S2140076E01A00210028002F4B98473B6918002A4BA8
S2140076F0984703001A00294B9C5C3B691800284BEE
S21400770098470300DDB23B691800234B98470300F7
S2140077101A00224B9B5C022B05D03B699B6BDBB2AD
S2140077200133DBB200E000231A00290020001E4BC4
S21400773098473A68391D3B6918001C4B9847030068
S2140077407B610F23FB181B785BB201330DD13B69BD
S2140077505B6A002B12D03B6924331800144B984701
S214007760031E0BD001237B6108E00F23FB181B7858
S2140077700133DBB259B23B69452299547B69180044
S214007780BD4606B0B0BDC046713E0000113D0000CB
S21400779024000020D13D0000D13C0000180000204D
S2140077A0B13D000059450000B54B000025730000B0
S2140077B0E183000090B58DB004AFF860B9603B601F
S2140077C0BB1D1A80BB1D1B889B0018001D4B9847CD
S2140077D003007B617B69002B10D05420194B98471F
S2140077E00300FB61FB69002B03D0FB697A691A630F
S2140077F006E07B691800144B984701E00023FB6104
S214007800FB69002B16D0BB1D1A883C68B968F8685F
S21400781000230393FB6902937B6B01933B6B0093FE
S21400782023000A4CA047FB691800094B9847012320
S214007830BB6102E001235B42BB61BB691800BD4629
S21400784009B090BD915C0000555D000055780000C1
S2140078506579000080B586B000AFF860B9607A60E0
S2140078603B60BB6A186B7B689B001A00A521394BEE
S2140078709847BB6A1A6B7B6837498C4663449B0003
S214007880D3183B613B69072293433B613B69072260
S214007890134001D072B6FEE700237B6113E0BA689E
S2140078A07B69D3181878BA6A34217B69D3185B18B9
S2140078B0021C1A70BA687B69D3181B78002B06D096
S2140078C07B6901337B617B69072BE8D900E0C04602
S2140078D0BB6A3B22002199543B6A042B01D904233E
S2140078E03B62BB6A3A6ADA62BB6A3A6A5A64BB6A45
S2140078F000229A64BB6A04331800184B9847BB6A88
S21400790018331800154B9847BB6ABA6A1A613B6A67
S2140079100522D21ABB6A9A61BB6ABA6A5A62BB6A05
S2140079200022DA64BB6A5022002199543A68F9684A
S2140079303B6918000A4B98470200BB6A1A607B6ACC
S214007940002B02D07B6ABA6A1A60C046BD4606B0F3
S21400795080BDC04687E50000FFFFFF3F0D590000D1
S214007960255A000080B582B000AF78605E4B98471D
S2140079705E4B1B685A1C5D4B1A605D4B1B68002BE8
S21400798009D15B4B7A681A60584B1B68012B10D1E3
S214007990584B98470DE0584B1B68002B09D1544BA9
S2140079A01B68DA6A7B68DB6A9A4202D8504B7A68B0
S2140079B01A60524B1B685A1C504B1A604F4B1A6881
S2140079C07B68DA637B68002B4ED003204C4B9847CD
S2140079D003009AB27B68110018004A4B98474A4B3E
S2140079E01A887B6811001800484B98477B68180077
S2140079F0474B98470300D9B27B6834331A000320FC
S214007A00444B98477B681800414B98470300D9B20F
S214007A107B68DB6ADBB21A0003203F4B98473F4B7C
S214007A209847030018003E4B984703001A003D4B4A
S214007A301B8813409BB2002B16D07B681800384B6F
S214007A40984703001A00374B1B8813409BB2002B45
S214007A500AD07B6818002E4B98470300DBB21A004A
S214007A6003211B20304B98477B6818002C4B984707
S214007A7003001A002B4B1B8813409BB2002B08D028
S214007A807B681800224B98470300DBB21800274B90
S214007A9098477B68DA6A264B1B689A4203D97B684C
S214007AA0DA6A234B1A607B68DA6A13009B009B181D
S214007AB09B00204A9A187B680433190010001E4B5E
S214007AC098471E4B98470C4B1B68002B08D0084B5A
S214007AD01B68DA6A7B68DB6A9A4201D2184B9847C1
S214007AE0C046BD4602B080BD595B0000B8370020D6
S214007AF0E036002039860000C4370020D437002046
S214007B00E5500000353D000026000020713D0000D5
S214007B10F13C000015530000754A0000713E00005D
S214007B20113D0000240000205945000011430000CC
S214007B30C0370020E4360020235900007D5B00009B
S214007B40415B000080B584B000AF78600023FB6026
S214007B507B68002B45D0274B1B68002B01D072B6E4
S214007B60FEE7254B9847254B1B681800244B984783
S214007B7003001A00234B1B8813409BB2002B0ED029
S214007B807B6819008920204B98471C4B1B681800FF
S214007B901E4B98470300DBB218001D4B98471D4B41
S214007BA0984703001800164B984703001A00154B19
S214007BB01B8813409BB2002B0AD0164B9847030035
S214007BC01800124B98470300DBB21800104B98477A
S214007BD07B6800211800104B9847104B984703000D
S214007BE0FB60FB68002B01D10D4B9847C046BD4695
S214007BF004B080BDE0370020097E0000E03600209B
S214007C00113D00002400002061480000F13C000007
S214007C10F14C0000713E0000AD8C0000217E00009B
S214007C20415B000080B584B000AF7860424B984757
S214007C307B68002B02D1414B1B6800E07B68FB6031
S214007C403F4B9847030018003E4B984703001A0026
S214007C503D4B1B8813409BB2002B16D0FB681800C8
S214007C60384B984703001A00374B1B8813409BB2CB
S214007C70002B0AD0FB681800344B98470300DBB291
S214007C801A0003218A20324B9847FB6818002F4BB6
S214007C9098470300DBB218002E4B9847FB68043366
S214007CA018002D4B9847FB689B6A002B04D0FB6896
S214007CB018331800284B9847FB681A1D274B1100ED
S214007CC01800274B9847FB6850229B5CDBB2012BC1
S214007CD003D1FB68502200219954224B9847224B2F
S214007CE01B68002B05D0144B9847204B98471D4B1C
S214007CF09847124B1B68FA689A4218D11A4B1B68B1
S214007D00002B08D01A4B1B68002B01D072B6FEE77A
S214007D10184B98470BE0114B1A68174B1B689A4292
S214007D2003D1064B00221A6001E0144B9847C04668
S214007D30BD4604B080BDC046595B0000E03600205A
S214007D40713E0000113D000024000020F13C0000C0
S214007D5059450000F14C0000D3590000A43700201C
S214007D60235900007D5B0000C437002059870000BF
S214007D70E0370020415B0000B83700209D810000FE
S214007D8090B585B002AFFA235A0016491648174B2D
S214007D900193002300930023154CA04703007B604B
S214007DA07B68012B03D1134B984703007B607B68ED
S214007DB0012B0DD172B6104B012252421A600F4BA6
S214007DC001221A600E4B00221A600E4B984704E000
S214007DD07B68013301D172B6FEE7C046BD4603B0EC
S214007DE090BDC046B40A010011860000DC370020B2
S214007DF0B5770000618D0000D8370020C43700201A
S214007E00BC370020E95A000080B500AF034B1B6862
S214007E105A1C024B1A60C046BD4680BDE0370020A3
S214007E2080B584B000AF0023FB600023BB60454BE9
S214007E301B68002B01D172B6FEE7434B9847414BB7
S214007E401B685A1E3F4B1A603E4B1B68002B00D027
S214007E5071E03E4B1B68002B00D16CE044E03C4BCD
S214007E60DB68DB68FB60FB6818331800394B984703
S214007E70FB6804331800374B9847FB681800364BEE
S214007E80984703001A00354B1B8813409BB2002B03
S214007E9008D0FB681800324B98470300DBB2180086
S214007EA0304B9847FB68DA6A2F4B1B689A4203D917
S214007EB0FB68DA6A2C4B1A60FB68DA6A13009B00D0
S214007EC09B189B00294A9A18FB6804331900100077
S214007ED0274B9847FB68DA6A264B1B68DB6A9A4290
S214007EE002D3254B01221A60194B1B68002BB6D112
S214007EF0FB68002B01D0214B9847214B1B687B6009
S214007F007B68002B0FD01F4B9847031E02D01A4BDE
S214007F1001221A607B68013B7B607B68002BF2D1F4
S214007F20174B00221A60144B1B68002B03D001234A
S214007F30BB60154B9847154B9847BB681800BD4665
S214007F4004B080BDE0370020595B0000B837002041
S214007F5078370020D3590000113D0000240000208F
S214007F60F13C000011430000C0370020E43600203A
S214007F7023590000E0360020CC3700205987000047
S214007F80C8370020AD7F0000415B00007D5B00002D
S214007F9080B582B000AF044B1B687B607B6818001E
S214007FA0BD4602B080BDC046BC37002080B586B056
S214007FB000AF00237B61644B1B68012B03D0634B2F
S214007FC01B68002B07D1624B1B685A1C604B1A605B
S214007FD00020604B98475C4B1B68002B06D15E4B1D
S214007FE01B680133190003205C4B9847564B1B68EF
S214007FF0002B00D098E0584B1B6801333B61564B72
S2140080003A691A603B69002B17D1554B1B681B68F1
S214008010002B01D072B6FEE7514B1B68FB60514B3C
S2140080201A684F4B1A604F4BFA681A604E4B1B6823
S2140080305A1C4D4B1A604D4B98474D4B1B683A697E
S2140080409A4263D3464B1B681B68002B01D1012361
S21400805000E00023002B04D0454B012252421A6058
S21400806054E03F4B1B68DB68DB68BB60BB685B6843
S2140080707B603A697B689A4203D23D4B7A681A6005
S21400808044E0BB68043318003A4B9847BB689B6AC9
S214008090002B04D0BB6818331800364B9847BB68D3
S2140080A01800354B984703001A00344B1B881340C2
S2140080B09BB2002B08D0BB681800314B98470300D2
S2140080C0DBB218002F4B9847BB68DA6A2E4B1B684A
S2140080D09A4203D9BB68DA6A2B4B1A60BB68DA6A25
S2140080E013009B009B189B00284A9A18BB68043311
S2140080F019001000264B9847BB68DA6A254B1B68A8
S214008100DB6A9A429ED301237B619BE7214B1B6867
S214008110DA6A1E4913009B009B189B005B58012BD4
S21400812007D901237B6104E0084B1B685A1C074BE8
S2140081301A60194B1B68002B01D001237B617B69F9
S2140081401800BD4606B080BDE0370020C8370020C6
S21400815040030020ED570000BC37002061480000B7
S2140081607037002074370020D03700205987000071
S214008170D8370020D3590000113D0000240000200D
S214008180F13C000011430000C0370020E436002018
S21400819023590000E0360020CC37002080B582B09E
S2140081A000AF3A4B1B68002B03D0394B01221A60F4
S2140081B067E0374B00221A60364B1B681A68354B4F
S2140081C01B681B6B9A4208D8324B1A68314B1B68E7
S2140081D0343319001000304B9847304B1B687B60D7
S2140081E007E07B68002B01D172B6FEE77B68013B97
S2140081F07B602B497A6813009B009B189B005B589A
S214008200002BEED07A6813009B009B189B00244A34
S2140082109B183B603B685B685A683B685A603B68E3
S2140082205A683B6808339A4204D13B685B685A68D0
S2140082303B685A603B685B68DA68164B1A60174BF7
S2140082407A681A60174B01221A60174B984703008A
S2140082501800164B984703001A00154B1B8813404E
S2140082609BB2002B0AD0104B984703001800114B06
S21400827098470300DBB218000F4B9847094B0222C1
S2140082801A60C046BD4602B080BDC046E03700203A
S214008290CC370020E0360020FDC60000C0370020A6
S2140082A0E43600204C030020713E0000113D000023
S2140082B024000020F13C00005D49000080B582B03B
S2140082C000AF786039607B68002B01D172B6FEE79C
S2140082D0084B1B6818331A007B6811001800064B01
S2140082E098473B6801211800044B9847C046BD4696
S2140082F002B080BDE036002067590000AD8C00005B
S21400830080B584B000AFF860B9607A60FB68002B77
S21400831001D172B6FEE7284B1B6818331A00FB68BB
S21400832011001800254B98477B68002B02D00123CC
S2140083305B42BB60204B1B681800214B984703002C
S2140083401A00204B1B8813409BB2002B11D01E4BEB
S2140083501A68BB68D318190088201C4B9847164B20
S2140083601B6818001A4B98470300DBB21800194B1D
S2140083709847194B984703001800114B984703007D
S2140083801A00104B1B8813409BB2002B0AD0124BCE
S2140083909847030018000E4B98470300DBB21800FE
S2140083A00C4B98477A68BB68110018000B4B98472F
S2140083B0C046BD4604B080BDE0360020235900000C
S2140083C0113D000024000020BC370020614800005A
S2140083D0F13C0000F14C0000713E0000AD8C000046
S2140083E080B584B000AF78607B68DB68DB68BB6014
S2140083F0BB68002B01D172B6FEE7BB6818331800C5
S2140084002A4B98472A4B1B68002B32D1BB68043393
S2140084101800264B9847BB681800264B9847030061
S2140084201A00254B1B8813409BB2002B08D0BB6854
S2140084301800224B98470300DBB21800204B9847E1
S214008440BB68DA6A1F4B1B689A4203D9BB68DA6AB4
S2140084501C4B1A60BB68DA6A13009B009B189B00D3
S214008460194A9A18BB68043319001000174B98472E
S21400847007E0BB6818331A00154B11001800134BA1
S2140084809847BB68DA6A134B1B68DB6A9A4205D9C1
S2140084900123FB60104B01221A6001E00023FB6001
S2140084A0FB681800BD4604B080BDC046D359000026
S2140084B0E0370020113D000024000020F13C0000C1
S2140084C011430000C0370020E43600202359000086
S2140084D078370020E0360020CC37002080B582B008
S2140084E000AF7860054B1A687B681A60044B1A6800
S2140084F07B685A60C046BD4602B080BDD0370020BB
S214008500BC37002080B586B000AF786039607B68E5
S214008510002B01D172B6FEE73B68002B01D172B684
S214008520FEE71E4B98471E4B1B683B617B685B68EB
S2140085303A69D31AFB603B681B68013302D10023FB
S2140085407B6124E07B681A68164B1B689A4207D04A
S2140085507B685A683B699A4202D801237B6116E021
S2140085603B681A68FB689A420CD93B681A68FB6835
S214008570D21A3B681A607B6818000B4B984700239A
S2140085807B6104E03B6800221A6001237B61074B95
S21400859098477B691800BD4606B080BD595B000051
S2140085A0BC370020D0370020DD8400007D5B000053
S2140085B080B500AF024B01221A60C046BD4680BDA2
S2140085C0CC37002080B584B000AF78607B68002B85
S2140085D005D07B68BB60BB681B6CFB6001E00023BA
S2140085E0FB60FB681800BD4604B080BD80B584B053
S2140085F000AF786039607B68002B04D07B68FB6036
S214008600FB683A681A64C046BD4604B080BD0000E8
S21400861080B582B000AF7860044B9847044B1B6867
S214008620012BF9D9034B9847F6E7C046C5860000EC
S214008630E4360020415B000080B582B000AF002326
S2140086407B600CE07A6813009B009B189B00144A22
S2140086509B181800134B98477B6801337B607B6838
S214008660042BEFD9104B18000E4B98470F4B1800F1
S2140086700C4B98470E4B18000A4B98470D4B1800AA
S214008680084B98470C4B1800064B98470B4B064A6E
S2140086901A600B4B054A1A60C046BD4602B080BD44
S2140086A0E4360020D1580000483700205C37002010
S2140086B0783700208C370020A43700207037002041
S2140086C07437002080B582B000AF1AE0114B98478F
S2140086D0114BDB68DB687B607B68043318000F4B4C
S2140086E098470F4B1B685A1E0D4B1A600D4B1B68A4
S2140086F05A1E0C4B1A600C4B98477B6818000B4BA5
S2140087009847084B1B68002BE0D1C046BD4602B018
S21400871080BDC046595B00008C370020D35900004E
S214008720B8370020A03700207D5B000031870000AE
S21400873080B582B000AF78607B681B6B1800054B75
S21400874098477B681800034B9847C046BD4602B062
S21400875080BDC046555D000080B582B000AF0E4BB0
S2140087601B681B68002B01D1012300E00023002BAF
S21400877004D00A4B012252421A6008E0064B1B68DE
S214008780DB68DB687B607B685A68044B1A60C0460F
S214008790BD4602B080BDC04670370020D8370020E6
S2140087A080B582B000AF044B1B687B607B68180006
S2140087B0BD4602B080BDC046E036002080B582B01F
S2140087C000AF0A4B1B68002B02D101237B6008E038
S2140087D0074B1B68002B02D102237B6001E00023BD
S2140087E07B607B681800BD4602B080BDC4370020A1
S2140087F0E037002090B585B000AF78607B68BB603E
S2140088000023FB607B68002B00D19DE0BB68DA6A22
S214008810504B1B68DB6A9A4200D38CE0BB689B69AE
S214008820002B06DB4B4B1B68DB6A0522D21ABB68A3
S2140088309A61BB685969BB68DA6A13009B009B188B
S2140088409B00454A9B18994201D1012300E0002372
S214008850002B37D0BB6804331800404B98473D4B7D
S2140088601B68DA6ABB68DA62BB6818003C4B98473C
S21400887003001A003B4B1B8813409BB2002B08D00A
S214008880BB681800384B98470300DBB21800374B1C
S2140088909847BB68DA6A364B1B689A4203D9BB68AE
S2140088A0DA6A334B1A60BB68DA6A13009B009B18BF
S2140088B09B00294A9A18BB680433190010002D4BF8
S2140088C0984704E0234B1B68DA6ABB68DA62BB6829
S2140088D01800234B984703001A00224B1B881340AE
S2140088E09BB2002B24D0BB6818001F4B9847030090
S2140088F0DBB21C00BB6818001B4B98470300DBB2BA
S214008900190003201C4B98470300220003218E20E9
S2140089101A4CA047BB681800134B98470300D9B2FF
S2140089200C4B1B68DB6ADBB21A000320144B98471B
S2140089300123FB6008E0BB685A6C064B1B68DB6AC9
S2140089409A4201D20123FB60FB681800BD4605B0C1
S21400895090BDC046E0360020E4360020D359000023
S214008960113D000024000020F13C000011430000EF
S214008970C037002023590000194B0000894600002C
S214008980754A000090B585B000AF78607B68BB6024
S2140089900023FB607B68002B00D189E0474B1B68F7
S2140089A0BA689A4201D072B6FEE7BB689B6C002B91
S2140089B001D172B6FEE7BB689B6C5A1EBB689A6410
S2140089C0BB68DA6ABB685B6C9A4271D0BB689B6C0A
S2140089D0002B6DD1BB6804331800394B9847BB6831
S2140089E01800384B984703001A00374B1B88134073
S2140089F09BB2002B23D0BB681800344B984703006B
S214008A00DBB21C00BB681800304B98470300DBB293
S214008A10190003202E4B98470300220003218F20C5
S214008A202C4CA047BB681800284B98470300D9B2C7
S214008A30BB685B6CDBB21A000320274B9847BB6809
S214008A405A6CBB68DA62BB68DB6A0522D21ABB685E
S214008A509A61BB6818001B4B984703001A001A4B14
S214008A601B8813409BB2002B08D0BB681800174B1E
S214008A7098470300DBB21800184B9847BB68DA6AC1
S214008A80174B1B689A4203D9BB68DA6A144B1A6004
S214008A90BB68DA6A13009B009B189B00114A9A1861
S214008AA0BB680433190010000F4B98470123FB6086
S214008AB0FB681800BD4605B090BDC046E0360020F5
S214008AC0D3590000113D000024000020F13C0000B6
S214008AD0194B000089460000754A0000114300004B
S214008AE0C0370020E43600202359000090B587B038
S214008AF000AF786039607B683B610123FB607B6870
S214008B00002B00D1A4E03B699B6C002B01D172B610
S214008B10FEE73B695A6C3B689A4202D23B687B612F
S214008B2002E03B695B6C7B613B69DA6A7B699A426F
S214008B3000D18DE03B699A6CFB689A4200D087E0D2
S214008B40454B1B683A699A4201D172B6FEE73B690B
S214008B501800424B984703001A00414B1B881340ED
S214008B609BB2002B23D03B6918003E4B984703006E
S214008B70DBB21C003B6918003A4B98470300DBB297
S214008B8019000320384B98470300220003218F204A
S214008B90364CA0473B691800324B98470300D9B2C1
S214008BA03B695B6CDBB21A000320314B98473B698C
S214008BB0DB6ABB603B697A69DA623B699B69002BBA
S214008BC004DB7B690522D21A3B699A613B695969C5
S214008BD0BA6813009B009B189B00264A9B18994274
S214008BE001D1012300E00023002B31D03B69043380
S214008BF01800214B98473B691800184B984703000C
S214008C001A00174B1B8813409BB2002B08D03B69F9
S214008C101800144B98470300DBB21800174B984710
S214008C203B69DA6A164B1B689A4203D93B69DA6AD3
S214008C30134B1A603B69DA6A13009B009B189B0073
S214008C400C4A9A183B690433190010000D4B9847DC
S214008C50C046BD4607B090BDE0360020113D00007E
S214008C6024000020F13C0000194B0000894600005B
S214008C70754A0000E4360020D35900001143000076
S214008C80C03700202359000080B500AF064B1B6894
S214008C90002B04D0044B1B689A6C01329A64024B7A
S214008CA01B681800BD4680BDE036002080B584B045
S214008CB000AF78603960214B1B68FB60204B1B6857
S214008CC0043318001F4B98477B6801330BD13B6871
S214008CD0002B08D01A4B1B681A1D1B4B11001800DE
S214008CE01A4B984726E0FA687B68D318BB60144B8B
S214008CF01B68BA685A60BA68FB689A4209D2144B75
S214008D001A680F4B1B68043319001000114B984764
S214008D1010E0114B1A680A4B1B6804331900100048
S214008D200C4B98470D4B1B68BA689A4202D20B4B05
S214008D30BA681A60C046BD4604B080BDBC37002085
S214008D40E0360020D3590000A43700202359000045
S214008D50743700206759000070370020D83700208D
S214008D6090B585B002AF00237B600E4B98470E4B44
S214008D701B68002B0BD00D490D480E4B01930223A8
S214008D800093002380220C4CA04703007B607B6886
S214008D90002B01D172B6FEE77B681800BD4603B013
S214008DA090BDC046A992000014380020BC0A0100FD
S214008DB0E18E000018380020B577000090B589B025
S214008DC000AFF860B9607A603B600023FB61FB6827
S214008DD0002B01D172B6FEE71E4B1B68002B33D06A
S214008DE01023FB18BA681A601023FB187A685A60BA
S214008DF01023FB18FA689A60BB68052B1ADC164B22
S214008E0098470300022B0AD1124B18683A6B1023BE
S214008E10F9180023114CA0470300FB6114E00D4B2A
S214008E2018681023F918002300220C4CA0470300F2
S214008E30FB6109E0074B18683A681023F91800230D
S214008E40074CA0470300FB61FB691800BD4609B04C
S214008E5090BDC04614380020BD870000ED600000BD
S214008E604D65000090B587B002AF78603960184B4A
S214008E701B68DB68DB68FB60FB6804331800154B77
S214008E809847FB68DB69012B19D1FB689A697B68F8
S214008E90D1187B683A68F8680F4CA047031E0ED0BE
S214008EA07A68F86800230093002300210B4CA04743
S214008EB00300BB60BB68002B01D172B6FEE7FB68FF
S214008EC05B6AFA6810009847C046BD4605B090BD7C
S214008ED00C380020D359000049900000BD8D0000DA
S214008EE080B584B000AF7860084B98470823FB181D
S214008EF01800074B98470300FB60BA68FB68110030
S214008F001800044B9847044B9847EFE70DC5000040
S214008F10C18F00001D8F0000D190000080B584B086
S214008F2000AF786039601E4B98470823FB1818007E
S214008F301C4B98470300FB60BB68002B29D13B689D
S214008F40002B0CD17A68FB689A4208D8164B9847D3
S214008F50FA687B6811001800144B98471BE03B68C2
S214008F60002B06D0124B1B681B685A425341DBB2DB
S214008F703B60104B18687A68FB68D31A3A68190089
S214008F800D4B9847084B9847031E04D10B4B984748
S214008F9001E0054B9847C046BD4604B080BDC046BC
S214008FA0097E000001900000217E0000658E000012
S214008FB01038002014380020B1750000415B000016
S214008FC080B584B000AF78600C4B1B681B685A42B3
S214008FD05341DBB21A007B681A607B681B68002B63
S214008FE005D1064B1B68DB681B68FB6001E00023AD
S214008FF0FB60FB681800BD4604B080BD0C3800203E
S21400900080B584B000AF78600C4B98470300FB60D7
S2140090100B4B1B68FA689A4205D20A4B98477B6846
S21400902001221A6002E07B6800221A60044BFA688C
S2140090301A60FB681800BD4604B080BD917F000032
S2140090401C380020E991000080B586B000AFF860BB
S214009050B9607A603B6000237B61FB68BA685A603F
S214009060FB68FA681A61BA687B689A4212D87A680E
S2140090703B68D21AFB689B699A4202D301237B6144
S2140090801BE0104B1A68FB680433190010000E4BE7
S214009090984712E07A683B689A4206D2BA683B68FC
S2140090A09A4202D301237B6107E0084B1A68FB68EB
S2140090B0043319001000044B98477B691800BD461E
S2140090C006B080BD10380020675900000C3800201C
S2140090D090B58BB002AF68E00823FB181B68002B26
S2140090E063DB0823FB189B68FB61FB695B69002B4D
S2140090F004D0FB6904331800334B98473B1D180017
S214009100324B98470300BB610823FB181B68092BEA
S2140091104AD89A002E4BD3181B689F460823FB1884
S2140091205A68FB699B69D1180823FB185B68BA6903
S214009130F869284CA047031E37D0FB695B6AFA69BA
S21400914010009847FB69DB69012B2ED10823FB181A
S2140091505A68FB699B69D218F869002300930023BC
S21400916000211D4CA04703007B617B69002B1CD1AE
S21400917072B6FEE70823FB185A68FB699A61FB691A
S2140091809B69002B01D172B6FEE7FB699A69BB6941
S214009190D118BB69BA69F8690E4CA04705E0FB69AF
S2140091A018000E4B984700E0C0460D4B1B6808227F
S2140091B0B918002218000B4B9847031E8CD1C046E6
S2140091C0BD4609B090BDC046D359000001900000CE
S2140091D0C40A010049900000BD8D0000555D0000E6
S2140091E014380020A569000090B589B002AF3EE0B3
S2140091F0284B1B68DB681B687B61264B1B68DB689B
S214009200DB683B613B6904331800234B98473B6996
S2140092105B6A3A69100098473B69DB69012B26D1E7
S2140092203B699A697B69D318FB60FA687B699A4246
S2140092300ED93B69FA685A603B693A691A61154B60
S2140092401A683B69043319001000144B98470EE067
S2140092507A6938690023009300230021104CA04748
S2140092600300BB60BB68002B01D172B6FEE7094B5A
S2140092701B681B68002BBBD1064B1B687B60094B29
S2140092801A68044B1A60074B7A681A60C046BD46D7
S21400929007B090BD0C380020D35900006759000075
S2140092A0BD8D00001038002080B500AF104B9847E9
S2140092B0104B1B68002B15D10F4B18000F4B98470F
S2140092C00F4B18000D4B98470E4B0B4A1A600E4B6F
S2140092D00B4A1A6000220C2102200C4B9847020011
S2140092E0044B1A600A4B9847C046BD4680BDC04630
S2140092F0595B000014380020E4370020D1580000E5
S214009300F83700200C38002010380020455E00009A
S2140093107D5B000080B582B000AF78607B681B7C08
S214009320002B0BD07B689B685A1C7B68D968104B57
S214009330100098470B001A007B689A607B685B6891
S2140093405A1C7B68D9680A4B100098470B001A0015
S2140093507B685A607B685A687B689B68D31A5A4257
S2140093605341DAB27B681A74C046BD4602B080BD6F
S21400937021C8000080B582B000AF78607B6800220C
S2140093801A747B689B685A1C7B68D968054B10006A
S21400939098470B001A007B689A60C046BD4602B02C
S2140093A080BDC04621C8000080B584B000AF78609C
S2140093B039601420094B98470300FB60FB687A6805
S2140093C01A60FB683A68DA60FB681800044B984736
S2140093D0FB681800BD4604B080BDC04661E50000CD
S2140093E0E593000080B582B000AF78607B6800220D
S2140093F05A607B6800229A607B6800221A74C04616
S214009400BD4602B080BD000080B582B000AF786077
S2140094100A00FB1C1A707B681A687B685B68D318A6
S214009420FA1C12781A707B681800034B9847C046DF
S214009430BD4602B080BDC0461593000080B584B01E
S21400944000AF7860396001235B42FB607B681800E0
S2140094500D4B984703001A0001235340DBB2002B44
S2140094600DD07B681A687B689B68D3181A783B68AF
S2140094701A707B681800054B98470023FB60FB6852
S2140094801800BD4604B080BD91940000759300009E
S21400949080B582B000AF78607B681B7C01225340A9
S2140094A0DBB2002B07D07B685A687B689B689A42C1
S2140094B001D1012300E000231A1C01231340DBB274
S2140094C01800BD4602B080BD80B582B000AF020075
S2140094D0FB1D1A70064BFA1D127811001F220A4057
S2140094E0012191400A001A60C046BD4602B080BD08
S2140094F000E100E080B584B000AF78607B681B6850
S214009500FB60FB68DB695A1E9341DBB21800BD4660
S21400951004B080BD80B582B000AF7860C0467B687E
S2140095201800044B9847031EF9D1C046BD4602B04A
S21400953080BDC046F594000080B582B000AF78606C
S2140095407B688022D2051A607B6800225A607B689E
S214009550FF221A817B6800229A727B680022DA72E8
S2140095607B68962292011A627B6824220121995414
S2140095707B682522012199547B6826220021995474
S2140095807B682722002199547B6800229A627B68B8
S21400959088225203DA607B682C22002199547B686B
S2140095A02D22002199547B6800221A637B680022D2
S2140095B05A637B6800229A637B680022DA637B68C2
S2140095C000225A617B6800221A827B680022DA76C3
S2140095D07B6800221A767B6800221A777B68002256
S2140095E05A767B6813229A767B6800225A77C046A2
S2140095F0BD4602B080BD000080B584B000AF786084
S2140096007B681B68FB607B681B681800094B9847E3
S21400961003001800084B98477B681800074B9847CC
S214009620FB681B6802221A43FB681A60C046BD46E8
S21400963004B080BD59A60000C9940000159500002E
S21400964080B582B000AF78600A00FB1C1A707B6899
S21400965031229B5C5AB2FB1C1B78012199400B00FF
S2140096605BB213435BB2D9B27B6831229954C046D1
S214009670BD4602B080BD000080B500AF80239A00D2
S2140096800F4B110018000F4B984702000E4B1A6044
S21400969080239A000D4B110018000A4B98470200D1
S2140096A00B4B1A600B4B98470B4B98470B490C4BD0
S2140096B0012218000B4B9847C046BD4680BDC046E9
S2140096C0004C0020A9930000F8490020004A002022
S2140096D0044E00202D980000A5980000FC490020AC
S2140096E0C44900204DAF000080B584B000AF78605C
S2140096F01A4B98477B68002B2AD00023FB600BE0B0
S214009700174B18687A68FB68D3181B781900154B36
S2140097109847FB680133FB607B681800124B98473C
S2140097200200FB689A42EBD8104B01211800104B40
S2140097309847031E0CD10A4B1B680E4A11001800EE
S2140097400D4B98470B49094B012218000B4B9847C5
S2140097500B4B9847C046BD4604B080BD097E00004E
S214009760044E002009940000F1E70000C4490020E0
S21400977095AF0000004E00203D94000005AF0000AD
S214009780217E000080B584B000AF7860084B984713
S214009790084B1B687A6811001800074B98470300AF
S2140097A0FB60064B9847FB681800BD4604B080BDBA
S2140097B0097E0000F84900203D940000217E00004C
S2140097C080B500AF024B1B781800BD4680BDC04672
S2140097D0203800200EB490B584B000AF0200FB1D08
S2140097E01A700E4B984703001A00FB1D1B78934215
S2140097F00CD32023FB18FB60FB68FA6908487F211E
S214009800084CA047064B1800074B9847C046BD4675
S21400981004B090BC08BC03B01847C046C19700000F
S21400982044490020D9E90000E996000080B590B0D0
S21400983000AF3B001800144B98473B00E122520251
S2140098401A623B00C4229203DA603B0001225242B5
S2140098501A633B00012252425A633B000B4A9A634A
S2140098603B000B4ADA63C0463A000A490A4B180026
S2140098700A4B9847031EF7D1074B1800084B98472A
S214009880C046BD4610B080BD3995000003002A00D2
S21400989003002B0000180042C449002009AB00005A
S2140098A0F995000080B500AF0C490D4B002218005A
S2140098B00C4B98470C490A4B01221800094B984755
S2140098C0074B00211800094B9847054B012118004B
S2140098D0064B9847C046BD4680BDC0463999000035
S2140098E0C4490020BDAE0000F1980000419600007B
S2140098F080B582B000AF7860094B1A68094B1B78B8
S21400990019001000084B98470649084B012218001A
S214009910074B9847074B9847C046BD4602B080BDE8
S214009920F8490020FC49002009940000C4490020A2
S2140099304DAF0000B90E000080B582B000AF786071
S214009940094B1B68094A11001800094B9847030089
S214009950013305D00549074B01221800064B9847EE
S214009960C046BD4602B080BD044E0020004E00201A
S2140099703D940000C449002005AF000080B582B0C9
S21400998000AF104B1B68002B12D1EFF310837B60E7
S2140099907B68002B09D172B6BFF35F8F0A4B00229B
S2140099A01A700A4B01221A7002E0084B00221A7045
S2140099B0044B1B685A1C034B1A60C046BD4602B0D7
S2140099C080BDC046243800202C0000202838002007
S2140099D080B500AF0B4B1B685A1E0A4B1A60094B2A
S2140099E01B68002B0AD1084B1B78DBB2002B05D076
S2140099F0064B01221A70BFF35F8F62B6C046BD46A3
S214009A0080BDC04624380020283800202C000020C6
S214009A1080B584B000AF0200FB1D1A700F23FB1840
S214009A20FA1D1278D2091A700E23FB18FA1D127846
S214009A3052091A700D4BBB600F23FB181B78002BC6
S214009A400FD10F23FB181B789B0010229446BC44B2
S214009A506344083B1A680E23FB181B78DB01D318F7
S214009A6000E000231800BD4604B080BD004400415D
S214009A7080B582B000AF0200FB1D1A70FB1D1B787C
S214009A801800034B984703001800BD4602B080BD7F
S214009A90119A000080B582B000AF78607B68002223
S214009AA01A707B6801225A707B6800229A70C04642
S214009AB0BD4602B080BD000080B584B000AF020095
S214009AC0FB1D1A70BB1D0A1C1A70FB1D1B781800A4
S214009AD00D4B98470300FB60FB1D1B781F221340AD
S214009AE001229A401300BB60BB1D1B78002B03D0DD
S214009AF0FB68BA689A6102E0FB68BA685A61C046B9
S214009B00BD4604B080BDC046719A000080B582B0E4
S214009B1000AF3B1D18000E4B98473B1D01221A70E4
S214009B203B1D190017200B4B9847012117200A4BA5
S214009B3098473B1D00221A703B1D01225A703B1DA0
S214009B4019003720034B9847C046BD4602B080BD7B
S214009B50959A0000E99E0000B99A000080B584B08E
S214009B6000AF0200FB1D1A700F23FB18FA1D1278B7
S214009B7052091A700F23FB181B78002B0CD1094BC7
S214009B80BB600F23FB181B789B0010229446BC4436
S214009B906344083B1B6800E000231800BD4604B081
S214009BA080BDC0460018004080B584B000AF0200FB
S214009BB0FB1D1A70FB1D1B7818000B4B9847030003
S214009BC0FB60FB1D1B781F22134001229A401300E6
S214009BD0BB60FB681B69BA6813405A1E9341DBB230
S214009BE01800BD4604B080BD5D9B000080B584B003
S214009BF000AF0200FB1D1A70FB1D1B781800094BF6
S214009C0098470300FB60FB1D1B781F2213400122B0
S214009C109A401300BB60FB68BA681A61C046BD462E
S214009C2004B080BD5D9B000080B500AF154B0022E0
S214009C301A7020E0134B1B781800134B9847031E2E
S214009C4013D0104B1B781800104B98470D4B1B7801
S214009C501A000F4B9200D358002B06D0094B1B78E6
S214009C601A000B4B9200D3589847064B1B780133CB
S214009C70DAB2044B1A70034B1B780F2BDAD9C046A6
S214009C80BD4680BD084E0020A99B0000ED9B00004D
S214009C900C4E002080B582B000AF78607B68002252
S214009CA01A70C046BD4602B080BD000080B582B0C6
S214009CB000AF02003960FB1D1A70FB1D1B78012BDC
S214009CC00AD0022B0FD0002B14D10E4B0D4A9169EF
S214009CD03A680A439A610FE00A4B0A4AD1693A6821
S214009CE00A43DA6108E0074B064A116A3A680A43F3
S214009CF01A6201E0172300E000231800BD4602B0F8
S214009D0080BDC0460004004080B582B000AF0200AF
S214009D10FB1D1A70064BFA1D127811001F220A400E
S214009D20012191400A001A60C046BD4602B080BDBF
S214009D3000E100E080B582B000AF0F4B3B6000232F
S214009D407B6011E07B689B0008229446BC44634419
S214009D50083B1B685B78DBB25BB2002B01DA0123A1
S214009D6006E07B6801337B607B68002BEAD000232B
S214009D701800BD4602B080BD0018004080B584B013
S214009D8000AF2D4B7B60402100202C4B98473B00BA
S214009D9018002B4B98473B0000221A703B00190016
S214009DA00520284B98470520274B98470023FB6043
S214009DB018E0FB689B0010229446BC4463440C3BAE
S214009DC01A68FB689B0010218C46BC4463440C3B1D
S214009DD01B681B78DBB201210B43DBB21370FB68F8
S214009DE00133FB60FB68002BE3D0C046174B984757
S214009DF0031EFBD10B23FB1800221A700DE00B2369
S214009E00FB181A78124B92000021D1500B23FB1836
S214009E101A780B23FB1801321A700B23FB181B78D9
S214009E200F2BECD904200B4B98470B4B9847C0469A
S214009E30BD4604B080BDC04600180040AD9C000082
S214009E40959C000065BE0000A9BE0000359D000080
S214009E500C4E0020099D00005D9E000080B582B07B
S214009E6000AF154B3B6000237B6018E07B689B00CF
S214009E7008229446BC446344083B1A687B689B00EF
S214009E8008218C46BC446344083B1B681B78DBB245
S214009E9002210B43DBB213707B6801337B607B6867
S214009EA0002BE3D0C046054B9847031EFBD1C046A7
S214009EB0BD4602B080BDC04600180040359D00007B
S214009EC080B582B000AF78607B6880221A707B68AD
S214009ED000225A707B6801229A707B680022DA7032
S214009EE0C046BD4602B080BD80B584B000AF02005B
S214009EF03960FB1D1A700C23FB181800104B98478E
S214009F000C23FB1880221A703B681A780C23FB1867
S214009F105A703B685A780C23FB189A703B689A78FC
S214009F200C23FB18DA700C23FA18FB1D1B781100A3
S214009F301800044B9847C046BD4604B080BDC046D6
S214009F40C19E0000C5C1000080B586B000AF786035
S214009F50284B7A689200D3587B617B691B683B610B
S214009F600E23FB187A69528A1A807B691B8A9AB27A
S214009F700E23FB180E21791809880A401A803B69BF
S214009F801B7ADAB20C23FB181A803B69DB79DBB24A
S214009F909AB20C23FB180C21791809880A401A80FB
S214009FA00C23FB181B88802213400CD00E23FB18B2
S214009FB01B880222134002D07B69DB6898473B6906
S214009FC080221A7211E00C23FB181B880122134012
S214009FD00BD00E23FB181B880122134002D07B698E
S214009FE09B6898473B6901221A72C046BD4606B078
S214009FF080BDC0464C4E002080B500AF0020024B0E
S21400A0009847C046BD4680BD499F000080B582B0D7
S21400A01000AF78607B6800221A70C046BD4602B06A
S21400A02080BDF0B58DB000AFB860F9603A607B6077
S21400A030002300243B627C6200230024BB61FC6199
S21400A0403F23FB6253E0FB6A203B002B04DB01222C
S21400A0509A4013007B610BE0FB6A2022D31A012290
S21400A060DA4013000021FA6A91400A0013437B612C
S21400A0700122FB6A9A4013003B61BB69FC69DB184E
S21400A0806441BB61FC61BB683A691A401500FB6815
S21400A0907A691A4016002B00334307D0BB690122A9
S21400A0A01343BB61FB6900221343FB617A68FB69BB
S21400A0B09A4219D87A68FB699A4203D13A68BB6912
S21400A0C09A4211D8B969FA693B687C68C91AA241F4
S21400A0D00B001400BB61FC613A6A3B6913433B62A8
S21400A0E07A6A7B6913437B62FB6A013BFB62FB6A0D
S21400A0F0002BA8DA3B6A7C6A18002100BD460DB02A
S21400A100F0BD80B586B000AFF860B9607A601623FF
S21400A110FB1800221A80BB683B61BB685A08FB68C4
S21400A1209A4201D2402326E0BB685B083B610AE006
S21400A1303A69FB68D31A3B611623FB181A88162364
S21400A140FB1801321A803A69FB689A42F0D216234D
S21400A150FB181622BA181288013A1A801623FB1822
S21400A1601B88FF2B01D9402305E07B681622BA180E
S21400A17012881A8000231800BD4606B080BD000075
S21400A180F0B5A1B000AFF864B9647A644322BA1897
S21400A1901370002300243B677C6700230024BB6603
S21400A1A0FC6600230024BB67FC6700237B665823FD
S21400A1B040229446BC4463441A78FB6C5A43BB6CFA
S21400A1C09A4201D94023B3E04323FB181B78002BA7
S21400A1D03DD1582340229446BC4463441B78DBB2EE
S21400A1E03B6100237B61FB6CBB600023FB60524C31
S21400A1F0BA68FB6838697969A04703000C001B0041
S21400A200FB650023BB65BB6C3B6000237B60B86DC1
S21400A210F96D3A687B68494CA04703000C003B6721
S21400A2207C67002101223B6F7C6FC91AA2410B009C
S21400A2301400BB66FC66BB6E1B0CFA6E16041E434F
S21400A240BB6E1D043300BB670023FB676AE0432335
S21400A250FB181B78012B65D1FB6C3B6300237B63EB
S21400A260582340229446BC4463441B78DBB2BB624E
S21400A2700023FB62304CBA6AFB6A386B796BA047E6
S21400A28003000C00BB65FC65BB6C3B6200237B6275
S21400A290BB6DFC6D1A002300386A796A274CA0470C
S21400A2A003000C007B667A6E80239B019A4201D9DC
S21400A2B040233DE0BB6CBB610023FB61B969FA69D2
S21400A2C00B005B0F1000C000F863F86B1843F863D0
S21400A2D00B00DB00BB63BB6DFC6D1A002300B86B84
S21400A2E0F96B164CA04703000C00BB65FC65BB6D04
S21400A2F0FC6DD9B27B6EDBB2DB00DAB217234020EE
S21400A3008446BC4463448A1A1A7017234022944633
S21400A310BC4463441B785B031A007B6E1343BB6725
S21400A3200023FB67BB6FFC6F9AB27B6C1A8000231E
S21400A3301800BD4621B0F0BD2DC8000023A00000C7
S21400A34080B584B000AF0200FB1D1A70BB1D0A1C4E
S21400A3501A701A4B1B7801225340DBB2002B03D134
S21400A360BB1D1B78002B1BD00C23FB181800144BAE
S21400A37098470C23FB18FA1D12781A700C23FB184A
S21400A380190013200F4B984713200F4B98470B4B81
S21400A390FA1D12785A70094B01221A70002308E041
S21400A3A0064B5B78FA1D12789A4201D1002300E032
S21400A3B01D231800BD4604B080BDC0462C380020C2
S21400A3C00DA0000065BE0000A9BE000080B582B0EA
S21400A3D000AF78600A00FB1C1A707B684D4A9342F7
S21400A3E03FD04C4A934206D84B4A93420FD04B4A32
S21400A3F0934221D089E04A4A934200D15BE0494A21
S21400A400934200D16CE0484A93423FD07DE0FB1C6B
S21400A4101B78012B0AD002DC002B05D075E0022B3E
S21400A42006D0032B06D070E0404B6FE0404B6DE04B
S21400A430404B6BE0404B69E0FB1C1B78012B0AD0BD
S21400A44002DC002B05D060E0022B06D0032B06D0E2
S21400A4505BE003235AE0394B58E0394B56E0394B62
S21400A46054E0FB1C1B78012B0AD002DC002B05D025
S21400A4704BE0022B06D0032B06D046E0324B45E0DD
S21400A480324B43E0324B41E0324B3FE0FB1C1B7843
S21400A490012B0AD002DC002B05D036E0022B06D0BA
S21400A4A0032B06D031E02C4B30E02C4B2EE02C4B0F
S21400A4B02CE02C4B2AE0FB1C1B78012B0AD002DC7C
S21400A4C0002B05D021E0022B06D0032B06D01CE083
S21400A4D0254B1BE0254B19E0254B17E0254B15E0D7
S21400A4E0FB1C1B78012B0AD002DC002B05D00CE0ED
S21400A4F0022B06D0032B06D007E01F4B06E01F4BAF
S21400A50004E01F4B02E01F4B00E000231800BD468E
S21400A51002B080BD0010004200080042000C00425D
S21400A52000180042001C0042001400420300040011
S21400A53003000500030006000300070003000100F7
S21400A54003001E0003001F000300080003000900AC
S21400A55003000A0003000B000300100003001100B4
S21400A560030012000300130003000C0003000D009C
S21400A57003000E0003000F00030016000300170080
S21400A580030018000300190090B58BB000AF786088
S21400A5900C23FB180F4A13CA13C313CA13C3002392
S21400A5A07B620EE00C23FB187A6A9200D3581A00DE
S21400A5B07B689A4202D17B6ADBB206E07B6A013393
S21400A5C07B627B6A052BEDD900231800BD460BB0D5
S21400A5D090BDC046EC0A010080B582B000AF020014
S21400A5E0FB1D1A70C046BD4602B080BD80B584B063
S21400A5F000AF02003960FB1D1A70134B1B78012256
S21400A6005340DBB2002B15D00023FB600CE00F4B51
S21400A610FA6892000E49D1500E4BFA68920000215B
S21400A620D150FB680133FB60FB68052BEFD9064B66
S21400A63001221A70FB1D1A78044B92003968D1501B
S21400A640C046BD4604B080BD2E38002030380020FD
S21400A650D9A50000504E002090B585B000AF7860B8
S21400A6600823FB180B4A1168196092889A800F23FA
S21400A670FC187B681800084B9847030023700F23CC
S21400A680FB181B780822BA18D35C5BB21800BD46CC
S21400A69005B090BD040B010089A5000080B500AF91
S21400A6A0034B1B6800209847C046BD4680BDC04689
S21400A6B03038002080B500AF034B5B680120984718
S21400A6C0C046BD4680BDC0463038002080B500AFCD
S21400A6D0034B9B6802209847C046BD4680BDC046D7
S21400A6E03038002080B500AF034BDB680320984766
S21400A6F0C046BD4680BDC0463038002080B500AF9D
S21400A700034B1B6904209847C046BD4680BDC04623
S21400A7103038002080B500AF034B5B6905209847B2
S21400A720C046BD4680BDC0463038002080B582B0E9
S21400A73000AF78607B6800221A70C046BD4602B043
S21400A74080BD000080B582B000AF02003960FB1DFE
S21400A7501A70FB1D1B78012B0AD0022B0FD0002B82
S21400A76014D10E4B0D4A91693A680A439A610FE07C
S21400A7700A4B0A4AD1693A680A43DA6108E0074B8D
S21400A780064A116A3A680A431A6201E0172300E093
S21400A79000231800BD4602B080BDC046000400403D
S21400A7A080B582B000AF78607B6880221A707B68C4
S21400A7B000225A707B6801229A707B680022DA7049
S21400A7C0C046BD4602B080BD80B500AF054B9B7845
S21400A7D0DBB21A00022313405A1E9341DBB2180064
S21400A7E0BD4680BD0020004180B584B000AF7860D3
S21400A7F07B681B68FB60FB68DB695A1E9341DBB213
S21400A8001800BD4604B080BD80B582B000AF786049
S21400A810C0467B681800044B9847031EF9D1C04613
S21400A820BD4602B080BDC046E9A70000B0B58CB0FA
S21400A83002AF786039607B681B68BB617B681B6809
S21400A8401800AB4B984703007B617B6914333B6170
S21400A85000237B6200233B620A23FB1800221A8037
S21400A8601F23FB1800221A701E23FB1810221A70D2
S21400A8703B681B8A8022D20193421CD08022D201E0
S21400A880934206DC002B0DD080229201934224D006
S21400A89035E0C022D201934228D080221202934291
S21400A8A012D02CE01F23FB1800221A701E23FB1860
S21400A8B010221A7023E01F23FB1800221A701E2392
S21400A8C0FB1808221A701AE01F23FB1800221A70C1
S21400A8D01E23FB1803221A7011E01F23FB18012207
S21400A8E01A701E23FB1810221A7008E01F23FB188C
S21400A8F001221A701E23FB1808221A70C0463B68F5
S21400A9001A683B68DB681A433B685B6913433A681E
S21400A910128A13433A68127E120213433A682621BB
S21400A920525C520713437B621D23FB1800221A70E9
S21400A9303B685B68FB60FB68002B1ED080225205DC
S21400A94093424FD13B6827229B5C01225340DBB2E7
S21400A950002B46D03B681D6A3B69DBB21800654B8E
S21400A960984701001D23FC180A23FB181A0028002C
S21400A970614B98470300237033E03B6827229B5CBB
S21400A980002B14D03B68186A3B68996A1D23FC1894
S21400A9901F23FB181D780A23FA181E23FB181B78A2
S21400A9A000932B00554DA847030023701AE03B6820
S21400A9B01D6A3B69DBB218004E4B98471D23FC18F6
S21400A9C01F23FB1819780A23FA181E23FB181B7876
S21400A9D000930B0001002800484DA8470300237091
S21400A9E000E0C0461D23FB181B78002B03D01D2358
S21400A9F0FB181B7877E03B685B7E002B03D03B6838
S21400AA009A7EBB699A737B6818003D4B98470A2369
S21400AA10FB181A88BB699A817A6AFB6813437B62C3
S21400AA203B6827229B5C01225340DBB2002B03D0FD
S21400AA307B6A042213437B623B685B7E9A023B6818
S21400AA401B7F5B021A433B685B7F1B021A433B6813
S21400AA5024215B5C5B041A433B6825215B5C1B047A
S21400AA6013433B623B689B7A1A003B6A13433B6284
S21400AA703B68DB7A1A003B6A13433B623B681B89E0
S21400AA80FF2B0BD07B6A8022520413437B623B6809
S21400AA901B891A003B6A13433B6208E03B68DB7E77
S21400AAA0002B04D07B6A8022D20413437B623B686F
S21400AAB02C229B5C002B03D1124B9847031E03D01D
S21400AAC07B6A802213437B627B6818000C4B984796
S21400AAD0BB693A6A5A607B681800094B9847BB699D
S21400AAE07A6A1A6000231800BD460AB0B0BDC04698
S21400AAF089A5000089BF000003A1000081A1000015
S21400AB0009A80000C9A7000090B593B000AFF86090
S21400AB10B9607A603B23FB1800221A70FB68BA689B
S21400AB201A60FB681B687B63FB681B681800864B13
S21400AB30984703003B633B6B0233FB623B6B14336B
S21400AB40BB627B6B1B680122134001D00523F6E035
S21400AB507B6B1B680222134001D01C23EFE001220E
S21400AB60FB6A9A40130019000220784B984724236A
S21400AB70FB181800764B98477B682D229A5C242396
S21400AB80FB181A70BB6ADBB22422BA181100180030
S21400AB90704B9847BB6ADBB218006F4B98477B68D0
S21400ABA02D229B5C002118006C4B98477B68DA7A54
S21400ABB0FB685A717B6824229A5CFB689A717B68F2
S21400ABC025229A5CFB68DA717B68DA7EFB681A726B
S21400ABD07B681A7FFB685A723B23FC187A68FB680E
S21400ABE0110018005E4B9847030023703B23FB18A8
S21400ABF01B78002B03D03B23FB181B789FE02023F9
S21400AC00FB181800574B98472023FB1800225A7051
S21400AC102023FB1800229A707B681A6B1023FB18FF
S21400AC201A607B685A6B1023FB185A607B689A6B15
S21400AC301023FB189A607B68DA6B1023FB18DA6027
S21400AC404723FB1800221A702CE04723FB181A78BB
S21400AC501023FB189200D3583B643B6C002B09D1A1
S21400AC604723FB181A78BB68110018003E4B98471C
S21400AC7003003B643B6C01330DD03B6CDAB22023FF
S21400AC80FB181A703B6C1B0CDBB22022BA181100A2
S21400AC901800364B98474723FB181A784723FB18AB
S21400ACA001321A704723FB181B78032BCDD90023DB
S21400ACB0FB630AE0FA68FB6B02339B00D31804338D
S21400ACC000221A60FB6B0133FB63FB6B052BF1D98B
S21400ACD0FB6800229A62FB6800225A62FB68002228
S21400ACE0DA85FB6800229A85FB6830220021995499
S21400ACF0FB68312200219954FB68322200219954C6
S21400AD00FB68332200219954FB681B682722BC1875
S21400AD1018000D4B984703002370154A2723FB188D
S21400AD201B7811001800134B98472723FB181A7836
S21400AD30114B9200F968D1503B23FB181B78180082
S21400AD40BD4613B090BDC04689A5000045A70000CB
S21400AD502DA7000065BE0000A9BE000041A30000AC
S21400AD602DA80000A1A70000CDA30000C5C10000CB
S21400AD70E5AF0000EDA50000504E002080B500AF06
S21400AD80024B9847C046BD4680BDC0467D99000030
S21400AD9080B500AF024B9847C046BD4680BDC04652
S21400ADA0D199000080B584B000AF78607B681B68DE
S21400ADB0FB60FB68DB695A1E9341DBB21800BD4698
S21400ADC004B080BD80B582B000AF7860C0467B68B6
S21400ADD01800044B9847031EF9D1C046BD4602B082
S21400ADE080BDC046A5AD000080B586B000AFF86057
S21400ADF0B960BB1D1A80FB681B687B610F4B9847C8
S21400AE00FB68DB8D9BB2002B03D00D4B98470523C8
S21400AE1010E0FB68BA1D1288DA85094B9847FB6874
S21400AE20BA689A62FB683322052199547B6901222D
S21400AE309A7500231800BD4606B080BD7DAD0000A3
S21400AE4091AD000080B586B000AFF860B960BB1D5C
S21400AE501A80FB681B687B61164B9847FB689B8DC6
S21400AE609BB2002B03D0144B984705231EE0FB68CB
S21400AE70BA1D12889A85104B9847FB68BA685A62C2
S21400AE80FB683222052199547B6904229A75FB6877
S21400AE901B7A002B02D07B6920229A75FB685B7AAE
S21400AEA0002B02D07B6908229A7500231800BD4645
S21400AEB006B080BD7DAD000091AD000080B584B0C9
S21400AEC000AFF860B960FB1D1A70FB1D1B78FA68AE
S21400AED002339B00D3180433BA681A60FB6830222A
S21400AEE09B5C5AB2FB1D1B78012199400B005BB29C
S21400AEF013435BB2D9B2FB6830229954C046BD46B4
S21400AF0004B080BD80B584B000AFF860B960BB1DEA
S21400AF101A80BB1D1B88002B01D1172310E0FB688D
S21400AF20DB7901225340DBB2002B01D01C2307E063
S21400AF30BB1D1A88B968FB681800034B98470300C6
S21400AF401800BD4604B080BDE9AD000080B584B0F1
S21400AF5000AFF860B960BB1D1A80BB1D1B88002BB4
S21400AF6001D1172310E0FB689B7901225340DBB226
S21400AF70002B01D01C2307E0BB1D1A88B968FB68AC
S21400AF801800034B984703001800BD4604B080BD68
S21400AF9045AE000080B584B000AF78600A00FB1CA8
S21400AFA01A70FB1C1B78002B02D0012B07D00DE07B
S21400AFB00F23FB187A683221525C1A700BE00F23BD
S21400AFC0FB187A683321525C1A7004E00F23FB18D2
S21400AFD017221A70C0460F23FB181B781800BD46B0
S21400AFE004B080BD80B588B000AF0200FB1D1A70AB
S21400AFF0FB1D1A78A34B9200D358BB61BB691B6834
S21400B0007B61BB691800A04B98477B691B7EDAB250
S21400B0101223FB181A807B699B7DDBB29AB212233F
S21400B020FB181221791809880A401A80BB69302259
S21400B0309B5CBA693121525C1340DAB21023FB18CC
S21400B0401A801223FB181B880122134044D0BB69C8
S21400B050DB8D9BB2002B3CD0BB699B6A1B78DAB2B7
S21400B0601C23FB181A80BB699B6A5A1CBB699A6230
S21400B070BB695B79012B13D1BB699B6A1B78DBB27A
S21400B0801B021AB21C23FB1800215B5E13431AB284
S21400B0901C23FB181A80BB699B6A5A1CBB699A6200
S21400B0A01C23FB181B88DB05DB0D9AB27B691A850F
S21400B0B0BB69DB8D9BB2013B9BB2BA69191CD1857B
S21400B0C0002B09D17B6901221A757B6902229A75C9
S21400B0D002E07B6901221A751223FB181B880222E4
S21400B0E0134011D07B6902221A75BB6933220021F6
S21400B0F099541023FB181B880122134004D0BB6907
S21400B100DB68BA69100098471223FB181B880422D4
S21400B110134000D1BDE0BB699B8D9BB2002B00D1D4
S21400B120B4E07B695B8B9BB2DAB21F23FB183F212E
S21400B1300A401A701F23FB181B780822134007D0FA
S21400B1401F23FB181F22BA18127808218A431A7088
S21400B1501F23FB181B78002B50D01F23FB181B78CF
S21400B1600222134007D0BB6932221A2199547B6908
S21400B17002225A8336E01F23FB181B780422134052
S21400B18007D0BB6932221E2199547B6904225A8358
S21400B19028E01F23FB181B780122134007D0BB6949
S21400B1A03222132199547B6901225A831AE01F2305
S21400B1B0FB181B781022134007D0BB6932224221AD
S21400B1C099547B6910225A830CE01F23FB181B78C6
S21400B1D02022134006D0BB693222412199547B6954
S21400B1E020225A831023FB181B880422134050D0B9
S21400B1F0BB695B69BA69100098474AE07B691B8D9A
S21400B2009AB20E23FB18D205D20D1A80BB695B6A70
S21400B2100E22BA181288D2B21A70BB695B6A5A1C20
S21400B220BB695A62BB695B79012B0DD1BB695B6A4E
S21400B2300E22BA181288120A92B2D2B21A70BB69DB
S21400B2405B6A5A1CBB695A62BB699B8D9BB2013B09
S21400B2509BB2BA69191C9185002B1AD17B6904220E
S21400B2601A75BB693222002199541023FB181B88DB
S21400B270022213400DD0BB691B69BA6910009847BB
S21400B28007E0C046504E0020C5AD00007B69042292
S21400B2901A751223FB181B881022134010D07B69E6
S21400B2A010221A757B6910221A761023FB181B8849
S21400B2B01022134004D0BB69DB69BA6910009847B6
S21400B2C01223FB181B882022134010D07B692022F3
S21400B2D01A757B6920221A761023FB181B88082211
S21400B2E0134004D0BB699B69BA69100098471223C3
S21400B2F0FB181B880822134010D07B6908221A7599
S21400B3007B6908221A761023FB181B88202213401C
S21400B31004D0BB691B6ABA6910009847C046BD4690
S21400B32008B080BD80B582B000AF78607B6801222F
S21400B3305A607B6800225A707B6806221A707B6807
S21400B34000221A727B6800225A72C046BD4602B0BE
S21400B35080BD80B582B000AF78607B6800221A702E
S21400B360C046BD4602B080BD80B582B000AF7860F2
S21400B3707B6803221A707B6800225A707B68012261
S21400B3809A70C046BD4602B080BD000080B582B04F
S21400B39000AF0200FB1D1A70034AFB1D1B781372D8
S21400B3A0C046BD4602B080BD0004004080B582B0F5
S21400B3B000AF0200FB1D1A70BB1D0A1C1A70FB1D95
S21400B3C01B78012B08D0022B0BD0002B0ED10B4A7A
S21400B3D0BB1D1B7853720BE0084ABB1D1B7893728B
S21400B3E006E0064ABB1D1B78D37201E0172300E077
S21400B3F000231800BD4602B080BDC04600040040D1
S21400B40080B582B000AF78607B6801221A707B68D6
S21400B41000225A707B6800229A707B680022DA70DD
S21400B4207B6800221A717B680A4A9A607B688022D1
S21400B4301202DA607B6801221A827B6800221A7583
S21400B4407B680022DA747B6800229A74C046BD4688
S21400B45002B080BD006CDC0280B582B000AF020096
S21400B460FB1D1A70084AFB1D1B780F210B40D9B232
S21400B47053680F20014049001E2083430B4353604E
S21400B480C046BD4602B080BD0040004180B500AF5A
S21400B490C046044BDB6810221340FAD0C046BD46B7
S21400B4A080BDC0460008004080B500AF0C4B0222AD
S21400B4B09A840C4B98470A4A0B4B9B68D362084AFF
S21400B4C0094B5B689362064B00229A84054B9847AB
S21400B4D0034A054B1B689BB29384C046BD4680BD9D
S21400B4E0000800408DB400004838002080B582B0C7
S21400B4F000AF0200FB1D1A70FB1D1B78082B41D8FD
S21400B5009A00234BD3181B689F46224B1B693AE0D0
S21400B510214B1B6A9B059B0FDBB21A001F4BD340C7
S21400B52031E080231B022EE080231B022BE0194B08
S21400B5305B6928E0174B1B680222134001D10023E9
S21400B54021E0174B9847134B1B6824221340042B0B
S21400B55009D10020134B984702000E4B9B681B0432
S21400B5601B0C53430FE0104B0DE00B4A5023D35CEB
S21400B570DBB21A000423134001D1002303E0054B7D
S21400B580DB6800E000231800BD4602B080BDC04660
S21400B5900C0B0100483800200008004000127A001A
S21400B5A08DB4000089BF0000006CDC0280B584B05A
S21400B5B000AF78601A4B1B6AFB607B681B781A1C0E
S21400B5C003231340DAB20D23FB1803210A401000B0
S21400B5D01A7803218A43111C021C0A431A707B68DE
S21400B5E09A780C23FB18D0011A787F210A40111C88
S21400B5F0021C0A431A707B685A780C23FB18012138
S21400B6000A4090011A7840218A43111C021C0A4302
S21400B6101A70034BFA681A62C046BD4604B080BD75
S21400B6200008004080B586B000AF78607B68DB68B5
S21400B6307B617B681B7D012B0AD17B681B8A0133EB
S21400B6405B001A00364B11007869984703007B614F
S21400B6507B689B681A01324B796910009847030093
S21400B6603B613B69DAB20F23FB180F210A401A70C0
S21400B6703B691B09013B3B612A497B681B78DB0160
S21400B680DAB27B685B789B01DBB21343DAB2442301
S21400B690CA54244B0F22BA18127812041100F02252
S21400B6A0120311403A691205120D0A439A641D4BA3
S21400B6B07A68128A120411001B4A11407A6892783E
S21400B6C0120311437A68D27C12021000E022D200E4
S21400B6D0024011437A68127D1201100030220240A7
S21400B6E011437A68D278D20011437A6812799200B0
S21400B6F011437A68927C1000032202400A43DA64FF
S21400B7003B6901331A010F23FB181B78D3187A699B
S21400B71053431A09054BDA60C046BD4606B080BDE5
S21400B72015C70000000800400000FF07483800204A
S21400B73080B582B000AF0200FB1D1A70FB1D1B789F
S21400B740082B3BD89A00214BD3181B689F46204BEA
S21400B7501F4A126A02210A431A62002331E01C4B78
S21400B7601B4A926902210A439A6129E0184A184B3B
S21400B7701B8A9BB202210B439BB2138220E0144A21
S21400B780134B9B8A9BB202210B439BB2938217E01A
S21400B790104B1B6802221A430E4B1A600E4B98473A
S21400B7A00EE00B4A0A494423CB5CDBB202210B4372
S21400B7B0D9B24423D15403E0002302E0172300E06B
S21400B7C000231800BD4602B080BDC046300B010005
S21400B7D00008004048380020A9B4000080B584B0B6
S21400B7E000AF0200FB1D1A700023FB60FB1D1B78D8
S21400B7F0082B21D89A00184BD3181B689F4608239D
S21400B800FB601BE00423FB6018E00123FB6015E0EF
S21400B8100223FB6012E01023FB600FE00F4A502368
S21400B820D35CDBB21A0003231340033B5A42534156
S21400B830DBB20CE001230AE0002308E0074BDB68DC
S21400B840FA681A40FB68D31A5A425341DBB2180012
S21400B850BD4604B080BDC046540B01000008004041
S21400B86080B582B000AF3B0003221A7000237B60D5
S21400B87009E07B68DBB23A0011001800054B9847D8
S21400B8807B6801337B607B68242BF2D9C046BD46BB
S21400B89002B080BD65BE000080B5A6B000AF924B7A
S21400B8A0C222D2009A600320904B9847904B98474C
S21400B8B09423FB1818008F4B98479423FB180022FC
S21400B8C01A709423FB1801229A709423FB18002206
S21400B8D05A709423FB181800874B98470620874B0E
S21400B8E09847874B98476023FB181800854B984766
S21400B8F06023FB1806221A706023FB1808225A6081
S21400B9006023FB1800221A726023FB1800225A726A
S21400B9106023FB18190001207B4B984701207B4BC6
S21400B92098475423FB181800764B98475423FB1867
S21400B93003221A705423FB1801225A605423FB1862
S21400B94001221A725423FB1800225A725423FB1841
S21400B950190002206C4B984702206C4B98473C23FA
S21400B960FB181800674B98473C23FB1803221A70F5
S21400B9703C23FB1820225A603C23FB1800221A7234
S21400B9803C23FB1800225A723C23FB1819000420A3
S21400B9905D4B984704205D4B98473023FB181800F2
S21400B9A0584B98473023FB1806221A703023FB1892
S21400B9B001225A603023FB1800221A723023FB182B
S21400B9C000225A723023FB18190005204E4B984768
S21400B9D005204E4B98479023FB1818004C4B984771
S21400B9E09023FB1801221A709023FB1819000120DF
S21400B9F0484B98470120484B98477823FB18180077
S21400BA00464B98477823FB1800221A707823FB18B9
S21400BA1000225A707823FB1800229A707823FB18AD
S21400BA200022DA707823FB1800221A717823FB189C
S21400BA3000229A747823FB180022DA747823FB1805
S21400BA4002221A757823FB18354ADA607823FB1829
S21400BA5001221A827823FB18324A9A607823FB1850
S21400BA601800314B98470820244B9847C0460820BA
S21400BA702E4B984703001A0001235340DBB2002BDD
S21400BA80F5D1194944228B5C8020404203438B54F5
S21400BA900020274B984700210020264B984700217E
S21400BAA00120244B984700210220224B98473B0058
S21400BAB01800144B98473B0008221A703B000122DE
S21400BAC05A603B0000221A723B0001225A723B0069
S21400BAD0190000200C4B984700200C4B9847C04696
S21400BAE0BD4626B080BDC0460008004059B40000E0
S21400BAF061B8000069B30000ADB5000031B70000C2
S21400BB00DDBB000025B300000DBC000031BD000009
S21400BB1053B3000065BE0000A9BE000001B40000DB
S21400BB2040420F00006CDC0225B60000DDB70000C6
S21400BB308DB30000ADB3000080B582B000AF020048
S21400BB403960FB1D1A70FB1D1B78012B0AD0022BD7
S21400BB500FD0002B14D10E4B0D4A91693A680A4358
S21400BB609A610FE00A4B0A4AD1693A680A43DA61D9
S21400BB7008E0074B064A116A3A680A431A6201E06F
S21400BB80172300E000231800BD4602B080BDC04663
S21400BB900004004080B500AF024B9847C046BD4643
S21400BBA080BDC0467D99000080B500AF024B984727
S21400BBB0C046BD4680BDC046D199000080B500AFE6
S21400BBC0054B5B78DBB25BB2002B01DA012300E0A9
S21400BBD000231800BD4680BD000C004080B500AFB5
S21400BBE008210020074B9847074B01221A70C046D1
S21400BBF0054B1B78DBB21A0001231340F8D1C04670
S21400BC00BD4680BD39BB0000000C004080B586B044
S21400BC1000AF02003960FB1D1A70FB1D1B787B61AC
S21400BC20FB1D1B783B613B681B781B021A007B6977
S21400BC3013437B613B685B78002B04D07B698022D2
S21400BC40D20213437B613B685B7A002B04D07B698E
S21400BC508022120313437B613B685B68012B2CD95F
S21400BC603B685A683B685B68013B13401AD1002367
S21400BC70FB600223BB6005E0FB680133FB60BB682A
S21400BC805B00BB603B685A68BB689A42F4D8FB68A6
S21400BC901B023A6913433B617B69802252031343BC
S21400BCA07B610AE03B685B681B023A6913433B61B1
S21400BCB07B698022920213437B613B681B7A002BD0
S21400BCC004D07B698022920313437B61C046134BEA
S21400BCD09847031EFBD1124B9847124AFB1D1B7850
S21400BCE01370C0460D4B9847031EFBD10E4B3A69A6
S21400BCF09A60C046094B9847031EFBD10A4B0A4A76
S21400BD0051688022520211407A690A435A60074BF2
S21400BD109847C046BD4606B080BDC046BDBB0000C5
S21400BD2095BB0000080C0040000C0040A9BB0000BA
S21400BD3080B582B000AF0200FB1D1A70C0460E4BE5
S21400BD409847031EFBD10D4B98470D4AFB1D1B78E9
S21400BD501370C046084B9847031EFBD1094B094A8F
S21400BD605268802149020A435A60074B9847C046EA
S21400BD70BD4602B080BDC046BDBB000095BB0000FE
S21400BD80040C0040000C0040A9BB000080B586B043
S21400BD9000AF0200FB1D1A70C0462A4B9847031ED0
S21400BDA0FBD1294B9847294AFB1D1B781370C046C8
S21400BDB0244B9847031EFBD1254B5B68DB04DB0E48
S21400BDC0DBB21800234B984703007B611F4AFB1D1C
S21400BDD01B7813701E4B5B68DB02DB0FDAB2132393
S21400BDE0FB181A701C4AFB1D1B781370C046154BB7
S21400BDF09847031EFBD1164B9B681B021B0C9BB27D
S21400BE00FB60164B98471323FB181B78002B09D1B1
S21400BE10FB68012B06D9124BF9687869984703002E
S21400BE207B610AE01323FB181B78002B05D0FB6808
S21400BE3001337A69DA4013007B617B691800BD46DE
S21400BE4006B080BDBDBB000095BB0000040C0040E2
S21400BE50000C0040EDB40000080C0040A9BB000038
S21400BE6015C7000080B584B000AF02003960FB1D26
S21400BE701A70FB1D1B78FB603B681B781B021A00C0
S21400BE80FB681343FB60FB1D1B781800044B9847A8
S21400BE90044BFA6892B25A80C046BD4604B080BDD4
S21400BEA0F1BE0000000C004080B582B000AF02007A
S21400BEB0FB1D1A700A4B98470A4AFB1D1B78137025
S21400BEC00949094B5B889BB28022D20113439BB27F
S21400BED04B80064B9847C046BD4602B080BDC04664
S21400BEE095BB0000020C0040000C0040A9BB0000FF
S21400BEF080B584B000AF0200FB1D1A701C4B98473B
S21400BF001C4AFB1D1B7813701B4B5B881B051B0F05
S21400BF10DBB2FB60184A538818490B405380164A18
S21400BF20154B5B889BB216490B409BB25380C046AC
S21400BF30114B5B889BB21A008023DB011340F7D1BC
S21400BF400D4AFB68DBB2191C0F230B40D9B253888D
S21400BF50081C0F210140080208490B40191C031C4D
S21400BF600B435380074B9847C046BD4604B080BD80
S21400BF7095BB0000020C0040000C0040FFF0FFFFE5
S21400BF80FFBFFFFFA9BB000080B584B000AF020072
S21400BF90FB1D1A700D4B98470D4AFB1D1B7813703E
S21400BFA00C4B5B881B051B0FDAB20F23FB181A70AD
S21400BFB0094B98470F23FB181B781800074B984728
S21400BFC003001800BD4604B080BDC04695BB000007
S21400BFD0020C0040000C0040A9BB00008DBD000014
S21400BFE080B584B000AF0200FB1D1A700F23FB184B
S21400BFF000221A70FB1D1B787F2B0BD8134AFB1DE3
S21400C0001B785BB2012199400B001900C0235B002E
S21400C010D15014E0FB1D1B785BB20E3301D1172301
S21400C02010E0FB1D1B785BB2013304D1084B802265
S21400C03092045A6003E00F23FB1817221A700F238E
S21400C040FB181B781800BD4604B080BD00E100E078
S21400C05000ED00E080B584B000AF0200FB1D1A7052
S21400C0600F23FB18FA1D1278D2091A700E23FB183C
S21400C070FA1D127852091A700D4BBB600F23FB187D
S21400C0801B78002B0FD10F23FB181B789B00102268
S21400C0909446BC446344083B1A680E23FB181B787E
S21400C0A0DB01D31800E000231800BD4604B080BDB5
S21400C0B00044004180B588B000AFF860B9607A608F
S21400C0C00023FB617B68DB7801225340DBB2002B48
S21400C0D035D07B681B78802B0BD0FB698022520200
S21400C0E01343FB617B681B781B061A00FB6913432E
S21400C0F0FB617B685B78002B03D07B685B78022B48
S21400C10010D1FB69802292021343FB617B689B7807
S21400C110002B04D0FB698022D2021343FB61FB682C
S21400C120BA685A607B685B78012B03D07B685B78C3
S21400C130022B07D1FB69224A1340FB6102E0FB6831
S21400C140BA685A60BB681B041B0CBB61BB681B0C3F
S21400C1507B61BA69FB691343A022D2051A43FB68C8
S21400C1609A627A69FB691343D02212061A43FB6867
S21400C1709A627B68DB7801225340DBB2002B1AD030
S21400C180FA698023DB0213400AD07B689B78012B78
S21400C19003D1FB68BA689A6102E0FB68BA685A6124
S21400C1A07B685B78012B03D07B685B78022B02D11F
S21400C1B0FB68BA689A60C046BD4608B080BDC046F7
S21400C1C0FFFFFBFF80B584B000AF02003960FB1DA7
S21400C1D01A70FB1D1B7818000A4B98470300FB607B
S21400C1E0FB1D1B781F22134001229A401300BB60E0
S21400C1F03A68B968FB681800034B9847C046BD46C6
S21400C20004B080BD55C00000B5C0000080B500AFCA
S21400C210C046BD4680BD000080B500AF064B9847BF
S21400C220064B9847064B9847064B9847064B984749
S21400C230C046BD4680BDC04699B800000D9B0000B4
S21400C2400DC200007D9D00000DC2000080B500AF4D
S21400C2500020024B9847C046BD4680BD89C20000FC
S21400C26080B500AF0120024B9847C046BD4680BD52
S21400C27089C2000080B500AF0220024B9847C04636
S21400C280BD4680BD89C2000080B586B000AF020002
S21400C290FB1D1A70FB1D1A78184B9200D3583B6191
S21400C2A03B691B68DA6A3B695B6B1A403B699B6BB0
S21400C2B01340FB6000237B6119E0114B7A69920002
S21400C2C0D358FA6813400FD03A697B699B00D3189D
S21400C2D004331B683A69100098473B691B68084A94
S21400C2E0796989008A58DA627B6901337B617B69E8
S21400C2F00B2BE2DDC046BD4606B080BD684E002072
S21400C300780B010080B582B000AF2F4B7B602F4BBF
S21400C3103B607A683B689A420CD007E03B681A1D7F
S21400C3203A607A68111D796012681A603A68284B7C
S21400C3309A42F3D3274B3B6004E03B681A1D3A60F1
S21400C34000221A603A68244B9A42F6D3234B7B604D
S21400C350234B7A68FF218A439A60224A90235B0027
S21400C3600221D150204AD37803218B43191C022383
S21400C3700B43D3701C4AD3780C218B43191C08231B
S21400C3800B43D370194A937B30218B43191C20230F
S21400C3900B439373154A937B0C218B43191C08237C
S21400C3A00B439373114A937B03218B43191C02237F
S21400C3B00B4393730E4A536880210B4353600D4B17
S21400C3C098470D4B9847FEE75810010000000020E4
S21400C3D00002002000020020B84F002000000000ED
S21400C3E000ED00E0007000410050004100480041B0
S21400C3F00040004119E50000DDC4000080B500AF34
S21400C40004207146084202D0EFF3098001E0EFF302
S21400C4100880416904E000BEC046BD4680BD0000FD
S21400C42080B590B000AF78607B681B68FB637B6864
S21400C4305B68BB637B689B687B637B68DB683B638E
S21400C4407B681B69FB627B685B69BB627B689B6978
S21400C4507B627B68DB693B620B4B1B68FB610B4BAB
S21400C4601B68BB610A4B1B687B610A4B1B683B6100
S21400C470094B1B68BB60094B1B68FB6000BEC046CF
S21400C480BD4610B080BDC04628ED00E02CED00E0B3
S21400C49030ED00E03CED00E034ED00E038ED00E08B
S21400C4A080B584B000AF78600A4B1B68002B02D1C1
S21400C4B0084B094A1A60074B1B68FB60054B1A6855
S21400C4C07B68D218034B1A60FB681800BD4604B0A0
S21400C4D080BDC04660380020B86F002080B500AF31
S21400C4E0064B9847064B98470120064B9847064B45
S21400C4F0984700231800BD4680BDC04619C20000FC
S21400C50079960000853E0000817D000080B582B0EF
S21400C51000AF294B1800294B9847294B1800274B8A
S21400C5209847284B9847031E04D0274B1800234BE8
S21400C530984703E0254B1800204B9847244B984714
S21400C540031E04D0234B18001C4B984703E0224BD5
S21400C55018001A4B9847FB1D00221A701F4B98476D
S21400C5600200FB1D190010001D4B9847FB1D1B7891
S21400C5706C2B04D01B4B1800104B984710E01A4B3E
S21400C58018000E4B9847194B9847031E04D1184BBA
S21400C59018000A4B984703E0164B1800074B9847BD
S21400C5A0154B9847154B1B681800154B9847C04607
S21400C5B0BD4602B080BDC046A80B0100E99600004B
S21400C5C0CC0B010041160000E40B0100080C010032
S21400C5D0E9290000240C0100440C01001129000088
S21400C5E0552400005C0C0100700C0100212900009D
S21400C5F0800C0100940C010005C60000683800207D
S21400C600257C000090B583B002AF264B9847030008
S21400C610254A26484021264CA047244B1800254B87
S21400C6209847C8235A0024492448254B01930423DD
S21400C63000930023234CA0470300012B03D0224B7A
S21400C64018001C4B9847174B984703001F4A17487B
S21400C6504021174CA047154B1800164B98478023CF
S21400C6605A001B491B481C4B0193032300930023CD
S21400C670144CA0470300012B03D0184B18000D4B99
S21400C6809847084B98470300154A08484021084C2D
S21400C690A047064B1800074B9847C046BD4601B05A
S21400C6A090BDC046715D0000B00C0100744F0020C4
S21400C6B00DE70000E9960000D40C0100910B000085
S21400C6C064380020B5770000E00C01000C0D010076
S21400C6D02C0D0100012F00006C380020340D0100E5
S21400C6E0600D010080B500AF024B1800024B984762
S21400C6F0FEE7C046840D0100E996000080B500AF55
S21400C700024B1800024B9847FEE7C046B00D0100EA
S21400C710E9960000002243088B4274D303098B423B
S21400C7205FD3030A8B4244D3030B8B4228D3030CFC
S21400C7308B420DD3FF22090212BA030C8B4202D39E
S21400C7401212090265D0030B8B4219D300E0090AC6
S21400C750C30B8B4201D3CB03C01A5241830B8B42CF
S21400C76001D38B03C01A5241430B8B4201D34B03B8
S21400C770C01A5241030B8B4201D30B03C01A52411D
S21400C780C30A8B4201D3CB02C01A5241830A8B42A2
S21400C79001D38B02C01A5241430A8B4201D34B028B
S21400C7A0C01A5241030A8B4201D30B02C01A5241EF
S21400C7B0CDD2C3098B4201D3CB01C01A52418309A3
S21400C7C08B4201D38B01C01A524143098B4201D3DD
S21400C7D04B01C01A524103098B4201D30B01C01A08
S21400C7E05241C3088B4201D3CB00C01A5241830882
S21400C7F08B4201D38B00C01A524143088B4201D3AF
S21400C8004B00C01A5241411A00D20146524110460E
S21400C8107047FFE701B5002000F006F802BDC046ED
S21400C8200029F7D076E770477047C046F0B5CE4689
S21400C830474615042D0C2E0080B50704140C3F0C3B
S21400C8409946030C7E435D43674363437F19340C6C
S21400C850E4199C46A54203D980235B029846C4444B
S21400C8604B46514343433604360C250C240465449A
S21400C870A4195918491920000CBC90469946F0BDD9
S21400C880F8B557464E464546DE46E0B547024600F2
S21400C89088467F0A360EC40F002E47D0FF2E24D0BF
S21400C8A0FB008027FF041F43002399469A467F3EDD
S21400C8B043465D025800DB0F6D0A000E984643D0D3
S21400C8C0FF283BD0EB0080250022ED041D437F3877
S21400C8D03618731C41469B464B46614013430F2B4C
S21400C8E064D875489B00C3589F46002F42D1082342
S21400C8F09946063BFF269A46DAE74146022A28D0A2
S21400C900032A00D1CEE0012A00D0ACE0114000207E
S21400C9100022CCB24002D205400AE407104320436E
S21400C9203CBC90469946A246AB46F8BD002F15D1B2
S21400C93004239946033B00269A46B9E7FF200222C5
S21400C940002DC5D00322C3E7002D19D100200122F7
S21400C950BEE70124FF220C400020DBE7380001F090
S21400C960B7FD7626431F9F4000237642361A994627
S21400C9709A469DE70C239946093BFF269A4697E779
S21400C980280001F0A5FD431F9D4076235B42181A40
S21400C99000229DE780200024C003FF22BAE73D0066
S21400C9A05246ABE73D0021005246A7E73B0C9C46AB
S21400C9B02A04120C2B0C1400604665463F043F0CFC
S21400C9C07C4342435D437B43270C9B18FF18BA42C7
S21400C9D003D980235B029C46654424043A04240C55
S21400C9E0121993015C1EA3413F0C920E7D191A4347
S21400C9F0AD0115432B0104D501235E466A081D4090
S21400CA00154332007F32002A25DD6B0704D00F2342
S21400CA102B40042B00D004352B0103D53200274BC6
S21400CA2080321D40FE2A94DC0124A801400AD2B2BE
S21400CA300C406FE78020C003074207D0054205D1AF
S21400CA4028434002400A4446FF2263E73843400238
S21400CA50400AFF225EE70124A31A1B2B05DD0C40CB
S21400CA600022002056E75E46CBE72A002020DA4068
S21400CA70C31A9D402B005D1EAB4113435A0704D0DA
S21400CA800F221A40042A00D004335A0104D5012488
S21400CA9001220C4000203DE701249B01580A0C406F
S21400CAA0002237E780200124C00328434002400AC2
S21400CAB00C40FF222EE7C046D80D0100FFFFFFF70F
S21400CAC041024300C20F490A1B0E00207E2B0DDDDB
S21400CAD09D2B0CDC802000040143952B0ADC96205D
S21400CAE0C31AD9404842002A00D108007047034BB9
S21400CAF0D018FBE7963B9940F4E7C046FFFFFF7F60
S21400CB0070B5002830D0C317C4185C40C50F20008D
S21400CB1001F0DEFC9E231B1A962B0DDC9622D21A01
S21400CB2094402A006402640ADBB26402DB05600AF1
S21400CB30D2071843104370BD992B19DC9922D21ADC
S21400CB40002A29DD94402200144C1440510704D0DA
S21400CB500F210A40042A00D00434620113D4A40131
S21400CB60640ADBB22A00E0E7002200230024DCE7A8
S21400CB7005222100121AD140B922D21A9440621E10
S21400CB8094410C43DAE7054B2A001C409F23A4017E
S21400CB901B1A640ADBB2C8E72200D5E7FFFFFFFBDB
S21400CBA0F8B54546DE4657464E460C03E0B54E0001
S21400CBB0C90F88460D00610A440F0C43C7001903CD
S21400CBC05800DB0F9B464B0A510F0B43760D400D6A
S21400CBD01900D200D84500D1AEE0351A002D00DC91
S21400CBE0F6E000280FD1134300D1DBE06B1E002BCC
S21400CBF000D037E1BA1A9742BF41641A7F42E41B5D
S21400CC000126170024E0C64B9E424DD080231B040D
S21400CC101943382D00DD07E11F2D00DD38E1202007
S21400CC20431B9A460B0050468340994613004846DD
S21400CC30EB401843030050468240501E8241E940B4
S21400CC401A43BA1A611A9742A441170064420C1B91
S21400CC50230262D56402650A002D00D1DFE02800B9
S21400CC6001F036FC0300083B1F2B00DDD2E020223B
S21400CC703C00D21A9D40D4409F4025439E4200DD92
S21400CC80C4E09E1B731C1F2B00DDF1E02022380041
S21400CC902900D21AD840914097402C000143781EB4
S21400CCA08741DC4000260F437B0709D00F233B401B
S21400CCB0042B05D03B1DBB42BF417F42E4191F0039
S21400CCC023022CD5964B01369E4200D19AE045466B
S21400CCD0944BFF081C406007760564020743240B4C
S21400CCE0760D00212403230B0C0D8F4A24051C43CC
S21400CCF01440330523435B00ED075B082B433800E5
S21400CD0019003CBC90469946A246AB46F8BD644620
S21400CD10044300D111E2040067467B07C6D14546AE
S21400CD206007FF080743E4087D4B9E4230D024038B
S21400CD307605240B760DD4E7331A9A46002B78DD59
S21400CD40002831D076488642AED0802000040143C9
S21400CD505346382B00DCE9E00A43511E8A41002185
S21400CD60D219BA42BF4109197C4217000C19230296
S21400CD70D3D56B4B01369E4200D13AE10120694B78
S21400CD801C407B0807401F43E007074364088BE707
S21400CD9023003B4300D1CBE180221203144324033B
S21400CDA0240B9EE72E007FE70800104300D1B4E076
S21400CDB0581E002800D0DEE0BA18BA429B4164181C
S21400CDC05B42E418170001262302A6D50226D5E703
S21400CDD0002D6ED1701C4005400D012800DCF9E0E6
S21400CDE0B81A844687428041E51A40422D1A280226
S21400CDF000D489E0D71BBA4292411C1B5242A51AA6
S21400CE00D84629E74546002400276AE7454CF61A27
S21400CE102C4049E73D002838854000272EE738009B
S21400CE2001F056FB20301DE70A43511E8A410021BF
S21400CE3007E7002B00D0F3E0701C43055B0D012BC9
S21400CE4000DCADE0364B984200D1D1E0BA18BA42C9
S21400CE50BF4164187F42E419E70752081743640885
S21400CE60060021E72E48854200D193E01D00D0E65B
S21400CE7029001F3EF140202B00D18DE04022D31A1E
S21400CE809D402F437D1EAF4100240F43002644E7FC
S21400CE902B000800203BD8400300202D00D17DE069
S21400CEA04020451BA9400A43511E8A4100211A43CF
S21400CEB0C7E6002E50D01A4EB04257D080266B429E
S21400CEC09946360434434B46382B00DDD6E01F2BFC
S21400CED000DD35E12026F51A2600AE40B2463E00BB
S21400CEE0DE40AC46350056462E436546AF407D1EB6
S21400CEF0AF41DC403743D71BBA4292410C1B52422B
S21400CF00A41A0600D846A3E6644667462C4300D01B
S21400CF10A2E600250026002706E71E00C4E6C04657
S21400CF20FF070000FFFF7FFFFFFF0F801F2B63DC64
S21400CF302020C31A080098409C468346534610009B
S21400CF40D84003005846184363469A40531E9A41F9
S21400CF5053460243D94003E726003E4306D0EB4340
S21400CF609946002BC7D0944EB042ACD10C001700A7
S21400CF700600D84698E6904B9A450BD08246E7E6E0
S21400CF80002800D09EE01800104300D1E9E01C0005
S21400CF901700D846884E87E6002572E7002182E70C
S21400CFA023003B43002E00D0ABE0002B00D1E7E08F
S21400CFB00B00134300D177E6BA18BA42BF41641893
S21400CFC07F42E419230200D4F2E07C4B17001C4099
S21400CFD0060069E620003843002ED1D100285BD138
S21400CFE01C00144300D1A8E01C001700D8465BE6DE
S21400CFF006000024002797E650460B002038C34062
S21400D00099465346202B00D195E0402350461B1AE4
S21400D01099400A43511E8A414B4600211A439FE617
S21400D020002E30D126003E4367D0DB439A46002BC5
S21400D0301CD0614EB04260D05346382B00DD96E0DF
S21400D0401F2B00DD9FE02026F31A26009E409C46FC
S21400D050B34653463E00DE4033005E461E436346FC
S21400D0609F407B1E9F415346DC403743BF18974284
S21400D070924164185242A418060078E627437C1EA4
S21400D080A741002437E74C4EB04236D080265B429C
S21400D09036049A463443CFE71800104300D103E61F
S21400D0A0B81A84466745AD41E01A6D42401B05023A
S21400D0B000D42CE6D71BBA4292411C1B5242A41A3B
S21400D0C0D846F1E51800104300D163E7F808670773
S21400D0D007438020E4080003044208D0DD08054228
S21400D0E005D1D208590711430F002C00D8467B0FF4
S21400D0F0E4001C43FF00304ED6E50C001700060087
S21400D100D2E5002B38D00B00134300D142E7F808D5
S21400D110670707438020E40800030442E7D0CB08F3
S21400D1200342E4D1D208490711430F001C00DEE792
S21400D13000270024D5E500216BE700250027F3E54E
S21400D1404E462500203EF5404B462E00202B2DD087
S21400D1504025ED1AAC4027437C1EA74100243743E8
S21400D160C9E6802400252403134E0027DCE5274368
S21400D1707C1EA741002479E70C0017000E4E93E5AD
S21400D1800C00170090E556462300203EF3409946D3
S21400D1905346202B0ED0402356469B1B9C402743CD
S21400D1A07C1EA7414B4600241F435FE70024D2E7BE
S21400D1B01700B2E50024F2E7FF070000FFFF7FFF3D
S21400D1C0F0B557464546DE464E46E0B54C000E03E3
S21400D1D087B0834692461D008046360B640DCF0FFF
S21400D1E0002C4FD06F4B9C4235D08023420F1B043F
S21400D1F0F600134333439946C30098466A4B00260D
S21400D2009C460023644403932B031B0B9B466B0036
S21400D210ED0F50465B0D01955ED0624A934253D0A7
S21400D2205A46D1008022400F120402430A43934616
S21400D2305246D1005C4A9446002263443800684057
S21400D24084460290E41A16430F2E00D9B4E0574BDA
S21400D250B6009B599F460300334399466CD1002382
S21400D2609846023308260393CEE7CB464146039AF8
S21400D2700197022A65D1019B4A4C9C460023002256
S21400D28098466BE00300334399464ED0002E00D1FB
S21400D290BCE1300001F01CF903000B3B1C2B00DD49
S21400D2A0ACE11D22D31A5A460100DA4008398E40F6
S21400D2B01300334399465B468B40984600233C4C0C
S21400D2C00026241A03939FE751465A46114329D154
S21400D2D0002293460232B1E7594601431ED05B4610
S21400D2E0002B00D19EE1584601F0F2F803000B3BFC
S21400D2F01C2B00DD8FE102005946083A91408B4610
S21400D3001D21CB1A5146D9400B0059460B435146B6
S21400D3109B469140264B00221B1A8FE700230122D2
S21400D3209B468BE75146032288E700239846013345
S21400D33004260024039367E70323B14603930C26D1
S21400D34062E7032A00D15CE2019B012A00D0E4E1F7
S21400D35013409C4600230024002298460021120316
S21400D360130B0A0D12051A432305124C40462240A1
S21400D370134362465B00D2075B081343190007B0ED
S21400D3803CBC90469946A246AB46F0BD00238022A0
S21400D3909C4612039846034CE0E70023014C00220B
S21400D3A09846DBE7FF07000001FCFFFF180E0100B0
S21400D3B00DFCFFFFFFFF0F80D94500D939E100D1F2
S21400D3C034E1002346464D469A46013C5B460A0E2B
S21400D3D01B021A430B02170C039313041B0C390091
S21400D3E0280090460193FFF795F90200019B8346BB
S21400D3F05A43280039009146FFF712FA350C090403
S21400D4000D43A9450DD95B464544013BA84500D9C7
S21400D4103AE1A94500D837E102235B429C464544E1
S21400D420E3444B46EB1A390018000493FFF772F9F1
S21400D430019B05004343390004989946FFF7F0F92D
S21400D440330409041B0C0B43994509D943446A1E4F
S21400D450984500D91AE1994500D817E1023D4344A2
S21400D4604A469B1A5A4612042A4303999346100CBE
S21400D4700A0C914609045A46090C4E460D00120441
S21400D480120C4543059151437243704352190E0CDA
S21400D490B218954203D980256D02AC466044150C3F
S21400D4A009041204090C28185218834200D2CEE050
S21400D4B000D1C8E01D1A53469E1AB2459241524208
S21400D4C0AB1A9A46984500D117E139001800FFF7C5
S21400D4D021F9019B05004343390050460493FFF7AA
S21400D4E09FF904980B04310C1943884209D941442A
S21400D4F06B1E884500D907E1884200D804E1023D4A
S21400D5004144049BCB1A180039000493FFF702F934
S21400D510019B82464343390004980193FFF780F944
S21400D52001980B043104090C194388420DD953465F
S21400D5304144013B884500D9E8E0884200D8E5E050
S21400D54002235B429C464144E244019B2D04CE1AD2
S21400D55051462943059D4F462A000B04080C1B0C18
S21400D5605A4345437B4378435B19170CFB189D428F
S21400D57003D980256D02AC4660441D0C12041B04C2
S21400D580120C28189B18864200D293E000D18EE039
S21400D59001231943A04BE318002B00DC99E04A074F
S21400D5A000D09EE05A46D20106D55A469B4B1A40FA
S21400D5B080239346DB00E318994A934268DD0123F3
S21400D5C0029A984C1A400023944698460022C5E6D4
S21400D5D080224B46120313420AD05B46134206D102
S21400D5E01A431203120BAC4688468E4CB6E64B46E0
S21400D5F01A431203120BBC468A4CAFE603005A4687
S21400D600283B9A4000239146984657E6584600F035
S21400D6105FFF203040E603005246283B9A40002138
S21400D620934677E600F054FF20305FE6884500D248
S21400D630C7E64B46DE075D0843465B081E43434687
S21400D640DB079A46C2E60025924500D333E7039EE1
S21400D6505946B446E244B245AD416D424544EB18E6
S21400D6600139984507D2984200D97FE000D1BCE046
S21400D6701D1A8B461FE79845FAD1039D5545F2D9EA
S21400D68043468B461D1A16E79B46CAE61500E7E694
S21400D6905A46C90852070A435B0590465C0D5A462F
S21400D6A00123029952021940120B8C4656E6002BB3
S21400D6B000D16FE746444A1EB04529D9110086427C
S21400D6C000D065E7039A934200D061E762E7012144
S21400D6D049420120C21A382A21DD029B03409C469B
S21400D6E038E60F220A40042A00D15BE70A00111D23
S21400D6F0914292415242934454E7474BE318002B21
S21400D700E5DD01225242F2E71D00FAE69A461CE7E2
S21400D710B04239D86ED011003AE702933AE71F2A92
S21400D7203CDC20239B1A0C005846994098404B1E20
S21400D73099415B46D440D340204308431A00430730
S21400D74009D00F230340042B05D00100081D884292
S21400D7509B415B42D21813023AD50123029A012458
S21400D7601A400023944698460022F7E502214942D3
S21400D7708C46039DE344AC46E244AA45AD416D4267
S21400D7804544ED182D1A96E68A1E03994D008D42E3
S21400D790894149424144761803958FE71F2040424D
S21400D7A0C31A5846D8400300202A28D040205D4699
S21400D7B0821A954029434A1E9141194307230022A5
S21400D7C00B4009D00F2300220B400800042BBDD1CC
S21400D7D0010053075202120BC90819430123884659
S21400D7E00299002419408C46B8E55245BED88B46AF
S21400D7F0002560E6039D9D42C6D3110062E7002522
S21400D800D8E780225B4612031A43019B1203120BD1
S21400D8109C468846034CA1E5FF030000FFFFFFFE81
S21400D820FE070000FF070000F0B557464546DE46F7
S21400D8304E46E0B50C0398464E00230B87B0070013
S21400D84092469B46760DCD0F002E6BD06D4B9E42BA
S21400D85035D080245B46420F2404DB0014431C436F
S21400D860C3009946684BA3469C460023002766449F
S21400D870029343461C035A00DB0F5046240B520DFE
S21400D880984600D176E05F4B9A426DD08023410FD8
S21400D8901B040B435C49E4008C461C43C300002079
S21400D8A062444146B6186940721C0191944607438B
S21400D8B00F2F00D9B0E0554ABF00D25997465B46B5
S21400D8C00343994600D087E000239B46023308278F
S21400D8D00293CEE742460192022867D0032800D181
S21400D8E00EE2012800D062E10023002400229946BF
S21400D8F001990140CDB2002112030B0D120B1B053E
S21400D9001343434A240513401C436400ED07640890
S21400D9102C434846210007B03CBC90469946A24698
S21400D920AB46F0BD034399464FD05B46002B00D173
S21400D93089E1584600F0CCFD03000B3B1C2B00DDB4
S21400D9407AE11D22D31A3A0001005C46DA40083913
S21400D9508C4013008F4023439B46B94600232D4E30
S21400D9600027361A029384E7534623432AD100241D
S21400D970022096E75346234320D0002C00D157E1DF
S21400D980200000F0A5FD03000B3B1C2B00DD49E149
S21400D9901D21CB1A51460200D9405346083A9440FE
S21400D9A093400C431B4A121A00207AE70125019B7C
S21400D9B0144C1D400023002299469CE700240022B8
S21400D9C001206EE7534603206BE700239B46013396
S21400D9D00427002602934CE7032381460C27029374
S21400D9E047E780220023002512039946054C82E76C
S21400D9F05C464B4602986FE75C464B46019502989C
S21400DA006AE7C046FF07000001FCFFFF580E010052
S21400DA10FFFF0F800DFCFFFF4A464946170C1A0C05
S21400DA201B041B0C08041900000C41431500884613
S21400DA3019007D437943039589462900150045431F
S21400DA404D44029545462D0CAA46029D5544A945CF
S21400DA5006D98A46802149028946CA44514603911E
S21400DA60290C0491414609042D04090C8846290016
S21400DA70250C24044144240C05912100414388468A
S21400DA80210079438A466843414650448146080C43
S21400DA9048446F43824503D98021490289464F4452
S21400DAA0010C894639004944029141460F04049905
S21400DAB03F0C88460004C0198044414604915946EC
S21400DAC00F0C0904090C884659438A46390051430D
S21400DAD0894641464A435146090C8B467B43D21839
S21400DAE05A44934203D980235B029B46D94451464D
S21400DAF00904090C8A46414661437C43130C120410
S21400DB004B445244A1468A463C0041466C434D4332
S21400DB1051464D440F0C7D19A94503D98021490271
S21400DB2088464444049F0399B84641448B4683453F
S21400DB30804141428846514608042F04000C3F1895
S21400DB405846029910188946904292414F44BA4668
S21400DB50524299469346C244D144CB448F42BF4179
S21400DB60C245894199459B41934592417F4249422E
S21400DB702D0C52420F435B4213437F19FF185B463E
S21400DB803C19DB0D059A64021C43430213435D1ED9
S21400DB90AB415A46C00D034352021343E20156D529
S21400DBA001205A0803401343E207134364085A4807
S21400DBB0604400284DDD5A0709D00F221A40042A77
S21400DBC005D01A1D9A429B415B42E4181300E201FD
S21400DBD004D58020514AC00014406044504A904208
S21400DBE000DDE3E60125DB0862071A436402019BB9
S21400DBF09146220B4405640D1D407CE68022594662
S21400DC001203114208D0144206D122431203120B0B
S21400DC1045469946434C6EE65B461A431203120B82
S21400DC20404C68E603005446283B9C400023B9E677
S21400DC3000F04EFC2030A6E60300283B9F40002361
S21400DC40BB4699468AE600F043FC203074E6B446AC
S21400DC50ADE701252A1A382A06DD019B00241D405F
S21400DC6000230022994646E61F2A21DC20252000B4
S21400DC70AD1A1E00AB40A840D6405D1EAB413043F7
S21400DC801843D440430709D00F230340042B05D084
S21400DC900300181D98429B415B42E418230221D5DD
S21400DCA00125019B01241D4000230022994622E6FF
S21400DCB01F2521006D42281AC1400800202A1DD0C9
S21400DCC05F35AA1A944023435C1EA34107250343ED
S21400DCD01D400022002D09D00F2200241A401800F3
S21400DCE0042AD6D1030065076402220BDB082B4307
S21400DCF001259946019B00241D40FCE50024E2E72F
S21400DD00802201251203224301991203120B0D40B3
S21400DD109946044CEFE5C046FF030000FFFFFFFEF8
S21400DD20FE070000FF070000F0B54646D6464F4601
S21400DD300C03C0B5CD0F4E00610A440F0C43C10062
S21400DD405800400D84468A460F001903500F490AB2
S21400DD500143C648760DA846DB0FD200844500D1A5
S21400DD60D8E001204340AB4200D1A6E06046351A19
S21400DD70002D00DC05E1002810D10B00134300D174
S21400DD80D7E06B1E002B00D04BE153469F1ABA45D6
S21400DD908041641A4042241A01261EE0B34B9E427C
S21400DDA048D080231B041943382D00DD19E11F2DB0
S21400DDB000DD4CE120230F005B1B10009A409F40C3
S21400DDC0E840531E9A41E940074317435346DF1B7A
S21400DDD0611ABA45A44164420C1B230200D4C5E074
S21400DDE06402650A002D00D1F6E0280000F070FB02
S21400DDF00300083B1F2B00DDE9E020223C00D21A7E
S21400DE009D40D4409F4025439E4200DDDBE09E1BA4
S21400DE10731C1F2B00DD0AE120223800D21A2900CD
S21400DE2097402C009140D8407A1E9741DC4000264F
S21400DE3001430F437B0709D00F233B40042B05D03B
S21400DE403B1DBB42BF417F42E4191F00230225D57C
S21400DE50864B01369E4200D1AFE0854B01251C4023
S21400DE6043466207FF08640276051743240B760DC7
S21400DE701D4000212403230B0C0D7E4A24051C4361
S21400DE801440330523435B00ED075B082B43380043
S21400DE9019001CBC90469946A246F0BD0125434693
S21400DEA06207FF081743E4081D40704B9E4236D0B9
S21400DEB024037605240B760DDBE76346F31A002B66
S21400DEC000DC94E06046002835D068488642B1D031
S21400DED080273F043943382B00DCFDE00A43170057
S21400DEE000217A1E974157445745804109194442FC
S21400DEF00C1923023AD55D4B01369E4200D14BE108
S21400DF0001225B4B1C407B0817401F43E207174368
S21400DF1064088FE70800104300D024E721E72300B9
S21400DF203B4300D1B9E18022120314432403240B9F
S21400DF309FE72E007EE70800104300D1CAE0581E77
S21400DF408446002800D0E7E05244524580416418D9
S21400DF504042241817000126230207D50226CFE7E1
S21400DF6064462C4300D1B3E12C0067467B0700D003
S21400DF7062E76307FF081F4301254346E4081D4088
S21400DF8093E7002D78D1751C6D056D0D012D00DC15
S21400DF90F2E05046801A8245BF41651A7F42ED1B6B
S21400DFA08446280200D48CE05046171ABA429241A2
S21400DFB00C1B5542651B984614E701254346002472
S21400DFC01D40002755E72A4CF61A2C4032E73D0044
S21400DFD028388540002717E7380000F079FA203007
S21400DFE006E70A43170000217A1E9741EEE6002B4B
S21400DFF000D0E5E0731C9C465B055B0D012B00DC46
S21400E0009FE01A4B9C4500D1C5E0524452458041E2
S21400E010641840422418E707520817436408664607
S21400E02008E71248854200D185E01D00BCE62900BD
S21400E0301F3EF140202B00D17FE04022D31A9D40A6
S21400E0402F437D1EAF4100240F4300268EE72B0092
S21400E0500F00203BDF40202D71D040235D1BA940E0
S21400E0600A43511E8A4100211743AFE6FF0700000E
S21400E070FFFF7FFFFFFF0F80002E3ED0B34EB4455C
S21400E08045D0802636046D423443382D00DDA8E0A6
S21400E0901F2D00DD1FE1202627005046761BB740C7
S21400E0A0E84007435046B040461EB041EC40384377
S21400E0B0171ABA4292410C1B5242A41A6646984658
S21400E0C08BE6644667462C4300D08BE60025002688
S21400E0D00027EAE61E00ADE61F2B60DC2027F81AB4
S21400E0E00F00844687401000D840074360468240B1
S21400E0F0501E8241D9401743F5E626005046064397
S21400E10005D0ED43002DD3D0904EB445BDD10C00C4
S21400E1101700664698468DE68C4883420BD06346C9
S21400E120D9E6002D00D096E00800104300D1E2E0CA
S21400E1300C0017009846854E7CE6002580E70021F7
S21400E1408EE7230050460343002E00D0A8E0002BA5
S21400E15000D1DEE00B00134300D16BE6524452457B
S21400E16080416418404224181700230200D4FDE6BC
S21400E170774B66461C405DE6250050460543002E5C
S21400E180CFD1002D4FD10C00144300D1A0E00C00DD
S21400E190170098464EE666460024002785E61F00D0
S21400E1A00800203FF8400700202B00D18EE04020DA
S21400E1B0C31A99400A43511E8A410021174392E62A
S21400E1C0002E14D126005046064362D0DB43002BB7
S21400E1D05CD187189742924164185242A41866464A
S21400E1E087E650462043441EA041002460E7574E71
S21400E1F0B4454ED0802636045B423443382B00DDCF
S21400E2007FE01F2B00DD8BE0202627005046F61A05
S21400E210B740D84007435046B040461EB04107437B
S21400E220DC40BF18D6E70D00154300D102E6504685
S21400E230801A8245BF41651A7F42ED1B844628023C
S21400E24000D48DE65046171ABA4292410C1B524231
S21400E250A41A9846EEE50D00154300D16BE750462C
S21400E2606707C00807438020E4080003044207D07D
S21400E270CD08054204D12C009846D70849070F431D
S21400E2807B0FE4001C43FF00304ED3E52F4EB44511
S21400E290B4D10C0017006646CCE500270024E8E55C
S21400E2A0002B39D00B00134300D144E7C0086707A2
S21400E2B007438020E40800030442E1D0CB08034271
S21400E2C0DED1D70849070F431C00D9E7002171E7C4
S21400E2D000250027E9E52E002700203EF740202DE8
S21400E2E02FD04026751BAC4050462043441EA0410C
S21400E2F000243843DCE6802400252403134E002740
S21400E300D3E5504620430700781E87410024BF18F7
S21400E31060E70C0017008DE50C0017000B4E89E532
S21400E3201E002700203EF740202B0CD04026F31A74
S21400E3309C4050462043441EA04107430024BF187B
S21400E34048E70024D0E70024F3E7C046FF070000B4
S21400E350FFFF7FFF30B5134D0A034B00120B5B0D1A
S21400E360C90F0024AB4210DD0F4CA3420FDC802403
S21400E3700E4D64032243ED1A1F2D0BDD0C48C31A05
S21400E380DA405442002900D11400200030BD094B69
S21400E390CC18FAE7084CE840A44663449A40024387
S21400E3A0EFE7C046FE0300001D0400003304000033
S21400E3B013040000FFFFFF7FEDFBFFFF10B5041EF8
S21400E3C028D000F085F8154B154A1B1AD21A1F2ABA
S21400E3D015DD144AD21A9440002224035B05240B50
S21400E3E05B0D0021100024030A0D240B12052243A6
S21400E3F00D4C1B05224013435B00590810BD21003D
S21400E40091400A000B21081AC4405B052403240B24
S21400E4105B0DE6E7002300240022E2E71E0400006E
S21400E4203304000013040000FFFF0F804100090EB4
S21400E4304B1C70B5DBB24602750AC40F012B14DD07
S21400E440E0239B006D07360BCB1800210A0D280031
S21400E45012051C4D32435B052A405B0813435B00E4
S21400E460E4075B082343190070BD002914D1002D72
S21400E4701ED0280000F02CF80A281CDC0B232A00EB
S21400E4801B1ADA40030015339D400F4B12031B1A6C
S21400E4905B05160B5B0DD8E7002D06D0320B8026E9
S21400E4A036036D071643094BCFE7084B0026CCE72B
S21400E4B000230026C9E703002A000B3B9A400025EC
S21400E4C0E3E7C046FFFF0F8089030000FF07000058
S21400E4D01C2101231B04984201D3000C10391B0A8F
S21400E4E0984201D3000A08391B09984201D3000953
S21400E4F0043902A2105C40187047C04604030202AA
S21400E50001010101000000000000000010B50A2211
S21400E510002100F021FA10BD70B500260C4D0D4C00
S21400E520641BA410A64209D1002602F085FD0A4D00
S21400E5300A4C641BA410A64205D170BDB300EB586C
S21400E54098470136EEE7B300EB5898470136F2E7F6
S21400E550441001004410010044100100481001005E
S21400E56010B5034B0100186800F060F810BDC046F7
S21400E57030000020002310B59A4200D110BDCC5CBC
S21400E580C4540133F8E703008218934200D1704761
S21400E59019700133F9E7000070B50500002910D0A6
S21400E5A00C1F2368002B00DAE418280000F044FA59
S21400E5B01D4A1368002B05D163601460280000F024
S21400E5C03CFA70BDA34209D9216860188342F3D192
S21400E5D018685B6841182160EEE713005A68002A45
S21400E5E001D0A242F9D919685818A0420BD1206868
S21400E5F00918581819608242E0D11068526841180C
S21400E60019605A60DAE7A04202D90C232B60D5E7DE
S21400E61021686018824203D1106852684118216050
S21400E62062605C60CAE7C04670380020032370B59D
S21400E630CD1C9D43083506000C2D1ED20C25A94284
S21400E6401DD8300000F0F8F9254A1468210000298A
S21400E65019D1244C2368002B03D1300000F044F875
S21400E66020602900300000F03FF8431C2CD10C231A
S21400E6703000336000F0E1F903E0002DDFDA0C2310
S21400E6803360002070BD0B685B1B1AD40B2B03D9BC
S21400E6900B60CC18256003E08C420ED163681360D3
S21400E6A0300000F0CAF9200007220B30231D9043EB
S21400E6B0C31AE7D05A42E250E4E74B6863600C00A6
S21400E6C0EEE70C004968C2E70323C41C9C43A04243
S21400E6D0E0D0211A300000F007F8431CDAD1C6E774
S21400E6E07038002074380020002370B5064C0500F2
S21400E6F008002360FDF7D4FE431C03D12368002BDB
S21400E70000D02B6070BDC046B44F00200CB430B5AE
S21400E710164B9DB00C1E1D6808DA8B2301202B605B
S21400E72040421DB030BC08BC02B01847822302A984
S21400E7309B008B810023029008619C4200D0631EE0
S21400E7408B604B6101235B42CB81209A21AB280072
S21400E750019300F0D5F9431C01DA8B232B60002CC3
S21400E760DFD00023029A1370DBE7C046300000209B
S21400E7700EB410B59DB002A9029008610B48822421
S21400E78088604861012040421FABC881084804CB1E
S21400E790A400006801938C8100F0B2F90023029A6D
S21400E7A013701DB010BC08BC03B01847FFFFFF7FF6
S21400E7B030000020F8B507000E003C7800F01CF989
S21400E7C00322001943781340012B00D120343578FA
S21400E7D000F012F90322401943781340012B00D1B0
S21400E7E02035601B03D101370136002DE5D1F8BD79
S21400E7F00023C25C0133002AFBD1581E7047002359
S21400E80030B59A420AD0013AC45CCD5CAC4204D121
S21400E8109A4202D00133002CF6D1631B180030BD9B
S21400E82070B50400002A00D170BD0D78561E631C1A
S21400E83025700131002D05D1A4189C42F4D01D701E
S21400E8400133FAE71C003200ECE70000F0B51F00C9
S21400E8500E0087B00590039102920C98347800F071
S21400E860C7F8082200194378751C13400CD12D2CCC
S21400E8700CD101332C780193B51C002F0CD0102F2F
S21400E88014D1302C0AD011E02E00E6E701932B2C91
S21400E890F3D12C78B51CF0E7302C2FD120222B7822
S21400E8A09343582B51D110276C780235019B294A87
S21400E8B039009E183000FDF7B3FF30000491390090
S21400E8C0FDF728FF01210023494202008C4618006C
S21400E8D021003039092913D80C00A7421CDD591C29
S21400E8E009D06346824206D302D10499A14202DBD4
S21400E8F00123784320182C780135E9E70A27D5E765
S21400E90021004139192901D8373CE6E72100613951
S21400E910192901D8573CE0E75A1C08D1059A233339
S21400E9201360029B3000002B0BD107B0F0BD019A9C
S21400E930002A00D04042029A002AF6D0039A002B02
S21400E94000D06A1E029B1A60EFE73024002FADD17C
S21400E9500837ABE7FFFFFF7F37B51300064A050011
S21400E9601068046A002C00D1044C0A0000942900A8
S21400E970FFF76CFF3EBDC04630000020940000202C
S21400E98030B514009BB005001A00002C05DA8B2366
S21400E9900360012040421BB030BD822368469B00C6
S21400E9A083810023009104919C4200D0631E029351
S21400E9B00593012369465B42CB8128001E9B00F02D
S21400E9C09FF8431C01DA8B232B60002CE3D0002336
S21400E9D0009A1370DFE7000007B5009313000A00E3
S21400E9E0010002480068FFF7CBFF0EBD3000002094
S21400E9F0EC30006870470000044B1B681B6A002B55
S21400EA0000D1034BEC3318687047C0463000002036
S21400EA109400002082B0002900D101A9101E06D063
S21400EA20002B06D013780B601078431E984102B076
S21400EA30704702204042FAE770477047F0B58E688C
S21400EA4085B007000C00039201939E4239D89023AC
S21400EA508A89DB001A4234D00325096923685B1AC9
S21400EA600293636902985D43EB0F5D19019B6D107D
S21400EA7001331B18AB4200D91D00530532D52900BF
S21400EA803800FFF7D3FD061E09D10C233B60402358
S21400EA900120A28940421343A38105B0F0BD029A2B
S21400EAA02169FFF767FDA389144A1A4080231343A0
S21400EAB0A381029B2661F61826606561019EED1A09
S21400EAC0A560019BB34200D21E0032000399206865
S21400EAD000F0B9FAA36800209B1BA36023689E1968
S21400EAE02660DAE72A00380000F0BFFA061EE0D1FA
S21400EAF021693800FFF750FDC7E7C0467FFBFFFFE0
S21400EB00F0B59FB0029005938B890F0016001B0688
S21400EB1011D50B69002B0ED14021FFF787FD386019
S21400EB203861002805D10C23029A013813601FB003
S21400EB30F0BD40237B61002306AD6B6120336B760E
S21400EB401033AB7634002378002B47D1A31B0493F5
S21400EB500DD0A31B320039000298FFF76FFF431C4D
S21400EB6000D1B5E06A69049B944663446B612378E0
S21400EB70002B00D1ACE00122002352426A6002A9B9
S21400EB805432521801342B60EB60AB601370AB65E7
S21400EB90584E05222178300000F04AFA621C002800
S21400EBA020D12968CB0604D5532302AE20309B190A
S21400EBB018700B0704D553232B2002AE9B19187030
S21400EBC023782A2B16D000200A21099B2278303A77
S21400EBD0092A55D9002815D0099313E0252BB5D05E
S21400EBE00134B0E70123801B8340296814000B43DF
S21400EBF02B60CDE7059B181D1B680590002B39DBA5
S21400EC000993140023782E2B0BD16378621C2A2BD1
S21400EC103ED1059B02341A1D1B680592002B34DB7F
S21400EC200793354E21780322300000F001FA0028C1
S21400EC3006D04023801B83402A68013413432B6090
S21400EC40217806222D48661C297600F0F1F9002866
S21400EC5046D02B4B002B2FD12968059B0722C905D0
S21400EC6028D59B189343083305936B69039A9B1822
S21400EC706B6167E75B42EB6002230B432B60C0E7E8
S21400EC804B4301349B180120A0E701235B42C7E7F2
S21400EC90002314000A201A006B60217830390929F5
S21400ECA003D9002BBDD00792BBE74243013452186C
S21400ECB00123F2E70733D5E705AB00933A00114B83
S21400ECC02900029800E000BF0390039B0133CCD1DB
S21400ECD0BB890B985B0600D429E70120404226E753
S21400ECE005AB00933A00074B2900029800F07AF82B
S21400ECF0EAE7C046020F0100080F01000C0F0100F2
S21400ED00000000003DEA0000F7B5150001938A6890
S21400ED100B6900900C00934200DA130022002B606F
S21400ED2043321278002A01D001332B6023689B06F9
S21400ED3002D52B6802332B60062723681F4027D096
S21400ED40230043331B785A1E93412268920630D420
S21400ED502200019943320098089EB047431C25D0F4
S21400ED60062320682A68E16803400025042B03D1A7
S21400ED708D1AEB43DB171D40A3682269934201DD21
S21400ED809B1AED180027BD4220D1002010E0013765
S21400ED90E3682A689B1A9F42D2DA220001231932BE
S21400EDA001990098089EB047431CF0D101204042CC
S21400EDB0FEBD3020E1184331087021005A1C453151
S21400EDC00978A218433202331170C1E722000123EA
S21400EDD01A3201990098089EB047431CE6D00137C6
S21400EDE0D1E70000F0B58BB006920A0043320793D5
S21400EDF0059004920A7E0C00109B6E2A00D18FE0CC
S21400EE0017D8632A2CD008D8002A00D199E0582AAF
S21400EE1054D026004236327029E0642A01D0692A8E
S21400EE20F7D121681A68080623D5111D19601568E0
S21400EE3025E0732A00D188E008D86F2A29D0702AE6
S21400EE40E7D1202209680A43226003E0752A20D011
S21400EE50782ADED122007821453211706C4A30E0E3
S21400EE600E001A684236111D1960136833700123AC
S21400EE7079E04906D9D5111D19600023D55E002D0D
S21400EE8003DA2D23049A6D421370624B0A2703930C
S21400EE902FE020681968050603D5081D18600D6860
S21400EEA005E04006F9D50D68081D1860ADB2594B4F
S21400EEB0082703936F2A18D00A2716E045310A70F0
S21400EEC0544A03921A682168101D186015680806CF
S21400EED022D5CB0702D52023194321601027002D09
S21400EEE003D1202322689A43226023000022433362
S21400EEF01A706368A360002B5CDB042221689143D0
S21400EF002160002D58D1049E002B64D02600039B60
S21400EF1042361B7833705EE04806DAD5ADB2D8E7E5
S21400EF2009681A68080605D5111D19601368626914
S21400EF301A6006E04906F7D5111D19601368A28A03
S21400EF401A800023049E236154E01A68111D19607C
S21400EF50166800216268300000F06AF8002801D0C8
S21400EF60801B6060636823610023049A137041E08D
S21400EF702369320006990598079DA847431C43D08D
S21400EF80236800259B070FD4099BE06898423DDA6A
S21400EF9018003BE022000123193206990598079EC7
S21400EFA0B047431C30D00135E368099A9B1A9D424E
S21400EFB0F0DBE9E7002DA9D0049E28003900FDF714
S21400EFC02FFC039B013E5B5C280033703900FDF785
S21400EFD0A1FB051EF1D1082F09D12368DB0706D552
S21400EFE063682269934202DC3023013E3370049B3F
S21400EFF09B1B2361079B09AA00932100069B05988B
S21400F000FFF782FE431CB3D1012040420BB0F0BD97
S21400F010240F0100130F01000B1E04D0FF2A04D991
S21400F0208A2303608B3B180070470A700123FAE7B7
S21400F030C9B28218904201D10020704703788B42F3
S21400F040FBD00130F6E710B5884202D98B189842FB
S21400F05008D300239A4207D0CC5CC4540133F9E7A6
S21400F0608B5C8354013AFBD210BDF8B507000D0047
S21400F0701600002905D11100FFF7D8FA0400200079
S21400F080F8BD002A03D1FFF787FA3400F7E700F04F
S21400F09012F82C008642F2D931003800FFF7C6FA83
S21400F0A0041EECD029003200FFF764FA290038006D
S21400F0B0FFF772FAE3E70B1F1B68181F002B01DA35
S21400F0C00B58C018704700004572726F7220726548
S21400F0D06164696E672066726F6D2056454D4C36CA
S21400F0E03033303A2053746174757320636F6465EF
S21400F0F02025640020042100496E697469616C69EA
S21400F1007A696E672056454D4C363033302E2E2E9B
S21400F1100000000056454D4C3630333020696E698D
S21400F1207469616C697A6174696F6E206661696C76
S21400F13065643A2053746174757320636F64652048
S21400F1402564000056454D4C3630333020737563C9
S21400F1506365737366756C6C7920696E6974696132
S21400F1606C697A65640000004672656552544F53B8
S21400F17020434C492E0D0A547970652048656C7002
S21400F18020746F20766965772061206C697374201F
S21400F1906F66207265676973746572656420636F55
S21400F1A06D6D616E64732E0D0A000000696D75004A
S21400F1B0696D753A2052657475726E73206120769B
S21400F1C0616C75652066726F6D2074686520494DA8
S21400F1D0550D0A00726573657400000072657365EC
S21400F1E0743A20526573657473207468652064658C
S21400F1F0766963650D0A00006C6564006C656420C2
S21400F2005B6B65796E756D5D5B525D5B475D5B4202
S21400F2105D3A205365747320746865206769766567
S21400F2206E204C454420746F2074686520676976AC
S21400F230656E20522C472C422076616C7565732EC5
S21400F2400D0A0000616C7300616C733A205265749D
S21400F25075726E732074776F2076616C7565732097
S21400F26066726F6D2074686520616D6269656E7484
S21400F270206C696768742073656E736F72200D0A60
S21400F28000000000636C7300636C733A20436C6587
S21400F29061727320746865207465726D696E616C46
S21400F2A02073637265656E0D0A000000436F756C0F
S21400F2B064206E6F7420616C6C6F6361746520737C
S21400F2C0656D6170686F72650D0A00000D0A0000BA
S21400F2D06F61000025635B324B0D3E00082008007E
S21400F2E0416363656C65726174696F6E205B6D6700
S21400F2F05D3A582025640959202564095A2025645A
S21400F3000D0A00004E6F20646174612072656164AE
S21400F3107921200D0A00000025635B324A000000B8
S21400F3204572726F723A20496E76616C696420701D
S21400F3306172616D65746572732E0A004C454420D7
S21400F3407365743A204B65793D25642C20524742FC
S21400F3503D2825642C25642C2564290A000000001D
S21400F3604572726F722073657474696E67204C45BF
S21400F370442E2564200A000056454D4C3630333066
S21400F38020696E697469616C697A6174696F6E2050
S21400F3906661696C6564207769746820636F64656C
S21400F3A02025640D0A0000004572726F7220726597
S21400F3B06164696E672076656D6C36303330212F58
S21400F3C0722F6E0052656164696E672073656E7396
S21400F3D06F7220646174613A20576869746520739F
S21400F3E074617475732025303258253032582C439A
S21400F3F06F6D62696E65642076616C756520696EF6
S21400F400206865783A20253034582C41637475613D
S21400F4106C4C757856616C75653A2575206C7578F8
S21400F4200D0A0000ACF10000B0F10000F90E00007B
S21400F43000000000D4F10000DCF1000035100000F0
S21400F44000000000F8F10000FCF10000551000007C
S21400F4500400000044F2000048F20000951100008D
S21400F4600000000084F2000088F20000ED0F0000AB
S21400F47000000000000100000E0103000E02010063
S21400F4800E03003010020100100400004572726F77
S21400F4907220696E697469616C697A696E67205357
S21400F4A06565736177210D0A000000004572726F72
S21400F4B0722F722F6E000000466F756E64205365C3
S21400F4C065736177212F722F6E000000436F756C95
S21400F4D064206E6F74207772697465205365657357
S21400F4E061772070696E212F722F6E00436F756CE6
S21400F4F064206E6F7420736574207365657361771E
S21400F500204E656F706978656C2073706565642140
S21400F5102F722F6E00000000436F756C64206E6FB4
S21400F520742073657420736565736177204E656F0C
S21400F530706978656C206E756D626572206F6620E6
S21400F540646576696365732F722F6E004572726FFD
S21400F550722072656164696E6720536565736177B2
S21400F56020636F756E7473212F722F6E000000007B
S21400F570101000000E050000436F756C64206E6F5F
S21400F5807420696E697469616C697A65204B657967
S21400F590706164212F722F6E0000000055492054C0
S21400F5A061736B20537461727465642100000000FF
S21400F5B068656C70000000000D0A68656C703A0D96
S21400F5C00A204C6973747320616C6C207468652023
S21400F5D07265676973746572656420636F6D6D61CB
S21400F5E06E64730D0A0D0A00496E636F727265636E
S21400F5F07420636F6D6D616E6420706172616D65FD
S21400F6007465722873292E2020456E746572202238
S21400F61068656C702220746F20766965772061209B
S21400F6206C697374206F6620617661696C61626CC8
S21400F6306520636F6D6D616E64732E0D0A0D0A0092
S21400F640436F6D6D616E64206E6F74207265636FBC
S21400F650676E697365642E2020456E746572202778
S21400F66068656C702720746F207669657720612046
S21400F6706C697374206F6620617661696C61626C78
S21400F6806520636F6D6D616E64732E0D0A0D0A0042
S21400F690B0F50000B8F50000D53B00000000000003
S21400F6A0765472616365456E61626C652854524398
S21400F6B05F53544152545F41574149545F484F533A
S21400F6C05429206E6F7420616C6C6F7765642069B6
S21400F6D06E20536E617073686F74206D6F64650082
S21400F6E0556E657870656374656420617267756DC4
S21400F6F0656E7420746F20765472616365456E6122
S21400F700626C652028736E617073686F74206D6F0D
S21400F710646529004E6F7420656E6F7567682054A7
S21400F72041534B2068616E646C6573202D20696EB2
S21400F730637265617365205452435F4346475F4E6C
S21400F7405441534B20696E20747263536E6170731C
S21400F750686F74436F6E6669672E68004E6F74201C
S21400F760656E6F756768204953522068616E646CD9
S21400F7706573202D20696E6372656173652054522F
S21400F780435F4346475F4E49535220696E2074726A
S21400F79063536E617073686F74436F6E6669672E2D
S21400F7A0680000004E6F7420656E6F7567682053A2
S21400F7B0454D4150484F52452068616E646C6573F4
S21400F7C0202D20696E637265617365205452435F15
S21400F7D04346475F4E53454D4150484F524520697A
S21400F7E06E20747263536E617073686F74436F6ECD
S21400F7F06669672E680000004E6F7420656E6F7530
S21400F8006768204D555445582068616E646C657372
S21400F810202D20696E637265617365205452435FC4
S21400F8204346475F4E4D5554455820696E207472C6
S21400F83063536E617073686F74436F6E6669672E8C
S21400F840680000004E6F7420656E6F756768205103
S21400F850554555452068616E646C6573202D20699A
S21400F8606E637265617365205452435F4346475F1B
S21400F8704E515545554520696E20747263536E612E
S21400F8807073686F74436F6E6669672E6800000059
S21400F8904E6F7420656E6F7567682054494D4552EB
S21400F8A02068616E646C6573202D20696E637265D6
S21400F8B0617365205452435F4346475F4E54494D3B
S21400F8C0455220696E20747263536E617073686F60
S21400F8D074436F6E6669672E680000004E6F742072
S21400F8E0656E6F756768204556454E5447524F55AE
S21400F8F0502068616E646C6573202D20696E63729B
S21400F90065617365205452435F4346475F4E4556D4
S21400F910454E5447524F555020696E2074726353BB
S21400F9206E617073686F74436F6E6669672E6800E9
S21400F9304E6F7420656E6F7567682053545245414C
S21400F9404D4255464645522068616E646C6573208C
S21400F9502D20696E637265617365205452435F4360
S21400F96046475F4E53545245414D425546464552D2
S21400F97020696E20747263536E617073686F74438F
S21400F9806F6E6669672E68004E6F7420656E6F75C1
S21400F9906768204D455353414745425546464552B4
S21400F9A02068616E646C6573202D20696E637265D5
S21400F9B0617365205452435F4346475F4E4D45533F
S21400F9C05341474542554646455220696E2074725B
S21400F9D063536E617073686F74436F6E6669672EEB
S21400F9E06800000070737A547261636547657445F9
S21400F9F072726F7248616E646C65733A20496E76F7
S21400FA00616C6964206F626A656374636C617373AA
S21400FA10210000006A4100006241000066410000CB
S21400FA205A4100005E4100006E4100007241000035
S21400FA30764100007A41000054524143455F4153ED
S21400FA40534552543A205265636F72646572206E55
S21400FA506F7420696E697469616C697A65642E20BA
S21400FA6055736520765472616365456E61626C6598
S21400FA70282920696E737465616421002873746197
S21400FA80727475702900000054524143455F41531B
S21400FA90534552543A205265636F72646572206E05
S21400FAA06F7420696E697469616C697A65642C206C
S21400FAB063616C6C20765472616365456E61626C3E
S21400FAC065282920666972737421000054524143E8
S21400FAD0455F4153534552543A20785472616365EA
S21400FAE053657449535250726F70657274696573CA
S21400FAF03A20496E76616C69642076616C75652083
S21400FB00666F722068616E646C65000054524143F3
S21400FB10455F4153534552543A20785472616365A9
S21400FB2053657449535250726F7065727469657389
S21400FB303A206E616D65203D3D204E554C4C0000D0
S21400FB4076547261636553746F72654953524265A9
S21400FB5067696E202D207265636F7264657220621D
S21400FB60757379212053656520636F646520636F24
S21400FB706D6D656E742E000054524143455F4153CF
S21400FB80534552543A2076547261636553746F72CB
S21400FB9065495352426567696E3A20496E76616CD4
S21400FBA06964204953522068616E646C6520284E53
S21400FBB0554C4C290000000054524143455F4153C8
S21400FBC0534552543A2076547261636553746F728B
S21400FBD065495352426567696E3A20496E76616C94
S21400FBE06964204953522068616E646C6520283E23
S21400FBF0204E495352290000546F6F206D616E7974
S21400FC00206E657374656420696E746572727570B3
S21400FC107473210076547261636553746F7265491C
S21400FC205352456E64202D207265636F7264657250
S21400FC302062757379212053656520636F646520A3
S21400FC40636F6D6D656E742E00000000556E6D61FD
S21400FC5074636865642063616C6C20746F207654EE
S21400FC607261636553746F7265495352456E6420C2
S21400FC70286E495352616374697665203D3D203095
S21400FC802C206578706563746564203E20302900FA
S21400FC9054524143455F4153534552543A2077727C
S21400FCA0697465496E74383A2062756666657220B6
S21400FCB03D3D204E554C4C0054524143455F415308
S21400FCC0534552543A207772697465496E743136DA
S21400FCD03A20627566666572203D3D204E554C4C56
S21400FCE00000000054524143455F4153534552546F
S21400FCF03A207772697465496E7433323A206275B9
S21400FD0066666572203D3D204E554C4C0000000056
S21400FD107654726163655072696E7446202D205465
S21400FD206F6F206D616E7920617267756D656E7498
S21400FD30732C206D617820313520616C6C6F77658F
S21400FD40642100007654726163655072696E744671
S21400FD50202D20546F6F206C61726765206172677A
S21400FD60756D656E74732C206D6178203332206259
S21400FD7079746520616C6C6F776564210000000003
S21400FD8054524143455F4153534552543A207654AA
S21400FD9072616365565072696E74463A20666F7279
S21400FDA06D6174537472203D3D204E554C4C0000DE
S21400FDB054524143455F4153534552543A20785478
S21400FDC072616365526567697374657253747269AC
S21400FDD06E673A206C6162656C203D3D204E554C46
S21400FDE04C00000054524143455F41535345525422
S21400FDF03A20707276547261636553746F726554FC
S21400FE0061736B52656164793A20496E76616C69FC
S21400FE10642076616C756520666F722068616E641A
S21400FE206C6500005265636F72646572206275735C
S21400FE3079202D2068696768207072696F7269740E
S21400FE407920495352207573696E672073797363FE
S21400FE50616C6C3F20283129000000005452414359
S21400FE60455F4153534552543A207072765472613E
S21400FE70636553746F72654C6F77506F7765723A2F
S21400FE8020496E76616C696420666C6167207661D5
S21400FE906C75650054524143455F41535345525477
S21400FEA03A20707276547261636553746F72654B54
S21400FEB065726E656C43616C6C3A2065636F646551
S21400FEC0203E3D2030784646000000005452414314
S21400FED0455F4153534552543A20707276547261CE
S21400FEE0636553746F72654B65726E656C43616CC7
S21400FEF06C3A206F626A656374436C617373203E6C
S21400FF003D2054524143455F4E434C415353455365
S21400FF100000000054524143455F4153534552543C
S21400FF203A20707276547261636553746F72654BD3
S21400FF3065726E656C43616C6C3A20496E76616CD6
S21400FF4069642076616C756520666F72206F626AE0
S21400FF506563744E756D6265720000005265636F6E
S21400FF60726465722062757379202D2068696768EF
S21400FF70207072696F7269747920495352207573C4
S21400FF80696E672073797363616C6C3F2028322931
S21400FF900000000054524143455F415353455254BC
S21400FFA03A20707276547261636553746F72654B53
S21400FFB065726E656C43616C6C57697468506172EB
S21400FFC0616D3A20657674636F6465203E3D20302F
S21400FFD07846460054524143455F41535345525478
S21400FFE03A20707276547261636553746F72654B13
S21400FFF065726E656C43616C6C57697468506172AB
S214010000616D3A206F626A656374436C6173732035
S2140100103E3D2054524143455F4E434C4153534568
S2140100205300000054524143455F415353455254D7
S2140100303A20707276547261636553746F72654BC1
S21401004065726E656C43616C6C5769746850617259
S214010050616D3A20496E76616C69642076616C75D3
S2140100606520666F72206F626A6563744E756D6295
S214010070657200005265636F726465722062757303
S21401008079202D2068696768207072696F726974BB
S2140100907920495352207573696E672073797363AB
S2140100A0616C6C3F20283329000000005452414304
S2140100B0455F4153534552543A20707276547261EB
S2140100C06365476574506172616D3A20496E766169
S2140100D06C69642076616C756520666F722070614C
S2140100E072616D5F6D61780054524143455F4153C3
S2140100F0534552543A207072765472616365537454
S2140101006F72654B65726E656C43616C6C57697492
S214010110684E756D65726963506172616D4F6E6C84
S214010120793A20496E76616C69642076616C7565F2
S21401013020666F7220657674636F64650000000048
S2140101405265636F726465722062757379202D2023
S21401015068696768207072696F726974792049539B
S21401016052207573696E672073797363616C6C3F97
S214010170202834290000000054524143455F415372
S214010180534552543A2070727654726163655374C3
S2140101906F72655461736B7377697463683A20494B
S2140101A06E76616C69642076616C756520666F7227
S2140101B0207461736B5F68616E646C65000000009B
S2140101C054524143455F4153534552543A2070724D
S2140101D076547261636553746F72654F626A6563C4
S2140101E0744E616D654F6E436C6F73654576656ED3
S2140101F0743A206F626A656374636C617373203E40
S2140102003D2054524143455F4E434C415353455361
S2140102100000000054524143455F41535345525438
S2140102203A20707276547261636553746F72654FCB
S214010230626A6563744E616D654F6E436C6F73657C
S2140102404576656E743A20496E76616C69642076EF
S214010250616C756520666F722068616E646C6500FE
S21401026054524143455F4153534552543A207072AC
S21401027076547261636553746F72654F626A656323
S2140102807450726F706572746965734F6E436C6FEC
S21401029073654576656E743A206F626A656374634A
S2140102A06C617373203E3D2054524143455F4E437B
S2140102B04C4153534553000054524143455F41530B
S2140102C0534552543A207072765472616365537482
S2140102D06F72654F626A65637450726F706572748F
S2140102E06965734F6E436C6F73654576656E743AD8
S2140102F020496E76616C69642076616C756520664E
S2140103006F722068616E646C650000005452414350
S214010310455F4153534552543A2070727654726188
S21401032063655365745072696F7269747950726F40
S21401033070657274793A206F626A656374636C6182
S2140103407373203E3D2054524143455F4E434C411A
S214010350535345530000000054524143455F4153F7
S214010360534552543A2070727654726163655365F0
S214010370745072696F7269747950726F70657274B5
S214010380793A20496E76616C69642076616C756590
S21401039020666F722069640054524143455F4153A1
S2140103A0534552543A2070727654726163654765BC
S2140103B0745072696F7269747950726F7065727475
S2140103C0793A206F626A656374636C617373203E69
S2140103D03D2054524143455F4E434C415353455390
S2140103E00000000054524143455F41535345525467
S2140103F03A2070727654726163654765745072690B
S2140104006F7269747950726F70657274793A2049A7
S2140104106E76616C69642076616C756520666F72B4
S2140104202069640054524143455F41535345525439
S2140104303A2070727654726163655365744F626ACE
S21401044065637453746174653A206F626A65637498
S214010450636C617373203E3D2054524143455F4EA9
S214010460434C41535345530054524143455F415316
S214010470534552543A2070727654726163655365DF
S214010480744F626A65637453746174653A20496E89
S21401049076616C69642076616C756520666F722082
S2140104A06964000054524143455F415353455254D9
S2140104B03A2070727654726163654765744F626A5A
S2140104C065637453746174653A206F626A65637418
S2140104D0636C617373203E3D2054524143455F4E29
S2140104E0434C41535345530054524143455F415396
S2140104F0534552543A20707276547261636547656B
S214010500744F626A65637453746174653A20496E08
S21401051076616C69642076616C756520666F722001
S2140105206964000054524143455F41535345525458
S2140105303A207072765472616365536574546173C0
S2140105406B496E7374616E636546696E697368653F
S214010550643A20496E76616C69642076616C7565D3
S21401056020666F722068616E646C65005472616308
S21401057065205265636F726465722044656D6F0015
S214010580417474656D707420746F20696E6465784B
S214010590206F757473696465206576656E74206274
S2140105A0756666657221000054524143455F4153AA
S2140105B0534552543A207569496E6465784F664FC3
S2140105C0626A6563743A20496E76616C6964207666
S2140105D0616C756520666F72206F626A656374630D
S2140105E06C6173730000000054524143455F4153F0
S2140105F0534552543A207569496E6465784F664F83
S214010600626A6563743A20496E76616C6964207625
S214010610616C756520666F72206F626A65637468C7
S214010620616E646C650000004F626A6563742074D5
S21401063061626C65206C6F6F6B757020776974688A
S21401064020696E76616C6964206F626A65637420E6
S21401065068616E646C65206F72206F626A65637490
S21401066020636C617373210054524143455F4153CB
S214010670534552543A2070727654726163654765E9
S214010680744F626A65637448616E646C653A2049AA
S2140106906E76616C69642076616C756520666F7232
S2140106A0206F626A656374636C6173730000000097
S2140106B054524143455F4153534552543A20707258
S2140106C0765472616365467265654F626A656374E6
S2140106D048616E646C653A20496E76616C69642087
S2140106E076616C756520666F72206F626A656374E9
S2140106F0636C61737300000054524143455F41537C
S214010700534552543A20707276547261636546724C
S21401071065654F626A65637448616E646C653A200C
S214010720496E76616C69642076616C756520666FCA
S214010730722068616E646C65000000004174746527
S2140107406D707420746F2066726565206D6F7265BA
S2140107502068616E646C6573207468616E20616CDC
S2140107606C6F63617465642100000000545241435C
S214010770455F4153534552543A2070727654726124
S21401078063655365744F626A6563744E616D653A5D
S214010790206E616D65203D3D204E554C4C0000009D
S2140107A0496C6C6567616C206F626A65637420636F
S2140107B06C61737320696E20707276547261636522
S2140107C05365744F626A6563744E616D650000001F
S2140107D0496C6C6567616C2068616E646C65202885
S2140107E0302920696E207072765472616365536594
S2140107F0744F626A6563744E616D652E0000000079
S21401080054524143455F4153534552543A20707206
S2140108107654726163654F70656E53796D626F6C65
S2140108203A206E616D65203D3D204E554C4C0000D2
S21401083054524143455F4153534552543A207072D6
S21401084076436865636B44617461546F42654F76A5
S21401085065727772697474656E466F724D756C74E5
S21401086069456E7472794576656E74733A206E6F5B
S21401087066456E7472696573546F436865636B2071
S2140108803D3D20300000000054524143455F415336
S214010890534552543A2070727654726163654765C7
S2140108A0744454533A20496E76616C6964207661CB
S2140108B06C756520666F7220706172616D5F6D6127
S2140108C078445453000000004261642070617261F4
S2140108D06D5F6D617844545320696E207072765452
S2140108E07261636547657444545300005452414332
S2140108F0455F4153534552543A20707276547261A3
S21401090063654C6F6F6B757053796D626F6C546174
S214010910626C65456E7472793A206E616D65203D34
S2140109203D204E554C4C000054524143455F4153C7
S214010930534552543A2070727654726163654C6F17
S2140109406F6B757053796D626F6C5461626C65453F
S2140109506E7472793A206C656E203D3D2030000041
S21401096054524143455F4153534552543A207072A5
S21401097076547261636543726561746553796D621D
S2140109806F6C5461626C65456E7472793A206E6163
S2140109906D65203D3D204E554C4C00005452414360
S2140109A0455F4153534552543A20707276547261F2
S2140109B0636543726561746553796D626F6C5461EA
S2140109C0626C65456E7472793A206C656E203D3DA9
S2140109D02030000053796D626F6C207461626C6523
S2140109E02066756C6C2E20496E6372656173652096
S2140109F05452435F4346475F53594D424F4C5F54F1
S214010A0041424C455F53495A4520696E20747263D2
S214010A10436F6E6669672E680000000054524143BA
S214010A20455F4153534552543A2070727654726171
S214010A306365476574436865636B73756D3A2070CB
S214010A406E616D65203D3D204E554C4C000000000A
S214010A5054524143455F4153534552543A207072B4
S214010A60765472616365476574436865636B737535
S214010A706D3A2070637263203D3D204E554C4C000C
S214010A8054524143455F4153534552543A20707284
S214010A90765472616365476574436865636B737505
S214010AA06D3A20706C656E677468203D3D204E552A
S214010AB04C4C000049444C4500000000546D722027
S214010AC0537663001C9100001C9100001C910000ED
S214010AD0AA910000749100009E9100001C910000F4
S214010AE01C910000AA9100007491000000080042C9
S214010AF0000C0042001000420014004200180042A0
S214010B00001C0042090A0B0C0D0E00000AB500007D
S214010B1084B5000084B5000028B5000022B50000A9
S214010B202EB5000010B5000034B500006AB500000F
S214010B306CB70000BCB70000BCB70000B8B7000037
S214010B405EB700007EB700004EB7000090B7000009
S214010B50A2B700000AB8000038B8000038B8000094
S214010B6034B8000004B8000010B80000FEB700005A
S214010B7016B800001CB800000100000002000000CA
S214010B800400000008000000001000000020000023
S214010B90004000000080000000000100000002008C
S214010BA000000400000008000D0A0D0A2D2D2D2D51
S214010BB02D455345353136204D61696E2050726F93
S214010BC06772616D2D2D2D2D2D0D0A000D0A0D0A52
S214010BD0496E697469616C697A652048572E2E2EB4
S214010BE00D0A00004572726F7220696E6974696140
S214010BF06C697A696E67204932432044726976656A
S214010C0072210D0A00000000496E697469616C6901
S214010C107A65642049324320447269766572210DF3
S214010C200A0000004572726F7220696E697469610C
S214010C306C697A696E6720536565736177210D0A61
S214010C4000000000496E697469616C697A65642008
S214010C50536565736177210D0A00000043616E6E6E
S214010C606F742066696E6420494D55210D0A000097
S214010C70494D5520666F756E64210D0A000000000F
S214010C80494D5520696E697469616C697A6564219C
S214010C900D0A0000436F756C64206E6F7420696ED8
S214010CA0697469616C697A6520494D550D0A0000C1
S214010CB048656170206265666F7265207374617243
S214010CC074696E67207461736B733A2025640D0A2C
S214010CD000000000434C495F5441534B00000000A4
S214010CE04552523A20434C49207461736B20636F1E
S214010CF0756C64206E6F7420626520696E69746914
S214010D00616C697A6564210D0A00000048656170AE
S214010D10206166746572207374617274696E6720EF
S214010D20434C493A2025640D0A00000055492054D9
S214010D3061736B004552523A205549207461736BBA
S214010D4020636F756C64206E6F7420626520696E17
S214010D50697469616C697A6564210D0A0000000096
S214010D60486561702061667465722073746172747F
S214010D70696E67205549205461736B3A2025640DCE
S214010D800A0000004572726F72206F6E206D656DED
S214010D906F727920616C6C6F636174696F6E206F1E
S214010DA06E204652454552544F53210D0A0000000D
S214010DB04572726F72206F6E20737461636B206F61
S214010DC0766572666C6F77206F6E20465245455287
S214010DD0544F53210D0A0000ACC90000FCC80000A6
S214010DE0FCC80000FAC800009EC900009EC90000A9
S214010DF094C90000FAC800009EC9000094C900000A
S214010E009EC90000FAC80000A4C90000A4C90000D9
S214010E10A4C9000034CA0000B8D300009AD3000069
S214010E2054D3000072D2000054D300008CD30000CB
S214010E3054D3000072D200009AD300009AD3000067
S214010E408CD3000072D200006AD200006AD2000081
S214010E506AD20000D0D5000018DA0000D8D8000009
S214010E60D8D80000D4D80000F0D90000F0D900008E
S214010E70E2D90000D4D80000F0D90000E2D9000081
S214010E80F0D90000D4D80000F8D90000F8D9000045
S214010E90F8D90000FCDB00000000000000000000A4
S214010EA0000000000000000000000000000000003C
S214010EB0000000000000000000000000000000002C
S214010EC0000000000000000000000000000000001C
S214010ED0000000000000000000000000000000000C
S214010EE000000000000000000000000000000000FC
S214010EF000000000000000004300504F5349580016
S214010F002E00232D302B2000686C4C00656667454B
S214010F10464700303132333435363738394142436B
S214010F20444546003031323334353637383961621C
S214010F3063646566000020202020202020202028D1
S214010F40282828282020202020202020202020207B
S214010F5020202020202088101010101010101010B3
S214010F6010101010101004040404040404040404F3
S214010F701010101010101041414141414101010172
S214010F80010101010101010101010101010101014B
S214010F900110101010101042424242424202020258
S214010FA0020202020202020202020202020202021B
S214010FB002101010102000000000000000000000C9
S214010FC0000000000000000000000000000000001B
S214010FD0000000000000000000000000000000000B
S214010FE000000000000000000000000000000000FB
S214010FF000000000000000000000000000000000EB
S21401100000000000000000000000000000000000DA
S21401101000000000000000000000000000000000CA
S21401102000000000000000000000000000000000BA
S2140110300000000000000000F8B5C046F8BC08BC7F
S2140110409E467047DD000000F8B5C046F8BC08BCF7
S20C0110509E467047B500000042
S21401105801280000A52800000000000090F6000006
S214011068000000000C000020000201010200000040
S21401107801000000FFFF0100AAAAAAAA01000000B9
S2140110883400002000000000B80E0100D80E010050
S214011098980E01000000000000000000000000009B
S2140110A80000000000000000000000000000000032
S2140110B80000000000000000000000000000000022
S2140110C80000000000000000000000000000000012
S2140110D80000000000000000000000000000000002
S2140110E800000000430000000000000000000000AF
S2140110F800000000000000000000000000000000E2
S214011108000000004300000000000000000000008E
S21401111800000000000000000000000000000000C1
S214011128000000004300000000000000000000006E
S21401113800000000000000000000000000000000A1
S214011148000000004300000000000000000000004E
S2140111580000000000000000000000000000000081
S214011168000000004300000000000000000000002E
S2140111780000000000000000000000000000000061
S214011188000000004300000000000000000000000E
S2140111980000000000000000000000000000000041
S2140111A800000000430000000000000000000000EE
S2140111B80000000000000000000000000000000021
S2140111C80000000019F0000015EA00000000000009
S2140111D8350F0100000F0100070F0100070F01007E
S2140111E8070F0100070F0100070F0100070F010095
S2140111F8070F0100070F0100070F0100FFFFFFFFA0
S214011208FFFFFFFFFFFFFFFFFFFF00000100415345
S21401121843494900000000000000000000000000EB
S214011228000000000000000000000000000041531C
S21401123843494900000000000000000000000000CB
S2140112480000000000000000000000000000000090
S80400C30533
