:10000000B86F002005C30000FDC30000FDC3000061
:1000100000000000000000000000000000000000E0
:10002000000000000000000000000000A55A0000D1
:100030000000000000000000C15B0000095C00003F
:10004000FDC30000FDC30000FDC30000F99F0000D8
:10005000299C0000FDC30000FDC30000FDC300009B
:10006000FDC300009DA60000B5A60000CDA60000BF
:10007000E5A60000FDA6000015A700004DC2000087
:1000800061C2000075C2000099380000AD38000060
:10009000C13800000000000000000000FDC30000A7
:1000A000FDC30000FDC30000FDC30000FDC3000050
:1000B0000000000010B5064C2378002B07D1054B3B
:1000C000002B02D0044800E000BF0123237010BDC4
:1000D000000200200000000058100100084B10B57D
:1000E000002B03D00749084800E000BF0748036819
:1000F000002B00D110BD064B002BFBD09847F9E731
:1001000000000000040200205810010058100100F7
:100110000000000080B584B000AF02003960FB1D14
:100120001A700C23FB181C4A1188198092789A7057
:100130001A4B10221A70194B0C22BA185A60174B1E
:100140000322DA81154B3A689A60144B03229A8194
:100150000F23FB1800221A7096235A000F4B002120
:1001600018000F4B984702000F23FB181A700F233B
:10017000FB181B78002B07D00F23FB181A78094BAC
:1001800019000320084B98470F23FB181B78180011
:10019000BD4604B080BDC046F4F0000078380020B1
:1001A000D9190000C8F00000D597000080B582B0D2
:1001B00000AF134B19000020124B9847BB1D802243
:1001C00012011A80BB1D1B88190000200E4B984796
:1001D00003003B603B68002B07D03A680B4B1900CB
:1001E0000320084B98473B6805E0094B19000020A5
:1001F000044B984700231800BD4602B080BDC0469E
:10020000F8F00000D59700000503000014F100008D
:1002100044F1000090B585B000AF0200BB1D1A800C
:10022000BB1D1B88DAB20F23FB180F210A401A707E
:10023000BB1D1B881B099BB2DAB20E23FB180F21D2
:100240000A401A70BB1D1B881B0A9BB2DAB20D2331
:10025000FB180F210A401A70BB1D1B881B0B9BB299
:10026000DAB20C23FB180F210A401A700F23FB1877
:100270001B7899B20D23FB181B789AB20C23FB183C
:100280001B789BB21B019BB2D3189BB21B019AB285
:100290000E23FB181B789BB2D3189BB21B019AB29A
:1002A0000A23FB188A181A80104B0A22BA181288DF
:1002B0001A800A23FB181A880D4B100098470D4A24
:1002C0000D4B111C9847031C1A1C0C4B101C984713
:1002D00003000C000A4A13605460094B5C681B68F9
:1002E00018002100BD4605B090BDC0461C0200208C
:1002F00001CB0000FAEDEB3C81C800002DE40000CA
:100300008838002080B584B000AF0200FB1D1A7051
:100310003B1D0A1C1A800C23FB18FA1D12781A7058
:100320003B1D1B88DAB20C23FB185A703B1D1B883F
:100330001B0A9BB2DAB20C23FB189A700C4B2022DA
:100340001A700B4B0C22BA185A60094B0322DA813F
:10035000074B00229A8196235A00054B1100180082
:10036000044B984703001800BD4604B080BDC0464A
:10037000783800208518000080B584B000AF786020
:100380007B681B68FB60FB68DB69072213405A1E11
:100390009341DBB21800BD4604B080BD80B582B089
:1003A00000AF7860C0467B681800044B9847031E76
:1003B000F9D1C046BD4602B080BDC04679030000F9
:1003C00080B584B000AF78607B681B68FB60FB6819
:1003D0001B681B01DB0FDBB21A000B23FB18511E3D
:1003E0008A411A700823FB187A68528B1A807B683E
:1003F0009B8B9AB20823FB180821791809888A1A5E
:100400001A807B689B8B9BB2013B9AB27B689A8374
:100410000B23FB181B78002B10D07B68DB7A002B9A
:100420001CD07B689B8B9BB2012B17D1FB685B6850
:100430008022D2021A43FB685A600FE07B68DB7AA5
:10044000002B0BD07B689B8B9BB2002B06D1FB68EB
:100450005B688022D2021A43FB685A607B689B8BE0
:100460009BB2002B0ED17B689B7A002B0AD07B6855
:1004700018000E4B9847FB685B68C02292021A4333
:10048000FB685A607B681800084B98477B681A6ABB
:100490000823FB181B88D318FA682821525CD2B2B3
:1004A0001A70C046BD4604B080BDC0469D03000022
:1004B00080B584B000AF78607B681B68FB60FB6828
:1004C0005B8B9BB21A000423134004D07B68252267
:1004D0001E21995424E00A23FB187A68528B1A8053
:1004E0007B689B8B9AB20A23FB180A21791809882A
:1004F0008A1A1A807B689B8B9BB2013B9AB27B68FD
:100500009A837B681800084B98477B681A6A0A230D
:10051000FB181B88D3181B78D9B2FB682822995482
:10052000BD4604B080BDC0469D03000080B584B0C8
:1005300000AF78607B681B68FB60FB681B7EDBB2EA
:100540001A00012313402BD0FB6801221A76FB68A6
:100550005B8B9BB21A000223134004D07B682522D8
:10056000412199541CE0FB685B8B9BB21A00042369
:10057000134015D07B682522182199547B680022EE
:100580009A837B689B7A002B0AD07B681800134BF8
:100590009847FB685B68C02292021A43FB685A6066
:1005A0007B689B8B9AB27B685A837B6825229B5C15
:1005B000DBB2052B0ED17B6824229B5CDBB2002BC7
:1005C00004D17B681800064B984703E07B6818004D
:1005D000044B9847C046BD4604B080BD9D03000053
:1005E000B1040000C103000080B584B000AFF86022
:1005F000B960FB1D1A70FB1D1B78FA6802339B0063
:10060000D3180433BA681A60FB681B7EDBB25AB297
:10061000FB1D1B78012199400B005BB213435BB2B9
:10062000DAB2FB681A76C046BD4604B080BD000051
:1006300090B587B000AF786039607B681B683B611C
:100640003B685A687B681A623B685A887B689A8361
:100650007B682422012199547B6825220521995425
:100660003B691B681B01DB0FDBB21A000F23FB1871
:10067000511E8A411A703B685B7A002B06D03B689A
:100680009A7A7B68110018003B4B98470F23FB18A0
:100690001B78002B0BD03B685B88012B07D13B6993
:1006A0005B688022D2021A433B695A6005E03B69CD
:1006B0005B68324A1A403B695A603B681B7A002BE0
:1006C00045D03B681B885A003B685B7A9B03134309
:1006D0001A0080231B021A433B695A621723FC1835
:1006E0007B681800264B9847030023703B695B68C2
:1006F000224A1A403B695A601723FB181B78002BCB
:1007000007D11723FC187B6818001E4B984703007D
:1007100023701723FB181B78002B14D13B6903228D
:100720009A753B681B881B0A9BB2782213439BB2C5
:100730005A003B685B7A9B031343012213431A0060
:100740003B695A6212E01723FB181B780FE03B69E4
:1007500003229A753B681B885B0001221A433B68A1
:100760005B7A9B0313431A003B695A62002318000B
:10077000BD4607B090BDC04645380000FFFFFBFFF7
:10078000E73700008937000080B582B000AF78609D
:1007900039607B689B8B9BB2002B01D005230CE05A
:1007A0007B6801229A727B680122DA723A687B6860
:1007B00011001800034B984703001800BD4602B013
:1007C00080BDC0463106000080B584B000AF7860BF
:1007D00039607B681B68FB603B685B7A002B06D046
:1007E0003B689A7A7B68110018001E4B9847FB689B
:1007F0005B681D4A1A40FB685A603B685A687B6810
:100800001A623B685A887B689A837B68242200219D
:1008100099547B68252205219954FB6803229A7517
:100820003B681B7A002B0DD03B681B885A003B6845
:100830005B7A9B0313431A0080231B021A43FB6855
:100840005A6209E03B681B885A003B685B7A9B034D
:1008500013431A00FB685A6200231800BD4604B017
:1008600080BDC04645380000FFFFFBFF80B582B069
:1008700000AF786039607B689B8B9BB2002B01D006
:1008800005230CE07B6801229A727B680122DA72F0
:100890003A687B6811001800034B98470300180062
:1008A000BD4602B080BDC046C907000080B582B019
:1008B00000AF786039607B689B8B9BB2002B01D0C6
:1008C00005230CE07B6800229A727B680122DA72B1
:1008D0003A687B6811001800034B98470300180022
:1008E000BD4602B080BDC046C907000080B586B0D5
:1008F00000AF0200FB1D1A70FB1D1A78934B92008B
:10090000D3587B617B691B683B613B691B681B019A
:10091000DB0FDBB21A000F23FB18511E8A411A703D
:100920000E23FB187A69527E1A707B691B7EDAB23D
:100930000E23FB180E21791809780A401A707B697A
:100940005B8B9BB2002B09D17B699B8B9BB2002BED
:1009500004D07B6918007E4B984770E07B695B8B05
:100960009BB2002B39D07B699B8B9BB2002B34D17F
:100970007B6925229B5CDBB2052B2ED17B6924226F
:100980009B5CDBB2002B28D13B6903221A757B6983
:1009900000225A837B692522002199547B699B7A26
:1009A000002B0BD07B6918006A4B98473B695B684A
:1009B000C02292021A433B695A6002E03B6901225D
:1009C0001A760E23FB181B780122134037D07B695F
:1009D000DB687A691000984731E07B695B8B9BB2DA
:1009E000002B2CD07B699B8B9BB2002B27D03B69C3
:1009F0005B8B9BB21A002023134011D10F23FB18ED
:100A00001B7801225340DBB2002B04D17B699B8B06
:100A10009BB2012B04D07B692522412199540EE021
:100A20007B6924229B5CDBB2002B04D17B6918001C
:100A3000494B984703E07B691800484B98477B690E
:100A40005B8B9BB2002B47D07B699B8B9BB2002BAF
:100A500042D17B6925229B5CDBB2052B3CD17B69B3
:100A600024229B5CDBB2012B36D13B691B7EDBB2BF
:100A70001A000223134002D03B6902221A763B6916
:100A800003221A757B6900225A837B692522002183
:100A900099540E23FB181B78022213400BD07B695C
:100AA00024229B5CDBB2012B05D17B691B697A692F
:100AB0001000984710E00E23FB181B78012213400A
:100AC0000AD07B6924229B5CDBB2002B04D17B69BA
:100AD000DB687A69100098477B6925229B5CDBB252
:100AE000052B2ED07B6925229B5CDBB2002B28D006
:100AF0003B6903221A757B6900225A837B690022B5
:100B00009A837B6925229B5CDBB2412B0ED07B69EB
:100B10009B7A002B0AD07B6918000E4B98473B69E3
:100B20005B68E022D2021A433B695A600E23FB182D
:100B30001B780422134004D07B695B697A6910003A
:100B40009847C046BD4606B080BDC046504E002006
:100B50002D0500009D030000B1040000C10300004A
:100B600080B500AFBFF34F8F024B034ADA60BFF38B
:100B70004F8FFEE700ED00E00400FA0580B500AFFE
:100B8000024B9847C046BD4680BDC046610B000081
:100B900080B586B000AF7860974B1800974B9847A8
:100BA000974B1800954B9847964B1800934B9847D6
:100BB000954B1800914B9847944B18008F4B9847D2
:100BC0001723FB1800221A70914B1800914B98477D
:100BD000032200210120904B984702008F4B1A609E
:100BE0008E4B1B68002B07D18D4B190003208D4BBA
:100BF000984700208C4B98470C23FB1818008B4B10
:100C000098470C23FB181B780A2B04D00C23FB18E5
:100C10001B780D2B37D1864B18007E4B9847854BA0
:100C200000221A70844B00221A708449844B3122AE
:100C30001800844B9847824B3122002199548249F5
:100C40007E4B64221800814B984703003B617E4B2A
:100C50006322002199547C4B18006E4B98473B69E6
:100C6000002BECD11723FB1800221A70734B322291
:100C700000211800764B9847734B6422002118001E
:100C8000734B9847B6E06B4B1B78002B59D06A4BDF
:100C90001B78032B0CD8684B1B785A1CD1B2664AC0
:100CA00011701A000C23FB1819786A4B995405E04F
:100CB000604B00221A70604B00221A705E4B1B784A
:100CC000012B99D9644A634B11001800634B984774
:100CD000031E2FD06249594B1B221800614B9847C5
:100CE000564B18004B4B98471723FB1800221A70DD
:100CF000524B322200211800554B984750494F4B18
:100D0000312218004F4B98474C4B1800564B9847D0
:100D10000300302B06D84A4B1800534B984703006A
:100D2000DAB200E031221723FB181A70434B180087
:100D3000384B98473F4B00221A703F4B00221A70E5
:100D40005AE70C23FB181B780D2B00D154E70C231A
:100D5000FB181B78082B04D00C23FB181B787F2B67
:100D60001CD10823FB18414A12681A600823FB189B
:100D70001800284B98471723FB181B78002B38D0F6
:100D80001723FB181A781723FB18013A1A70172338
:100D9000FB181B78294A0021D1542AE00C23FB18A8
:100DA0001B781B2B06D1234B01221A70224B0022E9
:100DB0001A7021E71723FB181B78312B0FD8172344
:100DC000FB181B780C22BA18127851B21B4AD15466
:100DD0001723FB181A781723FB1801321A700C23FB
:100DE000FB1800225A700C23FB181800094B984777
:100DF00002E7C04600E7C04624F400008D39000039
:100E000064F4000034F4000044F4000054F40000E2
:100E100068F10000E9960000455E0000D838002027
:100E2000ACF20000D5970000257C0000710E000098
:100E3000CCF20000300200203102002068020020C5
:100E40003402002021E800009C020020FD3900004F
:100E500087E5000000030020D0F20000B5E70000A5
:100E6000D4F2000071E70000F1E70000DCF20000BE
:100E700080B584B000AF78607B6818000B4B984752
:100E80000300FB60FB6801330BD1094B1A68012397
:100E90005B4219001000074B98477B681800034B12
:100EA0009847C046BD4604B080BDC0468597000047
:100EB000D8380020FD6D000080B500AF0A4B00223D
:100EC0001A600A4B1B68084A11001800084B984723
:100ED000054B1B68002B03D0064B802252051A607D
:100EE000C046BD4680BDC04604030020D83800205F
:100EF0007567000004ED00E0B0B588B002AFF8609F
:100F0000B9607A602E4B984703007B611323FA186F
:100F10007B69110018002B4B98471323FB181B7893
:100F2000002B41D0284B062200211800274B984760
:100F3000254A7B6911001800254B9847224B002257
:100F40009B5E1800234B9847021C234B1A601E4BD4
:100F500002229B5E18001F4B9847021C1E4B5A60D2
:100F6000194B04229B5E18001A4B9847021C1A4B1F
:100F70009A60194B1A68194B101C98470500164BBC
:100F80005A68164B101C98470400134B9A68134B71
:100F9000101C98470300124AB968F868019300943E
:100FA0002B00104CA04705E00F4AB968FB681800F9
:100FB0000C4B984700231800BD4606B0B0BDC04694
:100FC00011290000FD2200000803002087E5000031
:100FD000392300008D1B000010030020C1CA00004F
:100FE000E0F200000DE7000004F3000090B587B0C8
:100FF00000AFF860B9607A601723FB181B221A70E3
:101000001723FB181B78084A08480F21084CA047F3
:10101000064AB968FB681800054B9847002318007A
:10102000BD4607B090BDC04618F300002002002066
:101030000DE7000080B584B000AFF860B9607A6059
:10104000034B984700231800BD4604B080BDC0463E
:101050007D0B0000F0B591B004AFF860B9607A6024
:101060002023FA187B6801211800424B984703009F
:10107000FB62FB6A1800404B984702002B23FB18C9
:101080001A701C23FA187B6802211800394B984704
:101090000300FB62FB6A1800374B984702002A23C3
:1010A000FB181A701823FA187B6803211800314BBB
:1010B00098470300FB62FB6A18002F4B9847020019
:1010C0002923FB181A701423FA187B6804211800CE
:1010D000284B98470300FB62FB6A1800264B984791
:1010E00002002823FB181A702B23FB181B780F2BE8
:1010F00007D9224AB968FB681800214B984700239A
:1011000034E02823FB181C782923FB181A782A239B
:10111000FB1819782B23FB1818782300194CA047CB
:1011200003007B62184B98477B6A002B17D12B2357
:10113000FB181E782A23FB181B782922BA1812786C
:10114000282179180978114DBC68F868029101923C
:10115000009333002A002100094CA04705E07B6A78
:101160000B4AB968F868064CA04700231800BD4632
:101170000DB0F0BD253B00000DE5000020F30000A0
:101180000DE70000BD2C0000912D00003CF3000095
:1011900060F30000F0B599B004AFF860B9607A6010
:1011A0002C4B1B7801225340DBB2002B11D02A4B71
:1011B00098470300FB64FB6C002B07D0FB6C274AAD
:1011C000B968F868264CA04700233FE0214B012274
:1011D0001A702C23FB1819000520224B9847031E78
:1011E00003D0214B1800214B98472C23FB185B7828
:1011F0001B021AB22C23FB181B781BB213431AB222
:101200004A23FB181A804A23FB181B881800184B26
:10121000984703000C003B647C642C23FB185B782C
:101220001E002C23FB181B781D004A23FB181B886B
:101230004A22BA1812880F4CB968F86802920193D2
:10124000009533002200064CA04700231800BD463D
:1012500015B0F0BD1C030020AD01000078F30000C4
:101260000DE7000015010000A8F30000E99600005A
:1012700015020000C4F3000080B582B000AF020088
:10128000FB1D1A70064BFA1D127811001F220A402E
:10129000012191400A001A60C046BD4602B080BDDF
:1012A00000E100E080B584B000AF78607B681B6827
:1012B000FB60FB68DB69072213405A1E9341DBB2D7
:1012C0001800BD4604B080BD80B582B000AF786024
:1012D000C0467B681800044B9847031EF9D1C046EE
:1012E000BD4602B080BDC046A512000080B582B0E8
:1012F00000AF78607B6864221A607B681B4A5A6082
:101300007B6800229A607B6800221A737B68002247
:101310001A767B68802292031A617B68012252420E
:10132000DA827B68012252429A827B680022DA616B
:101330007B6800221A627B682422002199547B6812
:1013400000229A627B682C22002199547B682D220E
:10135000002199547B682E22002199547B68D72262
:101360001A86C046BD4602B080BDC046480D00008A
:1013700080B584B000AF78607B681B68BB600023D9
:10138000FB607B681800144B9847BB681B680222FF
:101390001A43BB681A607B681B6818000F4B98479C
:1013A000030018000E4B98470CE0FB680133FB600C
:1013B0007B68DB881A00FB689A4203D8BB6810225E
:1013C0005A8306E0BB685B8B9BB21A001023134064
:1013D000EBD0BD4604B080BDC912000059A6000084
:1013E0007912000080B582B000AF78600A00FB1C63
:1013F0001A707B685B7EDBB25AB2FB1C1B78012142
:1014000099400B005BB213435BB2DAB27B685A7649
:10141000C046BD4602B080BD90B591B000AF00237C
:10142000FB633A23FB1800221A703B1D1800214B66
:1014300098473B1D204ADA613B1D204A1A623B1D3A
:10144000FA229200DA823B23FB1803221A701EE074
:101450003A23FC183A1D1A491A4B18001A4B9847A0
:10146000030023703A23FB181B78002B04D13A2386
:10147000FB181B78FB630FE0124B1800134B9847C7
:101480003B23FB181A783B23FB18013A1A703B23C5
:10149000FB181B78002BDBD1FB6B002B04D1094B15
:1014A00018000B4B984700E0C046FB6B1800BD4688
:1014B00011B090BDED12000002000800020009000A
:1014C00000080042E0380020ED3500002137000020
:1014D0007113000080B584B000AF78600E4B00221D
:1014E0001A700D4B01229A600023FB600B4B1B68A6
:1014F0000C22BA1811001800094B9847094B00221A
:101500001A70FB68002B03D0074B802252051A602B
:10151000C046BD4604B080BD20030020083900202D
:10152000756700001D03002004ED00E080B584B065
:1015300000AF78600E4B00221A700D4B01229A60AA
:101540000023FB600B4B1B680C22BA18110018001B
:10155000094B9847094B00221A70FB68002B03D0F7
:10156000074B802252051A60C046BD4604B080BDBC
:101570002003002008390020756700001D030020AB
:1015800004ED00E080B584B000AF78600E4B00221F
:101590001A700D4B01225A600023FB600B4B1B6835
:1015A0000C22BA1811001800094B9847094B002269
:1015B0001A70FB68002B03D0074B802252051A607B
:1015C000C046BD4604B080BD20030020083900207D
:1015D000756700001D03002004ED00E080B500AF3A
:1015E0001149124B00221800114B98470F4B002154
:1015F0001800104B984710490C4B012218000C4B57
:1016000098470A4B012118000A4B98470B49074B92
:1016100002221800064B9847044B02211800054B84
:101620009847C046BD4680BDD5140000E038002074
:10163000E9050000E51300002D15000085150000E8
:1016400080B582B000AF00237B60144B9847030045
:101650007B607B68002B1AD1114B98470120114BFE
:1016600098470200104B1A600322002101200F4B03
:10167000984702000E4B1A600B4B1B68002B03D0DF
:101680000B4B1B68002B03D106237B6000E0C04698
:101690007B681800BD4602B080BDC046191400002A
:1016A000DD150000AD600000DC380020455E000064
:1016B0000839002090B589B000AF78600023FB6145
:1016C0000023BB6100237B6100233B617B68002B0F
:1016D00003D07B685B68002B03D108235B42FB616E
:1016E0001FE07B681B789AB2104B1A807B685A689F
:1016F0000E4B5A607B68DA890C4B5A800F23FC181A
:101700000A4A0B4B110018000A4B9847030023703C
:101710000F23FB181B78002B03D006235B42FB61D1
:10172000C046FB691800BD4609B090BD0C390020C9
:10173000E03800206D08000090B589B000AF7860F7
:101740000023FB610023BB6100237B6100233B611D
:101750007B68002B03D07B685B68002B03D10823D8
:101760005B42FB611FE07B681B789AB2104B1A80CA
:101770007B689A680E4B5A607B689A890C4B5A803A
:101780000F23FC180A4A0B4B110018000A4B98470C
:10179000030023700F23FB181B78002B03D00623B4
:1017A0005B42FB61C046FB691800BD4609B090BDB5
:1017B0000C390020E03800208907000090B583B084
:1017C00000AF00237B60094B186800230022002132
:1017D000074CA0470300012B02D014235B427B601F
:1017E0007B681800BD4603B090BDC046DC380020C1
:1017F000ED60000080B584B000AF78600023FB602E
:10180000084B1B687A6811001800074B98470300C3
:10181000012B02D01D235B42FB60FB681800BD4614
:1018200004B080BDDC380020FD6D000080B584B0C0
:1018300000AF78600023FB60044B1A687B681A6075
:10184000FB681800BD4604B080BDC04608390020C2
:1018500080B500AF024B1B781800BD4680BDC04666
:101860001D03002080B582B000AF0200FB1D1A707E
:10187000034BFA1D12781A70C046BD4602B080BDF7
:101880001D03002080B584B000AF7860396000236C
:10189000FB600023BB603B681800274B98470300A0
:1018A000FB60FB68002B38D10023FB600823FB188A
:1018B0001800224B9847FB68002B30D17B6818003A
:1018C0001F4B98470300FB60FB68002B2AD1BB68C5
:1018D0003A68110018001B4B98470300012B11D1E7
:1018E000194B9847031E11D00020184B9847FB68EE
:1018F000002B03D021235B42FB6014E003235B42F7
:10190000FB6010E003235B42FB600CE0104B984748
:101910000200FB681343FB6002E0C04600E0C046E3
:10192000FB6805E0C0460A4B98470300FB60FB6874
:101930001800BD4604B080BDF51700002D1800004A
:10194000B5160000FD6D000051180000651800007C
:10195000BD17000090B589B000AF78600023FB612F
:101960000023BB6100237B6100233B617B68002B6C
:1019700003D07B685B68002B03D108235B42FB61CB
:101980001FE07B681B789AB2104B1A807B685A68FC
:101990000E4B5A607B68DA890C4B5A800F23FC1877
:1019A0000A4A0B4B110018000A4B9847030023709A
:1019B0000F23FB181B78002B03D006235B42FB612F
:1019C000C046FB691800BD4609B090BD0C39002027
:1019D000E0380020AD08000080B586B000AFF860A8
:1019E000B9607A6000237B6100233B6196235B0032
:1019F0001800394B984703007B617B69002B5BD152
:101A00001023FB181800354B984703007B617B6956
:101A1000002B53D1324B00229A72FB681800314BD5
:101A2000984703007B617B69002B4AD13B697A6848
:101A3000110018002C4B98470300012B1BD12B4B96
:101A40009847031E06D00020294B984703235B428A
:101A50007B6137E0BB681800264B9847204B01227A
:101A60009A72FB681800244B984703007B617B69DE
:101A7000002B04D026E003235B427B6122E03B691C
:101A80007A6811001800184B98470300012B0AD1FF
:101A9000164B9847031E0AD00020154B9847032386
:101AA0005B427B610EE003235B427B610AE0134BE8
:101AB000984703007B6102E0C04600E0C0467B69B6
:101AC00005E0C0460D4B984703007B617B69180019
:101AD000BD4606B080BDC046F51700002D180000B9
:101AE000E038002055190000FD6D0000511800007D
:101AF00065180000457B000039170000BD17000085
:101B0000B0B586B000AFF86008007A6019000B230A
:101B1000FB18021C1A700823FB180A1C1A80FB68A9
:101B20005C68FB6898680823FB181D887A680B239B
:101B3000FB1819782B00A04703007B617B69180014
:101B4000BD4606B0B0BDB0B586B000AFF8600800C5
:101B50007A6019000B23FB18021C1A700823FB186B
:101B60000A1C1A80FB681C68FB6898680823FB182D
:101B70001D887A680B23FB1819782B00A0470300F7
:101B80007B617B691800BD4606B0B0BD80B582B0F0
:101B900000AF0200BB1D1A80BB1D00229A5E064BDF
:101BA00010009847021C054B0549101C9847031C60
:101BB000181CBD4602B080BD01CB000081C80000EA
:101BC00023DB793D90B585B000AF78600A00FB1C3F
:101BD0001A700823FA18786801231021124CA047C4
:101BE0000300FB60FB68002B19D1FB1C1B78032250
:101BF0001340DAB20823FB1803210A4090001A7838
:101C00000C218A43111C021C0A431A700823FA187B
:101C1000786801231021054CA0470300FB60FB6896
:101C20001800BD4605B090BD011B0000471B000019
:101C300090B587B000AF78600A00FB1C1A701723BC
:101C4000FB18FA1C12781A700C23FA187B68110022
:101C50001800A44B984703003B613B69002B00D060
:101C600013E10C23FB181B78DB07DB0FDAB20C2324
:101C7000FB181B789B07DB0FDBB21343DAB20C2394
:101C8000FB181B785B07DB0FDBB21343DAB20C23C4
:101C9000FB181B781B07DB0FDBB21343DAB20C23F4
:101CA000FB181B78DB06DB0FDBB21343DAB20C2325
:101CB000FB181B789B06DB0FDBB21343DAB20C2355
:101CC000FB181B785B06DB0FDBB21343DAB20C2385
:101CD000FB181B781B06DB0FDBB21343DAB20C23B5
:101CE000FB185B78DB07DB0FDBB21343DAB20C23A4
:101CF000FB185B789B07DB0FDBB21343DAB20C23D4
:101D0000FB185B785B07DB0FDBB21343DAB20C2303
:101D1000FB185B781B07DB0FDBB21343DAB20C2333
:101D2000FB185B78DB06DB0FDBB21343DAB20C2364
:101D3000FB185B789B06DB0FDBB21343DAB20C2394
:101D4000FB185B785B06DB0FDBB21343DAB20C23C4
:101D5000FB185B781B06DB0FDBB21343DBB2012BF6
:101D600000D092E00B23FA187B68110018005E4B3C
:101D7000984703003B613B69002B00D085E00B23B3
:101D8000FB181B78012B17D002DC002B05D076E066
:101D9000022B29D0032B48D071E0FB1C1B78002BB1
:101DA00004D11723FB1801221A706EE01723FB18C9
:101DB000FA1C12781A7068E0FB1C1B78002B04D107
:101DC0001723FB1802221A705FE0FB1C1B78012B03
:101DD00004D11723FB1802221A7056E01723FB18B0
:101DE000FA1C12781A7050E0FB1C1B78002B04D1EF
:101DF0001723FB1803221A7047E0FB1C1B78012BEA
:101E000004D11723FB1803221A703EE0FB1C1B7839
:101E1000022B04D11723FB1803221A7035E0172375
:101E2000FB18FA1C12781A702FE0FB1C1B78002B91
:101E300004D11723FB1804221A7026E0FB1C1B7820
:101E4000012B04D11723FB1804221A701DE0FB1C80
:101E50001B78022B04D11723FB1804221A7014E0FC
:101E6000FB1C1B78032B04D11723FB1804221A70C8
:101E70000BE01723FB18FA1C12781A7005E01723E1
:101E8000FB18FA1C12781A70C0463B69002B08D167
:101E90000823FA18786801231021144CA047030086
:101EA0003B613B69002B18D11723FB181B780F22CD
:101EB0001340DAB20823FB1810011A780F210A40E8
:101EC000111C021C0A431A700823FA1878680123AF
:101ED0001021074CA04703003B613B691800BD4639
:101EE00007B090BD0D27000061270000011B000016
:101EF000471B000090B585B000AF78600A00FB1C5E
:101F00001A700823FA18786801231121124CA0478F
:101F10000300FB60FB68002B19D1FB1C1B78072218
:101F20001340DAB20823FB1807210A4090181A78E8
:101F30000E218A43111C021C0A431A700823FA1846
:101F4000786801231121054CA0470300FB60FB6862
:101F50001800BD4605B090BD011B0000471B0000E6
:101F600090B587B000AF78600A00FB1C1A70172389
:101F7000FB18FA1C12781A700C23FA187B681100EF
:101F80001800A44B984703003B613B69002B00D02D
:101F900013E10C23FB181B78DB07DB0FDAB20C23F1
:101FA000FB181B789B07DB0FDBB21343DAB20C2361
:101FB000FB181B785B07DB0FDBB21343DAB20C2391
:101FC000FB181B781B07DB0FDBB21343DAB20C23C1
:101FD000FB181B78DB06DB0FDBB21343DAB20C23F2
:101FE000FB181B789B06DB0FDBB21343DAB20C2322
:101FF000FB181B785B06DB0FDBB21343DAB20C2352
:10200000FB181B781B06DB0FDBB21343DAB20C2381
:10201000FB185B78DB07DB0FDBB21343DAB20C2370
:10202000FB185B789B07DB0FDBB21343DAB20C23A0
:10203000FB185B785B07DB0FDBB21343DAB20C23D0
:10204000FB185B781B07DB0FDBB21343DAB20C2300
:10205000FB185B78DB06DB0FDBB21343DAB20C2331
:10206000FB185B789B06DB0FDBB21343DAB20C2361
:10207000FB185B785B06DB0FDBB21343DAB20C2391
:10208000FB185B781B06DB0FDBB21343DBB2012BC3
:1020900000D092E00B23FA187B68110018005E4B09
:1020A000984703003B613B69002B00D085E00B2380
:1020B000FB181B78012B17D002DC002B05D076E033
:1020C000022B29D0032B48D071E0FB1C1B78002B7E
:1020D00004D11723FB1801221A706EE01723FB1896
:1020E000FA1C12781A7068E0FB1C1B78002B04D1D4
:1020F0001723FB1802221A705FE0FB1C1B78012BD0
:1021000004D11723FB1802221A7056E01723FB187C
:10211000FA1C12781A7050E0FB1C1B78002B04D1BB
:102120001723FB1803221A7047E0FB1C1B78012BB6
:1021300004D11723FB1803221A703EE0FB1C1B7806
:10214000022B04D11723FB1803221A7035E0172342
:10215000FB18FA1C12781A702FE0FB1C1B78002B5E
:1021600004D11723FB1804221A7026E0FB1C1B78ED
:10217000012B04D11723FB1804221A701DE0FB1C4D
:102180001B78022B04D11723FB1804221A7014E0C9
:10219000FB1C1B78032B04D11723FB1804221A7095
:1021A0000BE01723FB18FA1C12781A7005E01723AE
:1021B000FB18FA1C12781A70C0463B69002B08D134
:1021C0000823FA18786801231121144CA047030052
:1021D0003B613B69002B18D11723FB181B780F229A
:1021E0001340DAB20823FB1810011A780F210A40B5
:1021F000111C021C0A431A700823FA18786801237C
:102200001121074CA04703003B613B691800BD4604
:1022100007B090BD0D27000061270000011B0000E2
:10222000471B000090B585B000AF78600A00FB1C2A
:102230001A700823FA18786801231221124CA0475B
:102240000300FB60FB68002B19D1FB1C1B780122EB
:102250001340DAB20823FB1801210A4090011A78D2
:1022600040218A43111C021C0A431A700823FA18E1
:10227000786801231221054CA0470300FB60FB682E
:102280001800BD4605B090BD011B0000471B0000B3
:1022900090B585B000AF78600A00FB1C1A70082367
:1022A000FA18786801231521124CA0470300FB603F
:1022B000FB68002B19D1FB1C1B7801221340DAB2FA
:1022C0000823FB1801210A40D0001A7808218A430C
:1022D000111C021C0A431A700823FA18786801239B
:1022E0001521054CA0470300FB60FB681800BD46A4
:1022F00005B090BD011B0000471B000090B585B0E4
:1023000000AF786039600823FA18786801231E212D
:10231000084CA0470300FB600823FB181B78DB0771
:10232000DB0FDBB21A003B681A70FB681800BD4671
:1023300005B090BD011B000090B587B000AF78607C
:1023400039600C23FA18786806232821264CA04708
:1023500003007B610C23FB185B781AB23B681A8080
:102360003B6800229B5E9BB21B029AB20C23FB18B7
:102370001B789BB2D3189BB21AB23B681A803B6899
:1023800002330C22BA18D27812B21A803B68023398
:102390003A6802320021525E92B2120291B20C22CD
:1023A000BA18927892B28A1892B212B21A803B6826
:1023B00004330C22BA18527912B21A803B680433E3
:1023C0003A6804320021525E92B2120291B20C229B
:1023D000BA18127992B28A1892B212B21A807B6934
:1023E0001800BD4607B090BD011B000090B585B038
:1023F00000AF78600A00FB1C1A700823FA1878688E
:1024000001230121114CA0470300FB60FB68002B56
:1024100017D1FB1C1B7803221340DAB20823FB18E8
:1024200090011A783F210A40111C021C0A431A70BD
:102430000823FA18786801230121054CA0470300FE
:10244000FB60FB681800BD4605B090BD011B000095
:10245000471B000090B585B000AF786039603A68DE
:10246000786801230F21044CA0470300FB60FB6840
:102470001800BD4605B090BD011B000090B585B0A9
:1024800000AF78600A00FB1C1A700823FA187868FD
:1024900001231221124CA0470300FB60FB68002BB4
:1024A00019D1FB1C1B7801221340DAB20823FB1858
:1024B00001210A4010001A7801218A43111C021CD4
:1024C0000A431A700823FA18786801231221054C70
:1024D000A0470300FB60FB681800BD4605B090BD37
:1024E000011B0000471B000090B585B000AF78606D
:1024F00039600823FA18786801231221084CA04794
:102500000300FB600823FB181B78DB07DB0FDBB243
:102510001A003B681A70FB681800BD4605B090BDF4
:10252000011B000090B585B000AF78600A00FB1C6D
:102530001A700823FA18786801231021124CA0475A
:102540000300FB60FB68002B19D1FB1C1B780122E8
:102550001340DAB20823FB1801210A4090181A78B8
:1025600002218A43111C021C0A431A700823FA181C
:10257000786801231021054CA0470300FB60FB682D
:102580001800BD4605B090BD011B0000471B0000B0
:1025900090B585B000AF78600A00FB1C1A70082364
:1025A000FA18786801231721254CA0470300FB6027
:1025B000FB68002B3FD1FB1C1B781B09DBB21A1CEC
:1025C00001231340DAB20823FB1801210A409000CE
:1025D0001A7804218A43111C021C0A431A70FB1C3E
:1025E0001B785B09DBB21A1C01231340DAB2082303
:1025F000FB1801210A4010011A7810218A43111C8E
:10260000021C0A431A70FB1C1B7807221340DAB223
:102610000823FB1850011A781F210A40111C021CC4
:102620000A431A700823FA18786801231721054C09
:10263000A0470300FB60FB681800BD4605B090BDD5
:10264000011B0000471B000090B587B000AF786009
:102650000A00FB1C1A700C23FA1878680123182151
:10266000284CA04703007B617B69002B1CD1FB1C1D
:102670001B78DB09DBB21A1C01231340DAB20C23EE
:10268000FB1801210A4090181A7802218A43111C74
:10269000021C0A431A700C23FA18786801231821C7
:1026A000194CA04703007B617B69002B08D11023E4
:1026B000FA18786801236221124CA04703007B615D
:1026C0007B69002B19D1FB1C1B7803221340DAB263
:1026D0001023FB1803210A40D0001A7818218A43DE
:1026E000111C021C0A431A701023FA18786801237F
:1026F0006221054CA04703007B617B691800BD4641
:1027000007B090BD011B0000471B000090B585B0CD
:1027100000AF786039607B68022118000E4B984743
:102720000300FB60FB68002B07D13A68786802233E
:1027300046210A4CA0470300FB60FB68002B06D132
:102740007B6800211800044B98470300FB60FB687E
:102750001800BD4605B090BDED230000011B000030
:1027600090B585B000AF786039607B6802211800B1
:10277000214B98470300FB60FB68002B08D108231E
:10278000FA18786801235F211C4CA0470300FB6006
:10279000FB68002B2BD10823FB181B78DB069B0F53
:1027A000DBB2012B0CD002DC002B05D014E0022B95
:1027B0000AD0032B0CD00FE03B6800221A700FE008
:1027C0003B6801221A700BE03B6802221A7007E096
:1027D0003B6803221A7003E03B6800221A70C0466F
:1027E0007B6800211800044B98470300FB60FB68DE
:1027F0001800BD4605B090BDED230000011B000090
:1028000080B586B000AFF86008007A6019000B232D
:10281000FB18021C1A700823FB180A1C1A801C4B98
:102820000B22BA1812781A7000237B610AE07B69C8
:1028300001337A6979688A181178154AD1547B690D
:1028400001337B610823FB181A887B699A42EEDC0E
:102850000823FB181A8879680E4B18000E4B98470E
:102860000E4B6B221A700D4B094A5A600823FB1855
:102870001B8801339AB2094BDA81084B6421180096
:10288000074B984703001800BD4606B080BDC04600
:10289000183900201939002075E50000583900204A
:1028A0008518000080B584B000AFF86008007A6039
:1028B00019000B23FB18021C1A700823FB180A1CB2
:1028C0001A80104B0B22BA1812781A700E4B6B221A
:1028D0001A700D4B0B4A5A600B4B0122DA810A4BDE
:1028E0007A689A60084B0822BA1812889A81064BB7
:1028F000642205211800054B984703001800BD46C7
:1029000004B080BD1839002058390020D9190000C2
:1029100080B500AF014B1800BD4680BD000000200F
:1029200080B582B000AF00237B60234B01211800EB
:10293000224B984703007B60FA1C1F4B11001800C4
:102940001F4B984702007B6813437B60FB1C1B787E
:10295000002BF1D1184B802118001A4B9847164BC9
:1029600001211800184B9847134B00211800174BF2
:102970009847114B01211800154B98470E4B012128
:102980001800144B98470C4B00211800124B984725
:10299000094B06211800114B9847074B04211800DA
:1029A0000F4B9847044B012118000E4B98477B684A
:1029B0001800BD4602B080BD000000207D2400004C
:1029C000E924000049260000252200009122000091
:1029D000311C0000611F0000C51B0000F51E000037
:1029E000912500002525000080B582B000AF394B4D
:1029F0002E221A70374B384A5A60364B0222DA813F
:102A0000344B3A009A60334B01229A81314B642255
:102A100000211800314B984703007B607B68002B36
:102A200004D02F4B18002F4B98470DE03B001B782C
:102A3000552B05D02C4B18002A4B9847012344E016
:102A40002A4B1800274B9847224B294A5A60214BA2
:102A50000322DA811F4B64211800264B984703009C
:102A60007B607B68002B03D0234B18001D4B9847DD
:102A7000184B224A5A60174B0322DA81154B642106
:102A800018001C4B984703007B607B68002B03D029
:102A90001B4B1800134B98470E4B1A4A5A600D4BAC
:102AA0000422DA810B4B64211800124B9847030073
:102AB0007B607B68002B03D0134B1800094B9847B1
:102AC000124B9847124B98477B681800BD4602B0DE
:102AD00080BDC0466839002074F40000D919000098
:102AE0008CF40000E9960000ACF40000B8F400009B
:102AF00078F4000085180000CCF400007CF400009D
:102B0000ECF4000080F4000018F50000C12E000075
:102B1000D12D000080B582B000AFFB1C00221A70DE
:102B2000114B2E221A70104B104A5A600E4B022283
:102B3000DA810D4BFA1C9A600B4B01229A810A4BE9
:102B40006422002118000A4B984703007B607B68D1
:102B5000002B03D0074B1800074B9847FB1C1B7832
:102B60001800BD4602B080BD6839002088F400001E
:102B7000D91900004CF50000E996000080B584B03A
:102B800000AF78600A00FB1C1A700823FB18144A77
:102B900012881A80134B2E221A70124B0822BA1870
:102BA0005A60104B0222DA810E4B7A689A60FB1C45
:102BB0001B789AB20B4B9A810A4B642200211800B1
:102BC000094B98470300FB60FB68002B03D0074BC1
:102BD0001800074B9847FB681800BD4604B080BD3D
:102BE00070F5000068390020D91900004CF500008C
:102BF000E996000090B587B000AF0400080011000E
:102C0000FB1D221C1A70BB1D021C1A707B1D0A1CA6
:102C10001A701023FB187A1D127801211000084049
:102C20001A7801218A43111C021C0A431A70BB1D29
:102C30001B7801229A401300DBB21A1C0F231340A9
:102C4000DAB21023FB180F210A4090181A781E21BF
:102C50008A43111C021C0A431A700C23FB18102211
:102C60001A700C23FB1801225A700C23FB18FA1D52
:102C700012789A701023FB181A780C23FB18DA705C
:102C80000C4B2E221A700B4B0C22BA185A60094BAF
:102C90000422DA81074B00229A81064B6421180036
:102CA000054B984703007B617B691800BD4607B060
:102CB00090BDC0466839002085180000B0B588B0C6
:102CC00000AF05000C0010001900FB1D2A1C1A7033
:102CD000BB1D221C1A707B1D021C1A703B1D0A1C96
:102CE0001A701023FB180E221A701023FB180422EE
:102CF0005A701023FB1800229A701023FB18002230
:102D0000DA701023FB187A1D12781A711023FB1841
:102D1000BA1D12785A711023FB183A1D12789A7155
:102D20000C23FB18174A12881A80FB1D1B789BB2D4
:102D30001E22BA18191C0B1CDB185B1813801E23EB
:102D4000FB181B881B0A9BB2DAB21023FB189A707F
:102D50001E23FB181B88DAB21023FB18DA700A4B0B
:102D60001022BA185A60084B0722DA81064B6421F8
:102D70001800064B98470300BB61BB691800BD46AD
:102D800008B0B0BD74F50000683900208518000057
:102D900080B582B000AF3B000A4A12881A800A4B05
:102DA0003A005A60084B0222DA81074B642118006E
:102DB000064B984703007B607B681800BD4602B055
:102DC00080BDC04674F500006839002085180000F9
:102DD00080B582B000AF334B2E221A70314B324A8D
:102DE0005A60304B0322DA812E4B00229A812D4B00
:102DF000642118002D4B984703003B603B68002B73
:102E000003D02B4B18002B4B984700237B6041E0ED
:102E10007B68002B00DA03339B10DBB2DB00DAB2F5
:102E20007B6825490B4004D5013B042149420B43F3
:102E30000133DBB2D318DBB20122032118001F4B90
:102E4000984703003B607B68002B00DA03339B103C
:102E5000DBB2DB00DAB27B6817490B4004D5013BDB
:102E6000042149420B430133DBB2D318DBB2012208
:102E700002211800114B984702003B6813433B6046
:102E80003B68002B03D00A4B18000A4B98477B681D
:102E900001337B607B680F2BBADDC046BD4602B0B4
:102EA00080BDC0466839002084F400008518000009
:102EB00078F50000E996000003000080F52B000083
:102EC000B0B500AFFF23FF22FF210F20094CA04720
:102ED000094B9847C8235B001800084B984700230C
:102EE000002200210F20034CA047034B9847C04607
:102EF000BD46B0BDBD2C0000912D0000457B0000FB
:102F000090B59FB000AF78600823FB1818006423C9
:102F10001A0000213B4B98473B4B18003B4B98470E
:102F20003B4B00221A703A4B1B78012B61D0022BCD
:102F300061D0002B59D16F23FC18364B9847030002
:102F400023706F23FB181B78002B56D06F23FB18C0
:102F50001A780823FB18110018002F4B98470023FC
:102F60007B6709E07B6FD8B20023002200212B4C45
:102F7000A0477B6F01337B677B6F0F2BF2DD284B04
:102F800098470823FB181B781A0003231340032BD0
:102F900033D100233B6721E00823FB181B789B08F3
:102FA000DBB2DB08DBB29B00D9B20823FB181B782D
:102FB0009B08DBB207221340DAB26E23FB188A1893
:102FC0001A706E23FB181878642364226421134C52
:102FD000A047134B98473B6F01333B676F23FB18A8
:102FE0001A783B6F9A42D7DC07E0094B00221A702F
:102FF00004E0C04602E0C04600E0C0463220094B73
:10300000984790E787E500009CF50000E9960000EE
:1030100078390020152B00007D2B0000BD2C00000E
:10302000912D0000457B000080B582B000AF786034
:103030007B6800221A70C046BD4602B080BD000009
:1030400080B582B000AF02003960FB1D1A70FB1D15
:103050001B78012B0AD0022B0FD0002B14D10E4B62
:103060000D4A91693A680A439A610FE00A4B0A4A8D
:10307000D1693A680A43DA6108E0074B064A116AE7
:103080003A680A431A6201E0172300E0002318009F
:10309000BD4602B080BDC0460004004080B582B08D
:1030A00000AF78607B6880221A707B6800225A70BB
:1030B0007B6801229A707B680022DA70C046BD46A8
:1030C00002B080BD80B500AF054B9B78DBB21A0023
:1030D000022313405A1E9341DBB21800BD4680BD47
:1030E0000020004180B500AF024B9847C046BD4666
:1030F00080BDC0467D99000080B500AF024B984767
:10310000C046BD4680BDC046D199000080B582B0A2
:1031100000AF0200FB1D1A70074AFB1D1B78190047
:103120001F230B40012199400B0019008023D1502F
:10313000C046BD4602B080BD00E100E080B584B06D
:1031400000AF78607B681B68FB60FB68DB69072267
:1031500013405A1E9341DBB21800BD4604B080BD37
:1031600080B582B000AF7860C0467B681800044B21
:103170009847031EF9D1C046BD4602B080BDC04687
:103180003D31000080B584B000AF78607B681B687B
:10319000FB607B681B6818000D4B98470300180004
:1031A0000C4B98477B6818000B4B9847FB688322B1
:1031B0001A75FB6883221A76FB681B680222934308
:1031C0001A00FB681A60C046BD4604B080BDC04608
:1031D00059A600000D31000061310000F0B597B034
:1031E00000AF786139610023FB6300233B65002356
:1031F000FB643B2310229446BC44634400221A70B3
:103200007B691B68BB637B691B687B63232310227C
:10321000BA18D4187B6B1800C04B98470300237072
:103220000C2310229446BC4463441800BC4B9847BE
:103230003B69DB697B643B691B6A3B647B6C002BED
:1032400006D17B6B00211800B64B984703007B64C6
:103250007B6CDAB20C2310218C46BC4463441A7098
:103260000C2310229446BC44634402225A707B6CA7
:103270001B0CDBB20C2210218C46BC4462441100B2
:103280001800A94B98473B6C002B06D17B6B0121A2
:103290001800A44B984703003B643B6CDAB20C2344
:1032A00010218C46BC4463441A700C2310229446AF
:1032B000BC44634402225A703B6C1B0CDBB20C22F0
:1032C00010218C46BC44624411001800964B98476C
:1032D0003B699A8A7B69DA803B69DA8A7B691A8161
:1032E0003B691B7E002B03D1904B9847031E02D0F5
:1032F00080237B6501E000237B653B691B69002B14
:1033000004D03B691B697A6D13437B653B699B68FD
:103310007A6D13437B653B6924229B5C002B04D0B0
:103320007B6D8022D20513437B653B699B6A002B32
:1033300004D03B699B6A7A6D13437B653B692C2201
:103340009B5C002B05D13B699A6880239B049A42C1
:1033500004D17B6D8022120513437B653B692D22CE
:103360009B5C002B04D07B6D8022120413437B6591
:103370003B692E229B5C002B04D07B6D8022D20304
:1033800013437B65BB6B1A687B6D1A43BB6B1A607A
:10339000BB6B802252005A60232310229446BC4407
:1033A00063441B781433DBB21800614B9847030069
:1033B000FB623B691B68FA2292005343BB623B6984
:1033C0005B68FA22920053437B623B691B8E3B622F
:1033D000584BF86A984705000E00564BB86A984754
:1033E000B860F960534BF86A9847534C534A544BB2
:1033F000A04703000C003B607C604E4B386A984746
:1034000002000B004C4C38687968A04703000C00A0
:10341000180021004B4C00224B4BA04703000C002E
:103420001A002300444CB868F968A04703000C0058
:103430001A002300454C28003100A04703000C006F
:103440001D002600BB6A5A003A4B10009847020044
:103450000B003C4C28003100A04703000C00180072
:1034600021003A4C00223A4BA04703000C001D00FB
:103470002600BB6A5A002F4B1000984702000B0031
:10348000344C28003100A04703000C001900220032
:10349000314B0800110098470300FB633B699A68B1
:1034A00080239B049A426AD1224BF86A9847254CA4
:1034B00002000B00A04703000C001D0026001D4B5E
:1034C000786A98471C4C0022244BA04703000C004C
:1034D0001A0023001F4C28003100A04703000C00F5
:1034E00018002100194C0022194BA04703000C00C2
:1034F00019002200184B0800110098470300FB64D4
:10350000FB6C002B2ED0164B796AF86A98470300A3
:103510009A1EFB6CD31A3B6531E0C04689A50000BA
:103520009D300000CDA30000C5C10000C5300000E3
:1035300089BF0000BDE3000029D8000095D626E829
:103540000B2E113EA1CB00000000244029DD00001D
:103550000000F03FC1D1000055E30000000008402A
:1035600015C700007B6A5A00FB6AD3185A1E7B6A93
:1035700059001D4B100098470300013B3B65FB6B56
:10358000FF2B08DCFB6B002B05DB3B6DFF2B02DC0C
:103590003B6D002B06DA3B2310229446BC44634467
:1035A00040221A703B2310229446BC4463441B788B
:1035B000402B0ED0FB6BFF221A403B6D1B04190001
:1035C000FF231B040B401343FA6C12061A43BB6B18
:1035D000DA603B2310229446BC4463441B781800F5
:1035E000BD4617B0F0BDC04615C7000090B58BB002
:1035F00000AFF860B9607A60FB68BA681A60FB686F
:103600001B687B62FB681B6818003B4B98470300F4
:103610003B623B6A0233FB613B6A1433BB610122AC
:10362000FB699A40130019000220344B9847142379
:10363000FB181800324B98477B681A7B1423FB1841
:103640001A70BB69DBB21422BA18110018002D4B96
:103650009847BB69DBB218002B4B98477B681B7BF4
:1036600000211800294B98477B6A1B6802221340EF
:1036700001D01C233BE07B6A1B680122134001D070
:10368000052334E0FB681B681722BC1818001A4B8E
:103690009847030023701E4A1723FB181B7811005C
:1036A00018001C4B98471723FB181A781A4B9200E6
:1036B000F968D150FB6800221A76FB6800225A761E
:1036C000FB6800225A83FB6800229A83FB6825224C
:1036D00000219954FB6800221A627B6A14221A6046
:1036E0007A68FB68110018000C4B9847030018001B
:1036F000BD460BB090BDC04689A50000413000001A
:103700002930000065BE0000A9BE000041A30000F2
:10371000ED080000EDA50000504E0020DD31000056
:1037200080B584B000AF78607B681B68FB607B6805
:1037300018000F4B98477B6818000E4B98470E4BAC
:1037400098477B681B6818000C4B984703001800CB
:103750000B4B98470B4B98477B681800044B9847D6
:10376000FB6801221A60C046BD4604B080BDC04659
:103770006131000085310000E530000059A60000ED
:10378000E1BF0000F930000080B584B000AF786080
:103790007B681B68FB60FB681B7EDBB21A000223A0
:1037A00013400BD0FB6802221A76FB685B8B9BB23E
:1037B0001A000223134011D0412310E0FB685B8BF9
:1037C0009BB21A000423134008D0FB685B68C02238
:1037D00092021A43FB685A60182300E00023180085
:1037E000BD4604B080BD80B584B000AF78607B6812
:1037F0001B68BB600E23FB1800221A800FE00E230B
:10380000FB180E22BA18128801321A807B681B89B5
:103810000E22BA1812889A4201D312230EE0BB6816
:103820001B7EDBB21A000123134006D1BB681B7E4E
:10383000DBB21A0002231340E1D000231800BD467A
:1038400004B080BD90B585B000AF78600A00FB1C65
:103850001A707B681B68FB60FB685B688022D20281
:103860001A43FB685A60FB1C1A78FB685A620B23E8
:10387000FC187B681800074B984703002370FB680F
:1038800001221A760B23FB181B781800BD4605B0E1
:1038900090BDC046E737000080B500AF0020024B66
:1038A0009847C046BD4680BDD538000080B500AF02
:1038B0000120024B9847C046BD4680BDD538000068
:1038C00080B500AF0220024B9847C046BD4680BD80
:1038D000D538000080B584B000AF0200FB1D1A701F
:1038E000FB1D1A78284B9200D358FB60FB681B68BD
:1038F0009B7BDBB2FA68127E1340DAB2FB68597E1A
:103900000B23FB180A401A700B23FB181B780122AB
:10391000134008D0FB689B68FA6810009847FB6862
:103920001B6801229A730B23FB181B780222134099
:1039300008D0FB68DB68FA6810009847FB681B68D2
:1039400002229A730B23FB181B781022134008D015
:10395000FB681B69FA6810009847FB681B68102217
:103960009A730B23FB181B782022134008D0FB68A6
:103970005B69FA6810009847FB681B6820229A73FD
:10398000C046BD4604B080BD7C39002080B584B0FF
:1039900000AF78600023FB607B68002B01D172B61A
:1039A000FEE70820114B98470300BB60BB68002B63
:1039B00001D172B6FEE7BB68002B12D00C4B9847C2
:1039C000BB687A681A60BB6800225A60094B1B68A2
:1039D000BA685A60074BBA681A60074B98470123C8
:1039E000FB60FB681800BD4604B080BD915C000020
:1039F000595B0000140000207D5B000080B588B09A
:103A000000AFF860B9607A600123FB613D4B1B6831
:103A1000002B44D13B4B3C4A1A603AE0394B1B68BF
:103A20001B681B68BB61BB691800384B98470300D3
:103A30007B61FA687B69D3181B78202B05D0FA6864
:103A40007B69D3181B78002B1ED17A69B969FB6892
:103A500018002F4B9847031E16D12A4B1B681B6872
:103A60001B7B5BB2002B19DBFB681800294B9847C6
:103A700003001A00234B1B681B681B7B5BB29A4236
:103A80000CD00023FB6109E01E4B1B685A681D4BDC
:103A90001A601C4B1B68002BC0D100E0C046194BBC
:103AA0001B68002B0CD0FB69002B09D17A681A49DE
:103AB000BB681800194B9847124B00221A601CE093
:103AC000104B1B68002B10D00E4B1B681B689B68AB
:103AD000FA687968B86898470300FB61FB69002BB6
:103AE0000BD1084B00221A6007E07A680C49BB68CA
:103AF00018000A4B98470023FB61FB691800BD467C
:103B000008B080BD340300200C000020F1E7000065
:103B1000FFE70000353C0000E8F5000021E8000068
:103B200040F6000080B586B000AFF860B9607A60FA
:103B300000237B6100233B617B6800221A603BE02D
:103B4000FB680133FB60FB681B78002B07D0FB6828
:103B50001B78202BF4D102E0FB680133FB60FB688B
:103B60001B78002B03D0FB681B78202BF4D0FB685C
:103B70001B78002B25D07B6901337B617A69BB6898
:103B80009A4219D1FB683B6107E07B681B685A1CAD
:103B90007B681A60FB680133FB60FB681B78002BB5
:103BA00003D0FB681B78202BEFD17B681B68002BB0
:103BB00009D100233B6106E07A69BB689A42C2D30F
:103BC00002E0C04600E0C0463B691800BD4606B0B2
:103BD00080BD000080B586B000AFF860B9607A6043
:103BE000114B1B68002B02D10F4B104A1A600E4B71
:103BF0001B681B685968BA68FB6818000C4B98472B
:103C0000094B1B685A68084B1A60074B1B68002B4E
:103C100002D100237B6101E001237B617B691800F5
:103C2000BD4606B080BDC046380300200C00002011
:103C300021E8000080B584B000AF78600F23FB1846
:103C400000221A700023BB6018E07B681B78202BD1
:103C50000FD1BB68012B0ED00F23FB181B785BB272
:103C6000DBB20133DAB20F23FB181A700123BB60F9
:103C700001E00023BB607B6801337B607B681B78BD
:103C8000002BE2D1BB68012B09D10F23FB181B7855
:103C90005BB2DBB2013BDAB20F23FB181A700F23C1
:103CA000FB181B785BB21800BD4604B080BD000055
:103CB00080B582B000AF78607B681800034B9847EE
:103CC00003001800BD4602B080BDC046B5720000BA
:103CD00080B582B000AF78607B681800034B9847CE
:103CE00003001800BD4602B080BDC046E17200006E
:103CF00080B582B000AF78607B681800034B9847AE
:103D000003009BB21800BD4602B080BDC58500000F
:103D100080B582B000AF78607B681800044B98478C
:103D200003001B0C9BB21800BD4602B080BDC0460C
:103D3000C585000080B582B000AF78600A00BB1C6A
:103D40001A807B681800084B984703001B0C1A0464
:103D5000BB1C1B881A437B6811001800034B984753
:103D6000C046BD4602B080BDC5850000ED8500009F
:103D700080B582B000AF78600A00BB1C1A807B68F7
:103D80001800094B984703001B041A0CBB1C1B8826
:103D90001B041A437B6811001800044B9847C04667
:103DA000BD4602B080BDC046C5850000ED8500005F
:103DB00080B582B000AF78607B681800034B9847ED
:103DC00003009BB21800BD4602B080BDB13C0000AC
:103DD00080B582B000AF78607B681800044B9847CC
:103DE00003001B0C9BB21800BD4602B080BDC0464C
:103DF000B13C000080B582B000AF78600A00BB1C07
:103E00001A807B681800084B984703001B0C1A04A3
:103E1000BB1C1B881A437B6811001800034B984792
:103E2000C046BD4602B080BDB13C0000C972000072
:103E300080B582B000AF78600A00BB1C1A807B6836
:103E40001800094B984703001B041A0CBB1C1B8865
:103E50001B041A437B6811001800044B9847C046A6
:103E6000BD4602B080BDC046B13C0000C972000032
:103E700080B500AF024B984703001800BD4680BDD7
:103E8000A187000080B582B000AF78600D4B9847E5
:103E90007B68012B02D10C4B98470EE07B68022B0C
:103EA00004D10A4B18000A4B984706E07B68002BA8
:103EB00003D0084B1800064B9847C046BD4602B0D9
:103EC00080BDC046554D0000CD420000A0F6000068
:103ED00001540000E0F6000080B500AF604B1B68A5
:103EE0000922DA655E4B1B6864220A2199545C4BF7
:103EF0001B6865220A219954594B1B6866220A21C6
:103F00009954574B1B6867220F219954544B1B68D7
:103F1000682205219954524B1B6869220521995446
:103F20004F4B1B686A22052199544D4B1B686B222D
:103F3000052199544A4B1B686C2205219954484B22
:103F40001B6870220F219954454B1B6871220F2169
:103F50009954434B1B6872220F219954404B1B68A4
:103F600073220F2199543E4B1B6874220F219954E0
:103F70003B4B1B6875220F219954394B1B687622E5
:103F80000F219954364B1B6877220F219954344BDB
:103F90001B6878220F219954314B1B687C22102119
:103FA00099542F4B1B687D22102199542C4B1B6870
:103FB0007E22102199542A4B1B687F221321995489
:103FC000274B1B68802211219954254B1B688122A5
:103FD00010219954224B1B68822213219954204BA3
:103FE0001B688322132199541D4B1B6884221321C3
:103FF00099541B4B1B68882200219952184B1B684F
:104000008A22A0219952164B1B688C22A0214900BC
:104010009952134B1B688E22F02149009952104B84
:104020001B6890220F4999520D4B1B6892220E4932
:1040300099520B4B1B6894220C499952084B1B68F0
:1040400096220B499952064B1B6898228C21C90075
:104050009952034B1B68074A1A66C046BD4680BD8D
:10406000F8030020FD02000052030000A20300003C
:1040700001040000BF04000080B500AF2E4B0022F9
:104080005A822D4B5A8A2C4B1A802B4B0A229A8229
:10409000294B9A8A284B5A80274B1422DA82264BC6
:1040A000DA8A254B9A80244B1E221A83224B1A8BC4
:1040B000214BDA80204B2D225A831F4B5A8B1E4BEB
:1040C0001A811D4B32229A831B4B9A8B1A4B5A81B1
:1040D000194B3722DA83184BDA8B174B9A81164B20
:1040E0003C221A84144B1A8C134BDA81124B412256
:1040F0005A84114B5A8C104B1A820F4B09229A8406
:104100000D4B1322DA840C4B1D221A850A4B2C22EC
:104110005A85094B31229A85074B3622DA85064BA0
:104120003B221A86044B40225A86034B45229A862C
:10413000C046BD4680BDC0466803002080B582B041
:1041400000AF0200FB1D1A70FB1D1B78082B16D850
:104150009A000D4BD3181B689F460C4B10E00C4B7C
:104160000EE00C4B0CE00C4B0AE00C4B08E00C4B47
:1041700006E00C4B04E00C4B02E00C4B00E00C4B57
:104180001800BD4602B080BD14FA000014F700000C
:104190005CF70000A4F70000F8F7000044F8000006
:1041A00090F80000DCF8000030F9000088F9000009
:1041B000E4F9000090B587B000AF1723FB18002288
:1041C0001A70364B1B68002B0BD1344B1B68002B2D
:1041D00005D1334B1800334B9847002359E0002397
:1041E00057E02E4B1B681B6B012B01D1012350E0C4
:1041F0002D4B1B68002B49D1EFF31083BB60BB68CC
:104200003B610123FB60FB6883F31088274B1B682D
:104210005A1C264B1A60214B1B6801221A63244B3F
:10422000984703001800234B984703001A001723F0
:10423000FB181A701723FB181B78002B16D11723B5
:10424000FC1803201C4B9847030023701B4A1723BC
:10425000FB181B7819000320194B98471723FB18EC
:104260001B78002219000320164B98471723FB18D0
:104270001B781800144B98470C4B1B685A1E0B4BAD
:104280001A603B697B607B6883F31088034B1B6873
:104290001B6B1800BD4607B090BDC046F803002058
:1042A00038FA000001540000580300205003002099
:1042B000713E0000F13C0000E55000007CFA000077
:1042C00015530000754A00005D49000080B500AF3D
:1042D000024B9847C046BD4680BDC046B541000070
:1042E00080B500AF084B1B68002B03D0064B1B6842
:1042F00000221A63054B1B68002B02D0034B1B687E
:104300009847C046BD4680BDF803002060030020EA
:1043100090B589B000AF0200FB1D1A70FB1D1B7821
:10432000002B57D02E4B1B68002B55D0FB1D1B7844
:104330000F2B04D92B4B18002B4B98474DE02B4BE0
:104340001B68002B04D02A4B1800274B984744E0E9
:10435000EFF31083FB60FB68FB6101233B613B696A
:1043600083F31088214B1B685A1C204B1A60214B89
:104370001B681B6B002B22D01A23FC181E4B180045
:104380001E4B9847030023801923FB18FA1D12784F
:104390001A701B4B984703007B617B69002B0ED082
:1043A0007B6902221A707B691A22BA1812885A8015
:1043B0007B691922BA1812785A70124B98470B4B26
:1043C0001B685A1E094B1A60FB69BB60BB6883F30C
:1043D000108802E0C04600E0C046BD4609B090BD6E
:1043E00020000020E4FD00000154000050030020E4
:1043F00024FE0000F8030020FFFF00000956000023
:10440000B54F0000B155000080B58EB000AFF86028
:10441000B9607A60484B1B68002B00D188E07B684C
:10442000002B03DA7B685B427B6301E07B687B6384
:10443000EFF31083BB61BB693B630123FB61FB6945
:1044400083F310883D4B1B685A1C3C4B1A60BB68B9
:10445000002B05D03A4B1A687B68D218384B1A608B
:10446000354B1B681B6B002B57D0FF20354B9847F3
:1044700003001A002F23FB181A707B6B324A1900B5
:104480001000324B984702002C23FB181A80304B47
:1044900098470300BB62BB6A002B3ED0BB6A2F2249
:1044A000BA1812785A70BB6A00221A70BB6A2C22A2
:1044B000BA1812885A80274B9847BB68224A1900BD
:1044C0001000224B984702002623FB181A80252350
:1044D000FB1800221A701E4B984703003B623B6A90
:1044E000002B1AD03B6A2622BA1812885A803B6ADF
:1044F0002522BA1812785A70FB68DBB20133DAB29F
:104500003B6A1A70FB68DAB2BB6A1A70114B9847A3
:10451000094B1B680A4A12681A65084B1B685A1E29
:10452000064B1A603B6B7B617B6983F3108800E06C
:10453000C046BD460EB080BDF803002050030020E9
:104540006403002009560000FFFF0000D54700006B
:10455000B54F0000B155000090B58BB000AFF860CA
:104560007A600B23FB180A1C1A70FB68FE2B04D917
:10457000394B1800394B98476BE00B23FB181B781D
:10458000082B04D9364B1800344B984761E0354B63
:104590001A680B23FB181B786421D3185B181B784F
:1045A0001A007B689A4204D22F4B18002B4B984775
:1045B0004FE02E4B1B68002B04D02D4B1800274BCF
:1045C000984746E02B4B1B78002B41D0EFF310832C
:1045D0007B617B697B620123BB61BB6983F31088CC
:1045E000224B1B685A1C214B1A601E4B1B681B6B0D
:1045F000002B22D02223FC181F4B18001F4B98477A
:10460000030023802123FB187A681A701C4B9847FB
:104610000300FB61FB69002B0FD0FB692222BA1853
:1046200012885A80FB68DAB2FB691A70FB69212292
:10463000BA1812785A70134B98470C4B1B685A1EC5
:104640000A4B1A607B6A3B613B6983F3108800E088
:10465000C046BD460BB090BD94FE00000154000062
:10466000CCFE0000F803002014FF000050030020DF
:104670005CFF00005C030020FFFF00000956000003
:10468000B54F0000B155000080B58AB000AFF860AA
:104690007A603B600B23FB180A1C1A70FB68FE2B28
:1046A00004D9404B1800404B984777E00B23FB1888
:1046B0001B78082B04D93D4B18003B4B98476DE005
:1046C0003B4B1A680B23FB181B786421D3185B182B
:1046D0001B781A007B689A4204D2364B1800324B82
:1046E00098475BE0344B1B68002B04D0334B180019
:1046F0002D4B984752E0EFF310837B617B697B621F
:104700000123BB61BB6983F310882B4B1B685A1CC8
:10471000294B1A60264B1B681B6B002B34D0284B8F
:104720001B78002B30D0FF20264B984703001A003F
:104730002323FB181A703B681900FF20224B98476F
:1047400002002223FB181A702123FB187A681A70C2
:104750001E4B98470300FB61FB69002B14D0FB69DB
:104760002322BA181278DA70FB68DAB2FB691A7081
:10477000FB692122BA1812785A70FB692222BA18F2
:1047800012789A70124B98470B4B1B685A1E0A4BB3
:104790001A607B6A3B613B6983F31088BD460AB0AF
:1047A00080BDC04694FF000001540000D4FF00000B
:1047B000F8030020240001005003002074000100D1
:1047C0005C03002009560000D5470000B54F0000EB
:1047D000B155000080B584B000AF786039607B6867
:1047E000FF2B09D07B68194A934205D0184B18005B
:1047F000184B98473B6824E03A687B689A4201D896
:104800003B681EE0144B98470300FB60FB68002BDD
:1048100014D0FB6801221A707B68DB433A681340AE
:104820001B0ADAB2FB685A707B68DB433A681340B4
:104830001B0C9AB2FB685A80084B98473B687A6811
:1048400013401800BD4604B080BDC046FFFF000005
:10485000AC00010001540000B54F0000B15500004C
:1048600080B58AB000AF786039602623FB1800223B
:104870001A807B68FE2B04D92D4B18002D4B9847CE
:1048800053E02D4B1B68002B04D02C4B1800294BF8
:1048900098474AE0EFF310833B613B693B62012399
:1048A0007B617B6983F31088234B1B685A1C224B66
:1048B0001A60234B1B681B6B002B2CD0214B1B78E1
:1048C000002B28D0FF20204B984703001A001F23FD
:1048D000FB181A703B681D4A190010001C4B9847C2
:1048E00002002623FB181A801A4B98470300BB616D
:1048F000BB69002B0FD0BB691F22BA1812785A70FF
:104900007B68DAB2BB691A70BB692622BA181288B2
:104910005A80114B9847084B1B685A1E064B1A6069
:104920003B6AFB60FB6883F31088BD460AB080BD1C
:10493000E800010001540000500300204001010084
:10494000F80300205C03002009560000FFFF000070
:10495000D5470000B54F0000B155000090B589B0B3
:1049600000AF0200FB1D1A70FB1D1B780F2B04D932
:10497000344B1800344B984761E0EFF31083FB6031
:10498000FB68FB6101233B613B6983F310882F4B7C
:104990001B685A1C2D4B1A602D4B1B78FA1D127880
:1049A0009A4242D02B4B1B681B6B002B3DD02A4BED
:1049B00000221A601A23FC18284B1800284B98472D
:1049C00003002380224BFA1D12781A701923FB185A
:1049D0001F4A12781A70234B984703007B617B694A
:1049E000002B22D01A4B1B78190003201E4B98472E
:1049F0000300012B03D17B6907221A7002E07B6957
:104A000006221A707B691A22BA1812885A807B69AA
:104A10001922BA1812785A700D4B1B78012219000E
:104A20000320124B9847124B9847084B1B685A1E9D
:104A3000064B1A60FB69BB60BB6883F31088BD46F8
:104A400009B090BD7801010001540000500300201E
:104A50005C030020F80300203C030020FFFF00005F
:104A600009560000B54F0000594C0000B54B00003E
:104A7000B155000090B583B000AF040008001100EC
:104A8000FB1D221C1A70BB1D021C1A707B1D0A1C08
:104A90001A70FB1D1B78082B04D91A4B18001A4BEF
:104AA00098472CE0194B1A68FB1D1B786421D3181A
:104AB0005B181B78BA1D12789A4204D9144B18005F
:104AC000114B98471BE0114B1C68FB1D1A78BB1D4E
:104AD0001B78110018000F4B9847030018000B4B70
:104AE0001A68FB1D1B787021D3185B181B78C3183C
:104AF00001339C22E3189B187A1D12781A70BD4668
:104B000003B090BD0C03010001540000F803002025
:104B1000580301000D50000090B583B000AF0200B3
:104B2000FB1D1A70BB1D0A1C1A70FB1D1B78082B7D
:104B300005D91B4B18001B4B984700232BE01A4B41
:104B40001A68FB1D1B786421D3185B181B78BA1DEB
:104B500012789A4205D9154B1800124B984700233A
:104B600019E0114B1C68FB1D1A78BB1D1B78110046
:104B700018000F4B9847030018000B4B1A68FB1DD9
:104B80001B787021D3185B181B78C31801339C2243
:104B9000E3189B181B781800BD4603B090BDC046B3
:104BA0009803010001540000F8030020E403010011
:104BB0000D50000090B583B000AF04000800110054
:104BC000FB1D221C1A70BB1D021C1A707B1D0A1CC7
:104BD0001A70FB1D1B78082B04D91A4B18001A4BAE
:104BE00098472BE0194B1A68FB1D1B786421D318DA
:104BF0005B181B78BA1D12789A4204D9144B18001E
:104C0000114B98471AE0114B1C68FB1D1A78BB1D0D
:104C10001B78110018000F4B9847030018000B4B2E
:104C20001A68FB1D1B787021D3185B181B78C318FA
:104C30009C22E3189B187A1D12781A70BD4603B0A7
:104C400090BDC0462404010001540000F803002078
:104C5000680401000D50000090B583B000AF020061
:104C6000FB1D1A70BB1D0A1C1A70FB1D1B78082B3C
:104C700005D91A4B18001A4B984700232AE0194B04
:104C80001A68FB1D1B786421D3185B181B78BA1DAA
:104C900012789A4205D9144B1800114B98470023FB
:104CA00018E0104B1C68FB1D1A78BB1D1B78110007
:104CB00018000E4B9847030018000A4B1A68FB1D9A
:104CC0001B787021D3185B181B78C3189C22E3183B
:104CD0009B181B781800BD4603B090BDA4040100CA
:104CE00001540000F8030020E80401000D5000000A
:104CF00090B583B000AF0200FB1D1A70114B1B680A
:104D000067229B5CFA1D12789A4204D90E4B180058
:104D10000E4B984713E00B4B1C68FB1D1B780321BF
:104D200018000B4B984703001900064B1B687322B1
:104D30009B5CCB189C22E3189B1800221A70BD467E
:104D400003B090BDF80300202405010001540000C9
:104D50000D50000080B500AF754B1B68002B03D1D0
:104D6000734B744A1A6006E0714B1B681B78DBB208
:104D7000012B00D1D8E0704B1A68704B1A606C4B55
:104D80001B686F4A002118006E4B9847684B1B68E0
:104D90006D4A9A81664B1B6805229A73644B1B68A7
:104DA0000022DA73624B1B68654A1A61604B1B680C
:104DB000C82252009A615E4B1B68644A5A655C4B7C
:104DC0001B6800229A655A4B1B6800225A63604B8D
:104DD0009847574B1B685F4A5F499950544B1A6874
:104DE000AC23DB00C8218900D150514B1B685B4AC2
:104DF000012199504E4B1A6891231B015849D150FB
:104E00004B4B1B68574A944663445749502218003D
:104E1000564B9847464B1B68554A56499950444B48
:104E20001B68554A0A219954414B1B68534A0B2170
:104E300099543F4B1B68524A0C2199543C4B1B68B8
:104E4000504A0D2199543A4B1A68FB231B017121DA
:104E5000D154374B1B684C4A72219954344B1B6810
:104E60004A4A73219954324B1B68494A7421995418
:104E70002F4B1B68474AF12199542D4B1B68464A1A
:104E8000F22199542A4B1B68444AF3219954284B28
:104E90001B68434AF4219954424B9847244B1B68A2
:104EA000F422DA72224B1B68F3229A72204B1B68A1
:104EB000F2225A721E4B1B68F1221A721C4B1B689D
:104EC0007422DA711A4B1B6873229A71184B1B6893
:104ED00072225A71164B1B6871221A71144B1B688F
:104EE0000422DA70124B1B6803229A70104B1B6865
:104EF00002225A700E4B1B6801221A702A4B1B6843
:104F0000002B12D00A4B1B68164A9818264B1B68B8
:104F100050221900154B9847054B1B68234A012165
:104F20009950234B984700E0C046BD4680BDC0461F
:104F3000F80300208839002018E000E040490020F4
:104F4000B80F000087E50000A11A0000F0F0F0F0B3
:104F5000D93E00005C050000F1F1F1F164050000AC
:104F6000F2F2F2F2140900006C050100CD520000CB
:104F700064090000F3F3F3F3AC0F0000AD0F000081
:104F8000AE0F0000AF0F0000B10F0000B20F000025
:104F9000B30F0000B40F0000B50F0000B60F000003
:104FA000B70F000079400000580300200C090000F2
:104FB000E142000080B500AF104B1B681B6B002B5B
:104FC00001D1002316E00D4B1B68DA699023FF33F3
:104FD0009A4205D90A4B18000A4B9847002309E06A
:104FE000064B1A68054B1B68DB699B0006498C461B
:104FF0006344D3181800BD4680BDC046F8030020A6
:1050000080050100015400006809000080B582B0ED
:1050100000AF0200FB1D1A70BB1D0A1C1A70BB1DDD
:105020001B78082B05D92A4B18002A4B98470023D8
:1050300049E0FB1D1B78002B0BD0274B1A68BB1DCA
:105040001B786421D3185B181B78FA1D12789A42DA
:1050500005D9224B18001F4B9847002333E0BB1D96
:105060001B78082B2AD8FB1D1B78002B26D01A4B47
:105070001A68BB1D1B786421D3185B181B78FA1DB6
:1050800012789A421AD8144B1A68BB1D1B78403309
:105090005B00D31808331A880F4B1968BB1D1B78A7
:1050A0007C20CB181B181B789BB2F91D097801399D
:1050B00089B24B439BB2D3189BB204E0084B180053
:1050C000044B984700231800BD4602B080BDC0467F
:1050D000A805010001540000F8030020E8050100C4
:1050E0002806010080B588B000AF0200FB1D1A70D1
:1050F0005A4B1B68002B05D1594B1800594B984748
:105100000023A7E0FB1D1B78082B05D9564B180080
:10511000544B984700239DE0EFF31083FB60FB683E
:10512000BB6101233B613B6983F310884F4B1B68D4
:105130005A1C4E4B1A60FB1D1A784D4B5200D35A25
:105140001A004C4B1A604B4B1B68494A4821D31834
:105150005B181B78002B17D1464B1A68454B1B6810
:10516000D9B2FB1D1B78424808335B00C3180233D9
:105170001B88DBB2CB1ADBB20133D8B23C4B4821DF
:105180009B185B18021C1A703A4B1A681F23FB18F5
:10519000374948208A18121812781A70FB1D1A789D
:1051A000334B5200D25AFB1D1B78314910335B0040
:1051B000CB1804331B889A420DD9FB1D1B781800AD
:1051C0002D4B984703001800264B98471F23FB18C8
:1051D00000221A7031E0FB1D1B78254A59008A5ABB
:1051E000013291B2224A5B009952FB1D1A78204B82
:1051F0005200D35A1900FB1D1B781D4A08335B006F
:10520000D31802331B88CB1A7B61FB1D1B78184A0D
:1052100018335B00D31806331B881A007B699A4247
:105220000BDAFB1D1B787A69D2B291B2104A18339F
:105230005B00D31806330A1C1A800C4B1B685A1EDD
:105240000A4B1A60BB69BB60BB6883F310881F23DD
:10525000FB181B781800BD4608B080BDF80300207D
:1052600088FA000001540000680601005003002085
:1052700068030020FC0300203D41000090B585B08C
:1052800000AF0200FB1D1A70BB1D0A1C1A700E2312
:10529000FC18FB1D1A78BB1D1B7811001800094B68
:1052A000984703002380084B1A680E23FB181B88BD
:1052B0009C21D3185B1801221A70C046BD4605B068
:1052C00090BDC0460D500000F803002080B586B0A8
:1052D00000AFF860B9607A6000237B6110E0FA6883
:1052E0007B69D318B9687A698A1812781A70BA6813
:1052F0007B69D3181B78002B07D07B6901337B6156
:105300007A697B689A42EAD300E0C046C046BD464F
:1053100006B080BD80B582B000AF3A60FB1D021CB4
:105320001A70BB1D0A1C1A703B68002B04D12A4B53
:1053300018002A4B98474BE0FB1D1B78082B04D91B
:10534000274B1800254B984742E0BB1D1B78002BCC
:1053500004D1244B1800214B984739E0224B1A689E
:10536000FB1D1B786421D3185B181B78BA1D1278BB
:105370009A4209D9FB1D1B7818001C4B9847030063
:105380001800164B984723E0FB1D1A78BB1D1B78AD
:1053900011001800164B984703001A00154B1A808D
:1053A000154B1B68002B13D10F4B1A68114B1B8830
:1053B0009833D318181D0C4B1A68FB1D1B787021ED
:1053C000D3185B181B781A003B6819000B4B9847E1
:1053D000BD4602B080BDC0466C070100015400000C
:1053E000A0070100D0070100F80300203D410000A4
:1053F0000D5000000004002058030020CD52000092
:1054000080B582B000AF7860114B1B68002B01D0D3
:10541000104B9847104B1B68002B15D10E4B7A6828
:105420001A600B4B1B68002B0ED0094B1B680B4AF4
:105430009818094B1B6850221900094B9847044BD8
:105440001B68084A01219950C046BD4602B080BD84
:10545000F8030020E1420000580300201409000076
:10546000CD5200000C09000080B586B000AF0200EC
:10547000FB1D1A7000237B6100233B61FB1D1B7821
:10548000002B00D081E0454B1800454B984782E047
:10549000444B1B68DA697B69D3183B61414B1A683E
:1054A0003B699B004049D3185B181B78982B31D976
:1054B0003C4B1A683B699B003B49D3185B181B782F
:1054C000A72B27D8374B1A683B699B003649D3185E
:1054D0005B181A780F23FB1868321A700F23FB1819
:1054E0001A783B69D2182F4B1B689B699A4248D2A5
:1054F0002C4B1A683B699B002B498C466344D0189F
:105500000F23FB181B7801339B001A000021274B47
:10551000984736E0234B1A683B699B002249D31811
:105520005B181B78012B2DD13B695A1C1D4B1B6846
:105530009B699A420DD21B4B1A683B699B001A4922
:105540008C466344D318082200211800174B984753
:1055500018E0144B1B68144A94466344042200214B
:105560001800124B98470F4B1A683B699B000E4975
:105570008C466344D3180422002118000B4B984733
:1055800000E0C0467B6901337B61FB1D1A787B69B3
:105590009A4200D97CE7BD4606B080BD30080100C4
:1055A00001540000F80300206809000087E50000AE
:1055B00080B500AF124B1B681B6B002B1CD0104B2F
:1055C0001B685A6901325A610D4B1B68DA69013256
:1055D000DA610B4B1B68DA699023FF339A4207D9D3
:1055E000074B1B6801221A62054B1B680022DA6117
:1055F0000120044B984700E0C046BD4680BDC04630
:10560000F803002069540000B0B586B000AF020076
:10561000BB1D1A8000237B6100233B610023FB60DC
:10562000BB1D1B88FF2B0AD0BB1D1B88604A934201
:1056300005D0604B1800604B98470023B3E05F4BE8
:105640001B685B6A002B18D15D4B1B68002B06D0D2
:105650005A4B1B685A4A126892085A620DE0594B1D
:105660001A68594B1B689A4207D0544B1C6800209B
:10567000564B984703009B0863620C23FB181800E5
:10568000534B9847FA68534B1B68D31A3B61FA682F
:10569000504B1A60494B1B685B6A002B44D0474B48
:1056A0001B685A6A3B699A421ED2444B1C68434BA2
:1056B0001B68DD6A414B1B685A6A474B1100386909
:1056C00098470300EB18E3623C4B1C683B4B1B689C
:1056D0009D6A3A4B1B68596A3A69404B10009847DB
:1056E0000B00EB18A36207E0344B1B68334A1268C7
:1056F000916A3A698A189A62304B1B689A6A2F4BF2
:105700001B685B6A9A4213D32C4B1B68DA6A01321E
:10571000DA622A4B1B68294A1268916A274A126882
:10572000526A8A1A9A6203E0244B1B68FA689A62EA
:10573000BB1D1A883B699A422FD2294B9847030018
:105740007B617B69002B28D0BB1D1B88184A9342C4
:105750000BD17B69A9221A703B691B0C9AB27B6939
:105760005A807B6900225A7015E0BB1D1B88FF2BF5
:105770000DD17B69A8221A703B691B0A9AB27B691A
:105780005A803B691B0EDAB27B695A7003E0154BF5
:105790001800094B9847144B98473B699BB2BA1DB8
:1057A000128813409BB21800BD4606B0B0BDC0467B
:1057B000FFFF00008808010001540000F8030020EA
:1057C0005403002018E000E0404900208DBD000097
:1057D000ED5700000404002015C7000021C8000098
:1057E000B54F0000C8080100B155000080B584B075
:1057F00000AF78600023BB600023FB602D4B1B686B
:10580000012B07D17B68002B4FD02B4B1A687B688C
:105810001A604AE0294B1A68294B1B68D31A0133D6
:10582000BB60284B1A68284B1B68D31A013B002B1E
:1058300003DB244B1B68FB6002E0234B1B68FB600F
:10584000204B1B68FA689A4207D1204B1B68BA6844
:105850009A4202D2FB680133FB607B68002B16D0B2
:10586000164B1B6801339B08FA685A43124B1A60A7
:10587000124B1B68013303221340FA685A43BB687A
:10588000D3189A080C4B1B68D2180B4B1A600D4B9F
:10589000FA681A607B68002B03D0074B1A687B6894
:1058A0001A600A4BBA681A6000E0C046BD4604B0F0
:1058B00080BDC046440300204803002014E000E0FF
:1058C00018E000E008040020400300200C04002041
:1058D00080B582B000AF78607B6808331A007B68BF
:1058E0005A607B68012252429A607B6808331A0032
:1058F0007B68DA607B6808331A007B681A617B6812
:1059000000221A60C046BD4602B080BD80B582B09C
:1059100000AF78607B6800221A61C046BD4602B0C5
:1059200080BD80B584B000AF786039607B685B680B
:10593000FB603B68FA685A60FB689A683B689A604B
:10594000FB689B683A685A60FB683A689A603B68F3
:105950007A681A617B681B685A1C7B681A60C046AB
:10596000BD4604B080BD80B584B000AF78603960BA
:105970003B681B68BB60BB68013303D17B681B6954
:10598000FB600CE07B680833FB6002E0FB685B684F
:10599000FB60FB685B681A68BB689A42F6D9FB68D3
:1059A0005A683B685A603B685B683A689A603B6833
:1059B000FA689A60FB683A685A603B687A681A61CC
:1059C0007B681B685A1C7B681A60C046BD4604B0E1
:1059D00080BD80B584B000AF78607B681B69FB60D8
:1059E0007B685B687A6892689A607B689B687A6873
:1059F00052685A60FB685A687B689A4203D17B6898
:105A00009A68FB685A607B6800221A61FB681B6811
:105A10005A1EFB681A60FB681B681800BD4604B07C
:105A200080BD000080B584B000AFF860B9607A60D6
:105A3000FB68043BFB60FB68802252041A60FB6831
:105A4000043BFB60BA68FB681A60FB68043BFB60C0
:105A5000084AFB681A60FB68143BFB607A68FB68C5
:105A60001A60FB68203BFB60FB681800BD4604B071
:105A700080BDC046795A000080B582B000AF0023D7
:105A80007B60074B1B68013301D072B6FEE772B62C
:105A9000C0467B68002BFCD0C046BD4602B080BD2E
:105AA0002800002080B500AFC046BD4680BD000084
:105AB0000B4A13681868203080F30988022080F3AD
:105AC0001488BFF36F8F3FBCAE4608BC04BC62B6FF
:105AD0001847C046C046C046C046C046C046C0463D
:105AE000E0360020C046C04680B500AF0E4B0E4ADF
:105AF0001268FF2109040A431A600B4B0A4A126814
:105B0000FF2109060A431A60084B9847084B0022F8
:105B10001A60084B9847084B9847084B9847002352
:105B20001800BD4680BDC04620ED00E0495C000085
:105B300028000020B15A00009D810000795A000021
:105B400080B500AF034B802252051A60C046BD46A7
:105B500080BDC04604ED00E080B500AF72B6064BD4
:105B60001B685A1C044B1A60BFF34F8FBFF36F8F33
:105B7000C046BD4680BDC0462800002080B500AFAD
:105B8000094B1B68002B01D172B6FEE7064B1B6860
:105B90005A1E054B1A60044B1B68002B00D162B6DD
:105BA000C046BD4680BDC04628000020EFF31080EF
:105BB00072B67047C046180080F310887047C04620
:105BC000EFF309800E4B1A6820381060F0C044468D
:105BD0004D4656465F46F0C008B572B602F0DEFA92
:105BE00062B60CBC116808681030F0C8A046A9461F
:105BF000B246BB4680F309882038F0C81847C04633
:105C0000E0360020C046C04680B582B000AF0A4BE7
:105C1000984703007B60094B9847031E03D0084B4D
:105C2000802252051A607B681800064B9847C046D0
:105C3000BD4602B080BDC046AD5B0000AD7F000038
:105C400004ED00E0B95B0000B0B500AF0B4B0022E3
:105C50001A600B4B00221A600A4C00200A4B98472E
:105C60000A4BFA22910098470300013B2360034B43
:105C700007221A60C046BD46B0BDC04610E000E035
:105C800018E000E014E000E08DBD000015C7000042
:105C900080B584B000AF78600023FB607B6807228A
:105CA000134004D07B680722934308337B60214B69
:105CB0009847214B1B68002B05D1204B07229343AB
:105CC0001A001D4B1A601E4B1A687B68D3181D4AB8
:105CD000934213D81A4B1A687B68D218184B1B686A
:105CE0009A420BD9144B1A68154B1B68D318FB60EA
:105CF000134B1A687B68D218114B1A60FB68002B93
:105D000006D0FB687A68190094200F4B984705E08D
:105D1000FB687A681900E8200B4B98470B4B9847B3
:105D2000FB68002B01D10A4B9847FB681800BD4661
:105D300004B080BD097E0000DC360020180400207D
:105D4000D8360020BF32000009440000217E000048
:105D5000E5C6000080B582B000AF78607B68002B9C
:105D600001D072B6FEE7C046BD4602B080BD00005D
:105D700080B500AF034B1B68CB229201D31A1800E9
:105D8000BD4680BDD836002080B584B000AF7860B5
:105D900039607B68FB60FB68002B01D172B6FEE7BF
:105DA000234B9847FB681A68FB68D96BFB681B6C30
:105DB0004B43D218FB685A60FB6800229A63FB6869
:105DC0001A68FB689A60FB681A68FB68DB6B591EEF
:105DD000FB681B6C4B43D218FB68DA60FB684422FB
:105DE000FF219954FB684522FF2199543B68002B01
:105DF0000DD1FB681B69002B13D0FB681033180012
:105E00000C4B9847031E0CD00B4B984709E0FB68DE
:105E100010331800094B9847FB6824331800074BD0
:105E20009847074B984701231800BD4604B080BD32
:105E3000595B0000E1830000415B0000D158000085
:105E40007D5B000090B58BB002AFF860B960FB1DC0
:105E50001A70FB68002B01D172B6FEE7BB68002BFD
:105E600002D10023FB6103E0FB68BA685343FB6186
:105E7000FB6954331800194B98470300BB61BB6999
:105E8000002B0DD0BB6954337B61FB1D1C787A69F4
:105E9000B968F868BB6900932300114CA04717E06C
:105EA000104B9847030018000F4B984703001A0047
:105EB0000E4B1B8813409BB2002B09D0FB1D1B7897
:105EC0000B4AD35C4033DBB200211800094B9847E2
:105ED000BB691800BD4609B090BDC046915C00008A
:105EE000F95E0000713E0000113D0000240000201A
:105EF0001800002061480000B0B584B000AFF86021
:105F0000B9607A601A00FB1C1A70BB68002B03D1C1
:105F10003B6A3A6A1A6002E03B6A7A681A603B6A36
:105F2000FA68DA633B6ABA681A643B6A01211800AE
:105F3000414B98473B6AFA1C502112785A543B6AED
:105F400000229A643B6A18003C4B984703001A00F1
:105F50003B4B9B5C18003B4B984703009AB23B6A53
:105F600011001800384B9847384B1A883B6A1100CB
:105F70001800374B98473B6A1800304B984703008E
:105F80001A002F4B9C5C3B6A1800324B9847030069
:105F9000DBB219002000304B9847304B9847030084
:105FA00018002F4B984703001A002E4B1B881340F4
:105FB0009BB2002B29D03B6A18002B4B984703005B
:105FC0001A00284B1B8813409BB2002B1DD03B6A44
:105FD00018001A4B984703001A00194B9B5C1833A2
:105FE000DBB21D003B6A1800144B984703001A00EF
:105FF000134B9C5C3B6A1800164B98470300DBB2BE
:106000001A0021002800194B98473B6A18000B4BD7
:10601000984703001A000A4B9C5C3B6A18000D4B22
:1060200098470300DBB2002219002000104B98476C
:10603000C046BD4604B0B0BD895D0000D13C000043
:1060400018000020E5500000F53D0000260000206B
:10605000313E0000B13D00007D520000713E000065
:10606000113D000024000020D13D000059450000F2
:10607000B54B000090B583B000AF78607B68002B13
:106080000ED07B6800225A607B6800221A607B6811
:106090000022DA607868002300220021024CA04729
:1060A000C046BD4603B090BDED60000080B586B02F
:1060B00000AF0200FB1D1A7001237B6100233B61CE
:1060C000FB1D1A7839697B691800064B9847030055
:1060D000FB60FB681800044B9847FB681800BD463E
:1060E00006B080BD455E000075600000B0B58AB0A6
:1060F00000AFF860B9607A603B6000237B62FB68A8
:106100003B623B6A002B01D172B6FEE7BB68002BF5
:1061100003D13B6A1B6C002B01D1012300E000235B
:10612000002B01D172B6FEE73B68022B03D13B6A1C
:10613000DB6B012B01D1012300E00023002B01D1F7
:1061400072B6FEE7BC4B9847031E02D17B68002B5A
:1061500001D1012300E00023002B01D172B6FEE73C
:10616000B64B98473B6A9A6B3B6ADB6B9A4203D308
:106170003B68022B00D08EE0B14B9847030018001B
:10618000B04B984703001A00AF4B1B8813409BB2DB
:10619000002B2ED03B6A1800AC4B984703001A0026
:1061A000A94B1B8813409BB2002B22D03B68002BCD
:1061B0000BD13B6A1800A64B984703001A00A54B69
:1061C0009B5C2033DBB21D0000E025253B6A1800F4
:1061D0009F4B984703001A009E4B9C5C3B6A18003B
:1061E0009D4B98470300DBB21A00210028009B4B0F
:1061F00098473B6A1800964B984703001A00954B46
:106200009C5C3B6A1800944B98470300DDB23B6AE4
:1062100018008F4B984703001A008E4B9B5C022B93
:1062200005D03B6A9B6BDBB20133DBB200E000239D
:106230001A00290020008A4B98473A68B9683B6ADF
:106240001800884B98470300FB613B6A9B6C002B4E
:106250000AD03A683B6A11001800834B9847031E26
:1062600015D0824B984712E03B6A5B6A002B09D03D
:106270003B6A243318007E4B9847031E07D07B4BA4
:10628000984704E0FB69002B01D0784B9847794B85
:106290009847012342E17B68002B40D1754B98471A
:1062A000674B984703001800664B984703001A0095
:1062B000654B1B8813409BB2002B2ED03B6A180005
:1062C000624B984703001A005F4B1B8813409BB238
:1062D000002B22D03B68002B0BD13B6A18005C4B93
:1062E000984703001A005B4B9B5C4833DBB21D00F0
:1062F00000E04D253B6A1800554B984703001A00F3
:10630000544B9C5C3B6A1800534B98470300DBB22C
:106310001A0021002800514B98470023FEE07B6AB9
:10632000002B06D11423FB181800534B9847012368
:106330007B62504B9847514B9847404B98473B6A7C
:1063400044229B5C5BB2013303D13B6A44220021AF
:1063500099543B6A45229B5C5BB2013303D13B6A93
:10636000452200219954434B98473A1D1423FB18AA
:1063700011001800424B9847031E00D08AE03B6A88
:106380001800404B9847031E4FD02D4B98470300F1
:1063900018002C4B984703001A002B4B1B88134006
:1063A0009BB2002B2ED03B6A1800284B9847030065
:1063B0001A00254B1B8813409BB2002B22D03B6850
:1063C000002B0BD13B6A1800214B984703001A00A1
:1063D000204B9B5C7033DBB21D0000E075253B6AEF
:1063E00018001B4B984703001A001A4B9C5C3B6A31
:1063F0001800194B98470300DBB21A00210028004F
:10640000164B98473B6A10337A68110018001E4BF0
:1064100098473B6A18001D4B98471D4B9847031E31
:1064200000D09DE6114B98479AE63B6A1800174B3F
:106430009847174B984793E6BD870000595B0000CB
:10644000713E0000113D000024000020D13D0000FD
:10645000D13C000018000020B13D0000594500006B
:10646000B54B00002573000029760000415B000059
:10647000E18300007D5B0000DD840000097E0000F8
:106480000585000079750000BD820000557400008C
:10649000217E00003B6A1800224B9847224B984708
:1064A000224B984703001800214B984703001A001D
:1064B000204B1B8813409BB2002B2ED03B6A180048
:1064C0001D4B984703001A001A4B1B8813409BB2C0
:1064D000002B22D03B68002B0BD13B6A1800174BD6
:1064E000984703001A00164B9B5C4833DBB21D0033
:1064F00000E04D253B6A1800104B984703001A0036
:106500000F4B9C5C3B6A18000E4B98470300DBB2B4
:106510001A00210028000C4B984700231800BD46A4
:106520000AB0B0BD55740000217E0000713E00002D
:10653000113D000024000020D13D0000D13C0000AE
:1065400018000020B13D000059450000B0B588B0EA
:1065500000AFF860B9607A603B60FB68BB61BB6903
:10656000002B01D172B6FEE7BB68002B03D1BB69DB
:106570001B6C002B01D1012300E00023002B01D173
:1065800072B6FEE73B68022B03D1BB69DB6B012BC4
:1065900001D1012300E00023002B01D172B6FEE7F8
:1065A000684B984703007B61BB699A6BBB69DB6BE7
:1065B0009A4203D33B68022B00D088E01323FB18D8
:1065C000BA694521525C1A70BB6918005E4B984746
:1065D00003001A005D4B1B8813409BB2002B22D096
:1065E0003B68002B0BD1BB691800594B984703003F
:1065F0001A00584B9B5C3033DBB21D0000E03525A0
:10660000BB691800524B984703001A00514B9C5C21
:10661000BB691800504B98470300DBB21A002100F9
:1066200028004E4B9847BB691800494B9847030018
:106630001A00484B9C5CBB691800474B9847030005
:10664000D9B2BB699B6BDBB20133DBB21A0020000D
:10665000434B98473A68B968BB691800414B984763
:106660001323FB181B785BB2013324D1BB699B6CED
:10667000002B0ED03A68BB69110018003A4B9847BE
:10668000031E21D07B68002B1ED07B6801221A607C
:106690001AE0BB695B6A002B16D0BB692433180073
:1066A000324B9847031E0FD07B68002B0CD07B68C1
:1066B00001221A6008E01323FB181B780133DBB2B8
:1066C00059B2BB69452299540123FB6130E0BB6993
:1066D00018001D4B984703001A001C4B1B881340E1
:1066E0009BB2002B22D03B68002B0BD1BB6918005A
:1066F000174B984703001A00164B9B5C5833DBB2CC
:106700001D0000E05D25BB691800114B9847030090
:106710001A00104B9C5CBB6918000F4B9847030094
:10672000DBB21A00210028000C4B98470023FB61C4
:106730007B6918000E4B9847FB691800BD4608B0EE
:10674000B0BDC046AD5B0000D13D0000240000207C
:10675000D13C000018000020B13D00005945000068
:10676000B54B00002573000029760000E18300008E
:10677000B95B000080B582B000AF786039603968DD
:106780007B6800221800034B984703001800BD46A1
:1067900002B080BD99670000B0B58AB000AFF86064
:1067A000B9607A60FB683B623B6A002B01D172B62C
:1067B000FEE73B6A1B6C002B01D072B6FEE73B6A1A
:1067C0001B68002B03D13B6A5B68002B01D10123BE
:1067D00000E00023002B01D172B6FEE7664B98471C
:1067E0000300FB613B6A9B6BBB613B6ADA6BBB6975
:1067F0009A4200D885E01723FB183A6A4521525C7B
:106800001A703B6A18005D4B984703001A005C4BF6
:106810001B8813409BB2002B22D07B68002B0BD12E
:106820003B6A1800574B984703001A00564B9B5C75
:106830003033DBB21D0000E035253B6A1800514BB8
:10684000984703001A00504B9C5C3B6A18004F4B62
:1068500098470300DBB21A00210028004C4B9847F0
:106860003B6A1800474B984703001A00464B9C5C54
:106870003B6A1800454B98470300D9B23B6A9B6BB3
:10688000DBB20133DBB21A002000424B9847BB69F0
:106890005A1C3B6A9A631723FB181B785BB20133BF
:1068A00023D13B6A9B6C002B0DD03B6A0021180062
:1068B000394B9847031E21D0BB68002B1ED0BB6804
:1068C00001221A601AE03B6A5B6A002B16D03B6A11
:1068D00024331800314B9847031E0FD0BB68002BA0
:1068E0000CD0BB6801221A6008E01723FB181B7844
:1068F0000133DBB259B23B6A4522995401237B62D2
:1069000030E03B6A18001D4B984703001A001C4BEF
:106910001B8813409BB2002B22D07B68002B0BD12D
:106920003B6A1800174B984703001A00164B9B5CF4
:106930005833DBB21D0000E05D253B6A1800114BA7
:10694000984703001A00104B9C5C3B6A18000F4BE1
:1069500098470300DBB21A00210028000C4B98472F
:1069600000237B62FB6918000D4B98477B6A180077
:10697000BD460AB0B0BDC046AD5B0000D13D0000D1
:1069800024000020D13C000018000020B13D000090
:1069900059450000B54B000029760000E183000056
:1069A000B95B0000B0B58AB000AFF860B9607A603A
:1069B00000237B62FB683B623B6A002B01D172B60D
:1069C000FEE7BB68002B03D13B6A1B6C002B01D197
:1069D000012300E00023002B01D172B6FEE7BF4B7C
:1069E0009847031E02D17B68002B01D1012300E0F0
:1069F0000023002B01D172B6FEE7B94B98473B6AE2
:106A00009B6BFB61FB69002B00D17DE0BA683B6AA0
:106A100011001800B34B9847B34B98470300180078
:106A2000B24B984703001A00B14B1B8813409BB22E
:106A3000002B29D03B6A1800AE4B984703001A0080
:106A4000AB4B1B8813409BB2002B1DD03B6A180038
:106A5000A94B984703001A00A84B9B5C2833DBB274
:106A60001D003B6A1800A44B984703001A00A34B73
:106A70009C5C3B6A1800A24B98470300DBB21A00EB
:106A8000210028009F4B98473B6A18009A4B984773
:106A900003001A00994B9C5C3B6A1800984B98477E
:106AA0000300DDB23B6A1800934B984703001A00BD
:106AB000924B9B5C022B08D18B4B9847030018002C
:106AC000914B98470300DBB204E03B6A9B6BDBB25F
:106AD000013BDBB21A00290020008C4B9847FB6970
:106AE0005A1E3B6A9A633B6A1B69002B08D03B6ABB
:106AF00010331800864B9847031E01D0854B9847EA
:106B0000854B984701235FE17B68002B3BD1824B8B
:106B10009847754B984703001800744B984703003B
:106B20001A00734B1B8813409BB2002B29D03B6A81
:106B30001800704B984703001A006D4B1B881340D8
:106B40009BB2002B1DD03B6A18006B4B984703008B
:106B50001A006A4B9B5C5033DBB21D003B6A180085
:106B6000654B984703001A00644B9C5C3B6A180015
:106B7000634B98470300DBB21A0021002800614BE9
:106B80009847002320E17B6A002B06D11423FB18D1
:106B90001800624B984701237B625F4B9847604B1C
:106BA00098474F4B98473B6A44229B5C5BB201334A
:106BB00003D13B6A4422002199543B6A45229B5CE5
:106BC0005BB2013303D13B6A452200219954524BF9
:106BD00098473A1D1423FB1811001800514B984791
:106BE000031E00D0AAE03B6A18004F4B9847031ED3
:106BF0006DD03D4B9847030018003C4B984703006D
:106C00001A003B4B1B8813409BB2002B29D03B6AD8
:106C10001800384B984703001A00354B1B88134067
:106C20009BB2002B1DD03B6A1800334B98470300E2
:106C30001A00324B9B5C6833DBB21D003B6A1800C4
:106C40002D4B984703001A002C4B9C5C3B6A1800A4
:106C50002B4B98470300DBB21A0021002800294B78
:106C600098473B6A1800244B984703001A00234BAF
:106C70009B5C022B18D01C4B9847030018001B4B41
:106C8000984703001A001A4B1B8813409BB2002B35
:106C90000AD0154B9847030018001B4B9847030078
:106CA000DBB21800214B98473B6A24337A68110005
:106CB00018001F4B98473B6A18001E4B98471E4B05
:106CC0009847031E00D098E6124B984795E63B6A1A
:106CD0001800184B9847184B98478EE6BD87000060
:106CE000595B000005740000713E0000113D00007A
:106CF00024000020D13D0000D13C000018000020FD
:106D0000B13D000059450000F13C0000B54B0000CA
:106D1000E1830000415B00007D5B0000DD8400003A
:106D2000097E00000585000045750000F14C00005B
:106D3000BD82000055740000217E00003B6A1800EF
:106D4000234B9847234B98473B6A1800224B9847A0
:106D5000031E00D151E6214B984703001800204B39
:106D6000984703001A001F4B1B8813409BB2002B4F
:106D700029D03B6A18001C4B984703001A00194B96
:106D80001B8813409BB2002B1DD03B6A1800174B89
:106D9000984703001A00164B9B5C5033DBB21D0072
:106DA0003B6A1800114B984703001A00104B9C5C7B
:106DB0003B6A18000F4B98470300DBB21A00210012
:106DC00028000D4B984700231800BD460AB0B0BDFF
:106DD00055740000217E000045750000713E0000E2
:106DE000113D000024000020D13D0000D13C0000F6
:106DF00018000020B13D000059450000B0B58AB030
:106E000000AF7860396000237B627B68FB61002300
:106E10003B62FB69002B01D172B6FEE7FB691B6C7C
:106E2000002B01D072B6FEE7CB4B9847031E02D170
:106E30003B68002B01D1012300E00023002B01D18E
:106E400072B6FEE7C54B9847FB699B6BBB61BB699C
:106E5000002B00D180E0C24B984703001800C14BC3
:106E6000984703001A00C04B1B8813409BB2002BAD
:106E700029D0FB691800BD4B984703001A00BA4B94
:106E80001B8813409BB2002B1DD0FB691800B84B28
:106E9000984703001A00B74B9B5C2833DBB21D00F8
:106EA000FB691800B24B984703001A00B14B9C5C79
:106EB000FB691800B04B98470300DBB21A002100B1
:106EC0002800AE4B9847FB691800A94B9847030070
:106ED0001A00A84B9C5CFB691800A74B984703005D
:106EE000DDB2FB691800A24B984703001A00A14BC2
:106EF0009B5C022B08D19A4B984703001800A04BCB
:106F000098470300DBB204E0FB699B6BDBB2013BFB
:106F1000DBB21A00290020009A4B9847BB695A1E21
:106F2000FB699A63FB691B68002B04D1964B984759
:106F30000200FB695A60FB691B69002B08D0FB69E2
:106F400010331800914B9847031E01D0904B98477F
:106F5000904B984701238BE13B68002B40D13B6A63
:106F6000002B01D072B6FEE78A4B98477C4B9847BE
:106F7000030018007B4B984703001A007A4B1B88CC
:106F800013409BB2002B29D0FB691800774B984720
:106F900003001A00744B1B8813409BB2002B1DD0BA
:106FA000FB691800724B984703001A00714B9B5CF9
:106FB0005033DBB21D00FB6918006D4B984703008E
:106FC0001A006C4B9C5CFB6918006B4B98470300E4
:106FD000DBB21A0021002800684B9847002347E1E4
:106FE0007B6A002B06D10C23FB1818006A4B9847CC
:106FF00001237B62674B9847684B9847574B9847EC
:10700000FB6944229B5C5BB2013303D1FB694422E0
:1070100000219954FB6945229B5C5BB2013303D18B
:10702000FB694522002199545A4B98473A000C239A
:10703000FB18110018005A4B9847031E00D0BDE002
:10704000FB691800574B9847031E00D17CE0444B66
:10705000984703001800434B984703001A00424B1F
:107060001B8813409BB2002B29D0FB6918003F4BB3
:10707000984703001A003C4B1B8813409BB2002B1F
:107080001DD0FB6918003A4B984703001A00394B92
:107090009B5C6833DBB21D00FB691800344B9847DA
:1070A00003001A00334B9C5CFB691800324B984775
:1070B0000300DBB21A0021002800304B9847FB691F
:1070C00018002B4B984703001A002A4B9B5C022B9D
:1070D00018D0234B984703001800224B9847030011
:1070E0001A00214B1B8813409BB2002B0AD01C4B6B
:1070F000984703001800224B98470300DBB21800A2
:10710000294B9847FB691B68002B0AD1134B984702
:10711000FB695B681800254B984703003B621D4BD9
:107120009847FB6924333A6811001800204B9847B0
:10713000FB6918001F4B98471F4B9847031E00D050
:1071400080E6134B98477DE6FB691800194B98477A
:10715000194B984776E6C046BD870000595B000092
:10716000713E0000113D000024000020D13D0000D0
:10717000D13C000018000020B13D0000594500003E
:10718000F13C0000B54B0000898C0000E183000059
:10719000415B00007D5B0000DD840000097E000093
:1071A0000585000045750000F14C0000F5870000E2
:1071B000BD82000055740000217E0000FB691800AC
:1071C0002D4B98472D4B9847FB6918002C4B98473F
:1071D000031E00D136E63B6A002B10D0294B98479E
:1071E000FB691800284B984703007B61FB695B68CB
:1071F0007A6911001800254B9847254B9847254B75
:10720000984703001800244B984703001A00234BAB
:107210001B8813409BB2002B29D0FB691800204B20
:10722000984703001A001D4B1B8813409BB2002B8C
:107230001DD0FB6918001B4B984703001A001A4B1E
:107240009B5C5033DBB21D00FB691800154B98475F
:1072500003001A00144B9C5CFB691800134B984701
:107260000300DBB21A0021002800114B98470023CD
:107270001800BD460AB0B0BD55740000217E000064
:1072800045750000595B0000F7720000ED8A0000B0
:107290007D5B0000713E0000113D000024000020D5
:1072A000D13D0000D13C000018000020B13D00009D
:1072B0005945000080B582B000AF78607B68DB6C18
:1072C0001800BD4602B080BD80B582B000AF7860C6
:1072D00039607B683A68DA64C046BD4602B080BD5A
:1072E00080B582B000AF78607B6850229B5C18004C
:1072F000BD4602B080BD80B584B000AF78607B68C9
:107300005B6A002B06D07B681B6B1B680522D31AB7
:10731000FB6001E00023FB60FB681800BD4604B081
:1073200080BD000080B586B000AFF860B9607A60BB
:1073300000237B61FB689B6B3B61FB681B6C002B34
:107340000ED1FB681B68002B4ED1FB685B681800F0
:107350002A4B984703007B61FB6800225A6043E098
:107360007B68002B19D1FB689868FB681A6CBB68B6
:107370001900234B9847FB689A68FB681B6CD2186E
:10738000FB689A60FB689A68FB685B689A422BD33B
:10739000FB681A68FB689A6026E0FB68D868FB689F
:1073A0001A6CBB681900164B9847FB68DA68FB68D3
:1073B0001B6C5B42D218FB68DA60FB68DA68FB681A
:1073C0001B689A4207D2FB685A68FB681B6C5B42D9
:1073D000D218FB68DA607B68022B05D13B69002B71
:1073E00002D03B69013B3B613B695A1CFB689A63D5
:1073F0007B691800BD4606B080BDC0468589000087
:1074000075E5000080B582B000AF786039607B68B8
:107410001B6C002B18D07B68DA687B681B6CD21859
:107420007B68DA607B68DA687B685B689A4203D3C2
:107430007B681A687B68DA607B68D9687B681A6C3D
:107440003B681800024B9847C046BD4602B080BD5D
:1074500075E5000080B584B000AF7860344B984784
:107460000F23FB187A684521525C1A7022E07B6872
:107470009B6C002B09D07B68002118002D4B98478E
:10748000031E0FD02C4B98470CE07B685B6A002BE7
:1074900017D07B6824331800284B9847031E01D06F
:1074A000254B98470F23FB181B78013BDAB20F23BB
:1074B000FB181A700F23FB181B785BB2002BD6DC6D
:1074C00000E0C0467B684522FF2199541C4B984739
:1074D000174B98470E23FB187A684421525C1A70A8
:1074E00014E07B681B69002B17D07B6810331800F1
:1074F000124B9847031E01D00F4B98470E23FB18E1
:107500001B78013BDAB20E23FB181A700E23FB180E
:107510001B785BB2002BE4DC00E0C0467B684422B1
:10752000FF219954064B9847C046BD4604B080BD24
:10753000595B000029760000B1850000E18300005E
:107540007D5B000080B584B000AF7860084B984741
:107550007B689B6B002B02D10123FB6001E00023C1
:10756000FB60044B9847FB681800BD4604B080BD23
:10757000595B00007D5B000080B584B000AF78608F
:10758000094B98477B689A6B7B68DB6B9A4202D108
:107590000123FB6001E00023FB60044B9847FB687C
:1075A0001800BD4604B080BD595B00007D5B000043
:1075B00080B586B000AFF860B9607A60FB687B6127
:1075C000154B98477B6944229B5C5BB2013303D126
:1075D0007B694422002199547B6945229B5C5BB204
:1075E000013303D17B694522002199540B4B984705
:1075F0007B699B6B002B06D17B6924337A68B96861
:107600001800074B98477B691800064B9847C046FF
:10761000BD4606B080BDC046595B00007D5B0000E2
:107620000183000055740000B0B586B000AF7860EB
:1076300039607B689B6C3B6100237B613B69002B5D
:1076400001D172B6FEE73B699A6B3B69DB6B9A42EC
:1076500001D372B6FEE73B699A6B3B69DB6B9A42DA
:1076600000D38BE00F23FB183A694521525C1A7056
:10767000454B984703001800444B984703001A00F5
:10768000434B1B8813409BB2002B2ED03B69180044
:10769000404B984703001A003D4B1B8813409BB298
:1076A000002B22D03B68002B0BD13B6918003A4BD2
:1076B000984703001A00394B9B5C2033DBB21D0056
:1076C00000E025253B691800334B984703001A005A
:1076D000324B9C5C3B691800314B98470300DBB28E
:1076E0001A00210028002F4B98473B6918002A4BAD
:1076F000984703001A00294B9C5C3B691800284BF3
:1077000098470300DDB23B691800234B98470300FC
:107710001A00224B9B5C022B05D03B699B6BDBB2B2
:107720000133DBB200E000231A00290020001E4BC9
:1077300098473A68391D3B6918001C4B984703006D
:107740007B610F23FB181B785BB201330DD13B69C2
:107750005B6A002B12D03B6924331800144B984706
:10776000031E0BD001237B6108E00F23FB181B785D
:107770000133DBB259B23B69452299547B69180049
:10778000BD4606B0B0BDC046713E0000113D0000D0
:1077900024000020D13D0000D13C00001800002052
:1077A000B13D000059450000B54B000025730000B5
:1077B000E183000090B58DB004AFF860B9603B6024
:1077C000BB1D1A80BB1D1B889B0018001D4B9847D2
:1077D00003007B617B69002B10D05420194B984724
:1077E0000300FB61FB69002B03D0FB697A691A6314
:1077F00006E07B691800144B984701E00023FB6109
:10780000FB69002B16D0BB1D1A883C68B968F86864
:1078100000230393FB6902937B6B01933B6B009303
:1078200023000A4CA047FB691800094B9847012325
:10783000BB6102E001235B42BB61BB691800BD462E
:1078400009B090BD915C0000555D000055780000C6
:107850006579000080B586B000AFF860B9607A60E5
:107860003B60BB6A186B7B689B001A00A521394BF3
:107870009847BB6A1A6B7B6837498C4663449B0008
:10788000D3183B613B69072293433B613B69072265
:10789000134001D072B6FEE700237B6113E0BA68A3
:1078A0007B69D3181878BA6A34217B69D3185B18BE
:1078B000021C1A70BA687B69D3181B78002B06D09B
:1078C0007B6901337B617B69072BE8D900E0C04607
:1078D000BB6A3B22002199543B6A042B01D9042343
:1078E0003B62BB6A3A6ADA62BB6A3A6A5A64BB6A4A
:1078F00000229A64BB6A04331800184B9847BB6A8D
:1079000018331800154B9847BB6ABA6A1A613B6A6C
:107910000522D21ABB6A9A61BB6ABA6A5A62BB6A0A
:107920000022DA64BB6A5022002199543A68F9684F
:107930003B6918000A4B98470200BB6A1A607B6AD1
:10794000002B02D07B6ABA6A1A60C046BD4606B0F8
:1079500080BDC04687E50000FFFFFF3F0D590000D6
:10796000255A000080B582B000AF78605E4B984722
:107970005E4B1B685A1C5D4B1A605D4B1B68002BED
:1079800009D15B4B7A681A60584B1B68012B10D1E8
:10799000584B98470DE0584B1B68002B09D1544BAE
:1079A0001B68DA6A7B68DB6A9A4202D8504B7A68B5
:1079B0001A60524B1B685A1C504B1A604F4B1A6886
:1079C0007B68DA637B68002B4ED003204C4B9847D2
:1079D00003009AB27B68110018004A4B98474A4B43
:1079E0001A887B6811001800484B98477B6818007C
:1079F000474B98470300D9B27B6834331A00032001
:107A0000444B98477B681800414B98470300D9B214
:107A10007B68DB6ADBB21A0003203F4B98473F4B81
:107A20009847030018003E4B984703001A003D4B4F
:107A30001B8813409BB2002B16D07B681800384B74
:107A4000984703001A00374B1B8813409BB2002B4A
:107A50000AD07B6818002E4B98470300DBB21A004F
:107A600003211B20304B98477B6818002C4B98470C
:107A700003001A002B4B1B8813409BB2002B08D02D
:107A80007B681800224B98470300DBB21800274B95
:107A900098477B68DA6A264B1B689A4203D97B6851
:107AA000DA6A234B1A607B68DA6A13009B009B1822
:107AB0009B00204A9A187B680433190010001E4B63
:107AC00098471E4B98470C4B1B68002B08D0084B5F
:107AD0001B68DA6A7B68DB6A9A4201D2184B9847C6
:107AE000C046BD4602B080BD595B0000B8370020DB
:107AF000E036002039860000C4370020D43700204B
:107B0000E5500000353D000026000020713D0000DA
:107B1000F13C000015530000754A0000713E000062
:107B2000113D0000240000205945000011430000D1
:107B3000C0370020E4360020235900007D5B0000A0
:107B4000415B000080B584B000AF78600023FB602B
:107B50007B68002B45D0274B1B68002B01D072B6E9
:107B6000FEE7254B9847254B1B681800244B984788
:107B700003001A00234B1B8813409BB2002B0ED02E
:107B80007B6819008920204B98471C4B1B68180004
:107B90001E4B98470300DBB218001D4B98471D4B46
:107BA000984703001800164B984703001A00154B1E
:107BB0001B8813409BB2002B0AD0164B984703003A
:107BC0001800124B98470300DBB21800104B98477F
:107BD0007B6800211800104B9847104B9847030012
:107BE000FB60FB68002B01D10D4B9847C046BD469A
:107BF00004B080BDE0370020097E0000E0360020A0
:107C0000113D00002400002061480000F13C00000C
:107C1000F14C0000713E0000AD8C0000217E0000A0
:107C2000415B000080B584B000AF7860424B98475C
:107C30007B68002B02D1414B1B6800E07B68FB6036
:107C40003F4B9847030018003E4B984703001A002B
:107C50003D4B1B8813409BB2002B16D0FB681800CD
:107C6000384B984703001A00374B1B8813409BB2D0
:107C7000002B0AD0FB681800344B98470300DBB296
:107C80001A0003218A20324B9847FB6818002F4BBB
:107C900098470300DBB218002E4B9847FB6804336B
:107CA00018002D4B9847FB689B6A002B04D0FB689B
:107CB00018331800284B9847FB681A1D274B1100F2
:107CC0001800274B9847FB6850229B5CDBB2012BC6
:107CD00003D1FB68502200219954224B9847224B34
:107CE0001B68002B05D0144B9847204B98471D4B21
:107CF0009847124B1B68FA689A4218D11A4B1B68B6
:107D0000002B08D01A4B1B68002B01D072B6FEE77F
:107D1000184B98470BE0114B1A68174B1B689A4297
:107D200003D1064B00221A6001E0144B9847C0466D
:107D3000BD4604B080BDC046595B0000E03600205F
:107D4000713E0000113D000024000020F13C0000C5
:107D500059450000F14C0000D3590000A437002021
:107D6000235900007D5B0000C437002059870000C4
:107D7000E0370020415B0000B83700209D81000003
:107D800090B585B002AFFA235A0016491648174B32
:107D90000193002300930023154CA04703007B6050
:107DA0007B68012B03D1134B984703007B607B68F2
:107DB000012B0DD172B6104B012252421A600F4BAB
:107DC00001221A600E4B00221A600E4B984704E005
:107DD0007B68013301D172B6FEE7C046BD4603B0F1
:107DE00090BDC046B40A010011860000DC370020B7
:107DF000B5770000618D0000D8370020C43700201F
:107E0000BC370020E95A000080B500AF034B1B6867
:107E10005A1C024B1A60C046BD4680BDE0370020A8
:107E200080B584B000AF0023FB600023BB60454BEE
:107E30001B68002B01D172B6FEE7434B9847414BBC
:107E40001B685A1E3F4B1A603E4B1B68002B00D02C
:107E500071E03E4B1B68002B00D16CE044E03C4BD2
:107E6000DB68DB68FB60FB6818331800394B984708
:107E7000FB6804331800374B9847FB681800364BF3
:107E8000984703001A00354B1B8813409BB2002B08
:107E900008D0FB681800324B98470300DBB218008B
:107EA000304B9847FB68DA6A2F4B1B689A4203D91C
:107EB000FB68DA6A2C4B1A60FB68DA6A13009B00D5
:107EC0009B189B00294A9A18FB680433190010007C
:107ED000274B9847FB68DA6A264B1B68DB6A9A4295
:107EE00002D3254B01221A60194B1B68002BB6D117
:107EF000FB68002B01D0214B9847214B1B687B600E
:107F00007B68002B0FD01F4B9847031E02D01A4BE3
:107F100001221A607B68013B7B607B68002BF2D1F9
:107F2000174B00221A60144B1B68002B03D001234F
:107F3000BB60154B9847154B9847BB681800BD466A
:107F400004B080BDE0370020595B0000B837002046
:107F500078370020D3590000113D00002400002094
:107F6000F13C000011430000C0370020E43600203F
:107F700023590000E0360020CC370020598700004C
:107F8000C8370020AD7F0000415B00007D5B000032
:107F900080B582B000AF044B1B687B607B68180023
:107FA000BD4602B080BDC046BC37002080B586B05B
:107FB00000AF00237B61644B1B68012B03D0634B34
:107FC0001B68002B07D1624B1B685A1C604B1A6060
:107FD0000020604B98475C4B1B68002B06D15E4B22
:107FE0001B680133190003205C4B9847564B1B68F4
:107FF000002B00D098E0584B1B6801333B61564B77
:108000003A691A603B69002B17D1554B1B681B68F6
:10801000002B01D072B6FEE7514B1B68FB60514B41
:108020001A684F4B1A604F4BFA681A604E4B1B6828
:108030005A1C4D4B1A604D4B98474D4B1B683A6983
:108040009A4263D3464B1B681B68002B01D1012366
:1080500000E00023002B04D0454B012252421A605D
:1080600054E03F4B1B68DB68DB68BB60BB685B6848
:108070007B603A697B689A4203D23D4B7A681A600A
:1080800044E0BB68043318003A4B9847BB689B6ACE
:10809000002B04D0BB6818331800364B9847BB68D8
:1080A0001800354B984703001A00344B1B881340C7
:1080B0009BB2002B08D0BB681800314B98470300D7
:1080C000DBB218002F4B9847BB68DA6A2E4B1B684F
:1080D0009A4203D9BB68DA6A2B4B1A60BB68DA6A2A
:1080E00013009B009B189B00284A9A18BB68043316
:1080F00019001000264B9847BB68DA6A254B1B68AD
:10810000DB6A9A429ED301237B619BE7214B1B686C
:10811000DA6A1E4913009B009B189B005B58012BD9
:1081200007D901237B6104E0084B1B685A1C074BED
:108130001A60194B1B68002B01D001237B617B69FE
:108140001800BD4606B080BDE0370020C8370020CB
:1081500040030020ED570000BC37002061480000BC
:108160007037002074370020D03700205987000076
:10817000D8370020D3590000113D00002400002012
:10818000F13C000011430000C0370020E43600201D
:1081900023590000E0360020CC37002080B582B0A3
:1081A00000AF3A4B1B68002B03D0394B01221A60F9
:1081B00067E0374B00221A60364B1B681A68354B54
:1081C0001B681B6B9A4208D8324B1A68314B1B68EC
:1081D000343319001000304B9847304B1B687B60DC
:1081E00007E07B68002B01D172B6FEE77B68013B9C
:1081F0007B602B497A6813009B009B189B005B589F
:10820000002BEED07A6813009B009B189B00244A39
:108210009B183B603B685B685A683B685A603B68E8
:108220005A683B6808339A4204D13B685B685A68D5
:108230003B685A603B685B68DA68164B1A60174BFC
:108240007A681A60174B01221A60174B984703008F
:108250001800164B984703001A00154B1B88134053
:108260009BB2002B0AD0104B984703001800114B0B
:1082700098470300DBB218000F4B9847094B0222C6
:108280001A60C046BD4602B080BDC046E03700203F
:10829000CC370020E0360020FDC60000C0370020AB
:1082A000E43600204C030020713E0000113D000028
:1082B00024000020F13C00005D49000080B582B040
:1082C00000AF786039607B68002B01D172B6FEE7A1
:1082D000084B1B6818331A007B6811001800064B06
:1082E00098473B6801211800044B9847C046BD469B
:1082F00002B080BDE036002067590000AD8C000060
:1083000080B584B000AFF860B9607A60FB68002B7C
:1083100001D172B6FEE7284B1B6818331A00FB68C0
:1083200011001800254B98477B68002B02D00123D1
:108330005B42BB60204B1B681800214B9847030031
:108340001A00204B1B8813409BB2002B11D01E4BF0
:108350001A68BB68D318190088201C4B9847164B25
:108360001B6818001A4B98470300DBB21800194B22
:108370009847194B984703001800114B9847030082
:108380001A00104B1B8813409BB2002B0AD0124BD3
:108390009847030018000E4B98470300DBB2180003
:1083A0000C4B98477A68BB68110018000B4B984734
:1083B000C046BD4604B080BDE03600202359000011
:1083C000113D000024000020BC370020614800005F
:1083D000F13C0000F14C0000713E0000AD8C00004B
:1083E00080B584B000AF78607B68DB68DB68BB6019
:1083F000BB68002B01D172B6FEE7BB6818331800CA
:108400002A4B98472A4B1B68002B32D1BB68043398
:108410001800264B9847BB681800264B9847030066
:108420001A00254B1B8813409BB2002B08D0BB6859
:108430001800224B98470300DBB21800204B9847E6
:10844000BB68DA6A1F4B1B689A4203D9BB68DA6AB9
:108450001C4B1A60BB68DA6A13009B009B189B00D8
:10846000194A9A18BB68043319001000174B984733
:1084700007E0BB6818331A00154B11001800134BA6
:108480009847BB68DA6A134B1B68DB6A9A4205D9C6
:108490000123FB60104B01221A6001E00023FB6006
:1084A000FB681800BD4604B080BDC046D35900002B
:1084B000E0370020113D000024000020F13C0000C6
:1084C00011430000C0370020E4360020235900008B
:1084D00078370020E0360020CC37002080B582B00D
:1084E00000AF7860054B1A687B681A60044B1A6805
:1084F0007B685A60C046BD4602B080BDD0370020C0
:10850000BC37002080B586B000AF786039607B68EA
:10851000002B01D172B6FEE73B68002B01D172B689
:10852000FEE71E4B98471E4B1B683B617B685B68F0
:108530003A69D31AFB603B681B68013302D1002300
:108540007B6124E07B681A68164B1B689A4207D04F
:108550007B685A683B699A4202D801237B6116E026
:108560003B681A68FB689A420CD93B681A68FB683A
:10857000D21A3B681A607B6818000B4B984700239F
:108580007B6104E03B6800221A6001237B61074B9A
:1085900098477B691800BD4606B080BD595B000056
:1085A000BC370020D0370020DD8400007D5B000058
:1085B00080B500AF024B01221A60C046BD4680BDA7
:1085C000CC37002080B584B000AF78607B68002B8A
:1085D00005D07B68BB60BB681B6CFB6001E00023BF
:1085E000FB60FB681800BD4604B080BD80B584B058
:1085F00000AF786039607B68002B04D07B68FB603B
:10860000FB683A681A64C046BD4604B080BD0000ED
:1086100080B582B000AF7860044B9847044B1B686C
:10862000012BF9D9034B9847F6E7C046C5860000F1
:10863000E4360020415B000080B582B000AF00232B
:108640007B600CE07A6813009B009B189B00144A27
:108650009B181800134B98477B6801337B607B683D
:10866000042BEFD9104B18000E4B98470F4B1800F6
:108670000C4B98470E4B18000A4B98470D4B1800AF
:10868000084B98470C4B1800064B98470B4B064A73
:108690001A600B4B054A1A60C046BD4602B080BD49
:1086A000E4360020D1580000483700205C37002015
:1086B000783700208C370020A43700207037002046
:1086C0007437002080B582B000AF1AE0114B984794
:1086D000114BDB68DB687B607B68043318000F4B51
:1086E00098470F4B1B685A1E0D4B1A600D4B1B68A9
:1086F0005A1E0C4B1A600C4B98477B6818000B4BAA
:108700009847084B1B68002BE0D1C046BD4602B01D
:1087100080BDC046595B00008C370020D359000053
:10872000B8370020A03700207D5B000031870000B3
:1087300080B582B000AF78607B681B6B1800054B7A
:1087400098477B681800034B9847C046BD4602B067
:1087500080BDC046555D000080B582B000AF0E4BB5
:108760001B681B68002B01D1012300E00023002BB4
:1087700004D00A4B012252421A6008E0064B1B68E3
:10878000DB68DB687B607B685A68044B1A60C04614
:10879000BD4602B080BDC04670370020D8370020EB
:1087A00080B582B000AF044B1B687B607B6818000B
:1087B000BD4602B080BDC046E036002080B582B024
:1087C00000AF0A4B1B68002B02D101237B6008E03D
:1087D000074B1B68002B02D102237B6001E00023C2
:1087E0007B607B681800BD4602B080BDC4370020A6
:1087F000E037002090B585B000AF78607B68BB6043
:108800000023FB607B68002B00D19DE0BB68DA6A27
:10881000504B1B68DB6A9A4200D38CE0BB689B69B3
:10882000002B06DB4B4B1B68DB6A0522D21ABB68A8
:108830009A61BB685969BB68DA6A13009B009B1890
:108840009B00454A9B18994201D1012300E0002377
:10885000002B37D0BB6804331800404B98473D4B82
:108860001B68DA6ABB68DA62BB6818003C4B984741
:1088700003001A003B4B1B8813409BB2002B08D00F
:10888000BB681800384B98470300DBB21800374B21
:108890009847BB68DA6A364B1B689A4203D9BB68B3
:1088A000DA6A334B1A60BB68DA6A13009B009B18C4
:1088B0009B00294A9A18BB680433190010002D4BFD
:1088C000984704E0234B1B68DA6ABB68DA62BB682E
:1088D0001800234B984703001A00224B1B881340B3
:1088E0009BB2002B24D0BB6818001F4B9847030095
:1088F000DBB21C00BB6818001B4B98470300DBB2BF
:10890000190003201C4B98470300220003218E20EE
:108910001A4CA047BB681800134B98470300D9B204
:108920000C4B1B68DB6ADBB21A000320144B984720
:108930000123FB6008E0BB685A6C064B1B68DB6ACE
:108940009A4201D20123FB60FB681800BD4605B0C6
:1089500090BDC046E0360020E4360020D359000028
:10896000113D000024000020F13C000011430000F4
:10897000C037002023590000194B00008946000031
:10898000754A000090B585B000AF78607B68BB6029
:108990000023FB607B68002B00D189E0474B1B68FC
:1089A000BA689A4201D072B6FEE7BB689B6C002B96
:1089B00001D172B6FEE7BB689B6C5A1EBB689A6415
:1089C000BB68DA6ABB685B6C9A4271D0BB689B6C0F
:1089D000002B6DD1BB6804331800394B9847BB6836
:1089E0001800384B984703001A00374B1B88134078
:1089F0009BB2002B23D0BB681800344B9847030070
:108A0000DBB21C00BB681800304B98470300DBB298
:108A1000190003202E4B98470300220003218F20CA
:108A20002C4CA047BB681800284B98470300D9B2CC
:108A3000BB685B6CDBB21A000320274B9847BB680E
:108A40005A6CBB68DA62BB68DB6A0522D21ABB6863
:108A50009A61BB6818001B4B984703001A001A4B19
:108A60001B8813409BB2002B08D0BB681800174B23
:108A700098470300DBB21800184B9847BB68DA6AC6
:108A8000174B1B689A4203D9BB68DA6A144B1A6009
:108A9000BB68DA6A13009B009B189B00114A9A1866
:108AA000BB680433190010000F4B98470123FB608B
:108AB000FB681800BD4605B090BDC046E0360020FA
:108AC000D3590000113D000024000020F13C0000BB
:108AD000194B000089460000754A00001143000050
:108AE000C0370020E43600202359000090B587B03D
:108AF00000AF786039607B683B610123FB607B6875
:108B0000002B00D1A4E03B699B6C002B01D172B615
:108B1000FEE73B695A6C3B689A4202D23B687B6134
:108B200002E03B695B6C7B613B69DA6A7B699A4274
:108B300000D18DE03B699A6CFB689A4200D087E0D7
:108B4000454B1B683A699A4201D172B6FEE73B6910
:108B50001800424B984703001A00414B1B881340F2
:108B60009BB2002B23D03B6918003E4B9847030073
:108B7000DBB21C003B6918003A4B98470300DBB29C
:108B800019000320384B98470300220003218F204F
:108B9000364CA0473B691800324B98470300D9B2C6
:108BA0003B695B6CDBB21A000320314B98473B6991
:108BB000DB6ABB603B697A69DA623B699B69002BBF
:108BC00004DB7B690522D21A3B699A613B695969CA
:108BD000BA6813009B009B189B00264A9B18994279
:108BE00001D1012300E00023002B31D03B69043385
:108BF0001800214B98473B691800184B9847030011
:108C00001A00174B1B8813409BB2002B08D03B69FE
:108C10001800144B98470300DBB21800174B984715
:108C20003B69DA6A164B1B689A4203D93B69DA6AD8
:108C3000134B1A603B69DA6A13009B009B189B0078
:108C40000C4A9A183B690433190010000D4B9847E1
:108C5000C046BD4607B090BDE0360020113D000083
:108C600024000020F13C0000194B00008946000060
:108C7000754A0000E4360020D3590000114300007B
:108C8000C03700202359000080B500AF064B1B6899
:108C9000002B04D0044B1B689A6C01329A64024B7F
:108CA0001B681800BD4680BDE036002080B584B04A
:108CB00000AF78603960214B1B68FB60204B1B685C
:108CC000043318001F4B98477B6801330BD13B6876
:108CD000002B08D01A4B1B681A1D1B4B11001800E3
:108CE0001A4B984726E0FA687B68D318BB60144B90
:108CF0001B68BA685A60BA68FB689A4209D2144B7A
:108D00001A680F4B1B68043319001000114B984769
:108D100010E0114B1A680A4B1B680433190010004D
:108D20000C4B98470D4B1B68BA689A4202D20B4B0A
:108D3000BA681A60C046BD4604B080BDBC3700208A
:108D4000E0360020D3590000A4370020235900004A
:108D5000743700206759000070370020D837002092
:108D600090B585B002AF00237B600E4B98470E4B49
:108D70001B68002B0BD00D490D480E4B01930223AD
:108D80000093002380220C4CA04703007B607B688B
:108D9000002B01D172B6FEE77B681800BD4603B018
:108DA00090BDC046A992000014380020BC0A010002
:108DB000E18E000018380020B577000090B589B02A
:108DC00000AFF860B9607A603B600023FB61FB682C
:108DD000002B01D172B6FEE71E4B1B68002B33D06F
:108DE0001023FB18BA681A601023FB187A685A60BF
:108DF0001023FB18FA689A60BB68052B1ADC164B27
:108E000098470300022B0AD1124B18683A6B1023C3
:108E1000F9180023114CA0470300FB6114E00D4B2F
:108E200018681023F918002300220C4CA0470300F7
:108E3000FB6109E0074B18683A681023F918002312
:108E4000074CA0470300FB61FB691800BD4609B051
:108E500090BDC04614380020BD870000ED600000C2
:108E60004D65000090B587B002AF78603960184B4F
:108E70001B68DB68DB68FB60FB6804331800154B7C
:108E80009847FB68DB69012B19D1FB689A697B68FD
:108E9000D1187B683A68F8680F4CA047031E0ED0C3
:108EA0007A68F86800230093002300210B4CA04748
:108EB0000300BB60BB68002B01D172B6FEE7FB6804
:108EC0005B6AFA6810009847C046BD4605B090BD81
:108ED0000C380020D359000049900000BD8D0000DF
:108EE00080B584B000AF7860084B98470823FB1822
:108EF0001800074B98470300FB60BA68FB68110035
:108F00001800044B9847044B9847EFE70DC5000045
:108F1000C18F00001D8F0000D190000080B584B08B
:108F200000AF786039601E4B98470823FB18180083
:108F30001C4B98470300FB60BB68002B29D13B68A2
:108F4000002B0CD17A68FB689A4208D8164B9847D8
:108F5000FA687B6811001800144B98471BE03B68C7
:108F6000002B06D0124B1B681B685A425341DBB2E0
:108F70003B60104B18687A68FB68D31A3A6819008E
:108F80000D4B9847084B9847031E04D10B4B98474D
:108F900001E0054B9847C046BD4604B080BDC046C1
:108FA000097E000001900000217E0000658E000017
:108FB0001038002014380020B1750000415B00001B
:108FC00080B584B000AF78600C4B1B681B685A42B8
:108FD0005341DBB21A007B681A607B681B68002B68
:108FE00005D1064B1B68DB681B68FB6001E00023B2
:108FF000FB60FB681800BD4604B080BD0C38002043
:1090000080B584B000AF78600C4B98470300FB60DC
:109010000B4B1B68FA689A4205D20A4B98477B684B
:1090200001221A6002E07B6800221A60044BFA6891
:109030001A60FB681800BD4604B080BD917F000037
:109040001C380020E991000080B586B000AFF860C0
:10905000B9607A603B6000237B61FB68BA685A6044
:10906000FB68FA681A61BA687B689A4212D87A6813
:109070003B68D21AFB689B699A4202D301237B6149
:109080001BE0104B1A68FB680433190010000E4BEC
:10909000984712E07A683B689A4206D2BA683B6801
:1090A0009A4202D301237B6107E0084B1A68FB68F0
:1090B000043319001000044B98477B691800BD4623
:1090C00006B080BD10380020675900000C38002021
:1090D00090B58BB002AF68E00823FB181B68002B2B
:1090E00063DB0823FB189B68FB61FB695B69002B52
:1090F00004D0FB6904331800334B98473B1D18001C
:10910000324B98470300BB610823FB181B68092BEF
:109110004AD89A002E4BD3181B689F460823FB1889
:109120005A68FB699B69D1180823FB185B68BA6908
:10913000F869284CA047031E37D0FB695B6AFA69BF
:1091400010009847FB69DB69012B2ED10823FB181F
:109150005A68FB699B69D218F869002300930023C1
:1091600000211D4CA04703007B617B69002B1CD1B3
:1091700072B6FEE70823FB185A68FB699A61FB691F
:109180009B69002B01D172B6FEE7FB699A69BB6946
:10919000D118BB69BA69F8690E4CA04705E0FB69B4
:1091A00018000E4B984700E0C0460D4B1B68082284
:1091B000B918002218000B4B9847031E8CD1C046EB
:1091C000BD4609B090BDC046D359000001900000D3
:1091D000C40A010049900000BD8D0000555D0000EB
:1091E00014380020A569000090B589B002AF3EE0B8
:1091F000284B1B68DB681B687B61264B1B68DB68A0
:10920000DB683B613B6904331800234B98473B699B
:109210005B6A3A69100098473B69DB69012B26D1EC
:109220003B699A697B69D318FB60FA687B699A424B
:109230000ED93B69FA685A603B693A691A61154B65
:109240001A683B69043319001000144B98470EE06C
:109250007A6938690023009300230021104CA0474D
:109260000300BB60BB68002B01D172B6FEE7094B5F
:109270001B681B68002BBBD1064B1B687B60094B2E
:109280001A68044B1A60074B7A681A60C046BD46DC
:1092900007B090BD0C380020D3590000675900007A
:1092A000BD8D00001038002080B500AF104B9847EE
:1092B000104B1B68002B15D10F4B18000F4B984714
:1092C0000F4B18000D4B98470E4B0B4A1A600E4B74
:1092D0000B4A1A6000220C2102200C4B9847020016
:1092E000044B1A600A4B9847C046BD4680BDC04635
:1092F000595B000014380020E4370020D1580000EA
:10930000F83700200C38002010380020455E00009F
:109310007D5B000080B582B000AF78607B681B7C0D
:10932000002B0BD07B689B685A1C7B68D968104B5C
:10933000100098470B001A007B689A607B685B6896
:109340005A1C7B68D9680A4B100098470B001A001A
:109350007B685A607B685A687B689B68D31A5A425C
:109360005341DAB27B681A74C046BD4602B080BD74
:1093700021C8000080B582B000AF78607B68002211
:109380001A747B689B685A1C7B68D968054B10006F
:1093900098470B001A007B689A60C046BD4602B031
:1093A00080BDC04621C8000080B584B000AF7860A1
:1093B00039601420094B98470300FB60FB687A680A
:1093C0001A60FB683A68DA60FB681800044B98473B
:1093D000FB681800BD4604B080BDC04661E50000D2
:1093E000E593000080B582B000AF78607B68002212
:1093F0005A607B6800229A607B6800221A74C0461B
:10940000BD4602B080BD000080B582B000AF78607C
:109410000A00FB1C1A707B681A687B685B68D318AB
:10942000FA1C12781A707B681800034B9847C046E4
:10943000BD4602B080BDC0461593000080B584B023
:1094400000AF7860396001235B42FB607B681800E5
:109450000D4B984703001A0001235340DBB2002B49
:109460000DD07B681A687B689B68D3181A783B68B4
:109470001A707B681800054B98470023FB60FB6857
:109480001800BD4604B080BD9194000075930000A3
:1094900080B582B000AF78607B681B7C01225340AE
:1094A000DBB2002B07D07B685A687B689B689A42C6
:1094B00001D1012300E000231A1C01231340DBB279
:1094C0001800BD4602B080BD80B582B000AF02007A
:1094D000FB1D1A70064BFA1D127811001F220A405C
:1094E000012191400A001A60C046BD4602B080BD0D
:1094F00000E100E080B584B000AF78607B681B6855
:10950000FB60FB68DB695A1E9341DBB21800BD4665
:1095100004B080BD80B582B000AF7860C0467B6883
:109520001800044B9847031EF9D1C046BD4602B04F
:1095300080BDC046F594000080B582B000AF786071
:109540007B688022D2051A607B6800225A607B68A3
:10955000FF221A817B6800229A727B680022DA72ED
:109560007B68962292011A627B6824220121995419
:109570007B682522012199547B6826220021995479
:109580007B682722002199547B6800229A627B68BD
:1095900088225203DA607B682C22002199547B6870
:1095A0002D22002199547B6800221A637B680022D7
:1095B0005A637B6800229A637B680022DA637B68C7
:1095C00000225A617B6800221A827B680022DA76C8
:1095D0007B6800221A767B6800221A777B6800225B
:1095E0005A767B6813229A767B6800225A77C046A7
:1095F000BD4602B080BD000080B584B000AF786089
:109600007B681B68FB607B681B681800094B9847E8
:1096100003001800084B98477B681800074B9847D1
:10962000FB681B6802221A43FB681A60C046BD46ED
:1096300004B080BD59A60000C99400001595000033
:1096400080B582B000AF78600A00FB1C1A707B689E
:1096500031229B5C5AB2FB1C1B78012199400B0004
:109660005BB213435BB2D9B27B6831229954C046D6
:10967000BD4602B080BD000080B500AF80239A00D7
:109680000F4B110018000F4B984702000E4B1A6049
:1096900080239A000D4B110018000A4B98470200D6
:1096A0000B4B1A600B4B98470B4B98470B490C4BD5
:1096B000012218000B4B9847C046BD4680BDC046EE
:1096C000004C0020A9930000F8490020004A002027
:1096D000044E00202D980000A5980000FC490020B1
:1096E000C44900204DAF000080B584B000AF786061
:1096F0001A4B98477B68002B2AD00023FB600BE0B5
:10970000174B18687A68FB68D3181B781900154B3B
:109710009847FB680133FB607B681800124B984741
:109720000200FB689A42EBD8104B01211800104B45
:109730009847031E0CD10A4B1B680E4A11001800F3
:109740000D4B98470B49094B012218000B4B9847CA
:109750000B4B9847C046BD4604B080BD097E000053
:10976000044E002009940000F1E70000C4490020E5
:1097700095AF0000004E00203D94000005AF0000B2
:10978000217E000080B584B000AF7860084B984718
:10979000084B1B687A6811001800074B98470300B4
:1097A000FB60064B9847FB681800BD4604B080BDBF
:1097B000097E0000F84900203D940000217E000051
:1097C00080B500AF024B1B781800BD4680BDC04677
:1097D000203800200EB490B584B000AF0200FB1D0D
:1097E0001A700E4B984703001A00FB1D1B7893421A
:1097F0000CD32023FB18FB60FB68FA6908487F2123
:10980000084CA047064B1800074B9847C046BD467A
:1098100004B090BC08BC03B01847C046C197000014
:1098200044490020D9E90000E996000080B590B0D5
:1098300000AF3B001800144B98473B00E122520256
:109840001A623B00C4229203DA603B0001225242BA
:109850001A633B00012252425A633B000B4A9A634F
:109860003B000B4ADA63C0463A000A490A4B18002B
:109870000A4B9847031EF7D1074B1800084B98472F
:10988000C046BD4610B080BD3995000003002A00D7
:1098900003002B0000180042C449002009AB00005F
:1098A000F995000080B500AF0C490D4B002218005F
:1098B0000C4B98470C490A4B01221800094B98475A
:1098C000074B00211800094B9847054B0121180050
:1098D000064B9847C046BD4680BDC046399900003A
:1098E000C4490020BDAE0000F19800004196000080
:1098F00080B582B000AF7860094B1A68094B1B78BD
:1099000019001000084B98470649084B012218001F
:10991000074B9847074B9847C046BD4602B080BDED
:10992000F8490020FC49002009940000C4490020A7
:109930004DAF0000B90E000080B582B000AF786076
:10994000094B1B68094A11001800094B984703008E
:10995000013305D00549074B01221800064B9847F3
:10996000C046BD4602B080BD044E0020004E00201F
:109970003D940000C449002005AF000080B582B0CE
:1099800000AF104B1B68002B12D1EFF310837B60EC
:109990007B68002B09D172B6BFF35F8F0A4B0022A0
:1099A0001A700A4B01221A7002E0084B00221A704A
:1099B000044B1B685A1C034B1A60C046BD4602B0DC
:1099C00080BDC046243800202C000020283800200C
:1099D00080B500AF0B4B1B685A1E0A4B1A60094B2F
:1099E0001B68002B0AD1084B1B78DBB2002B05D07B
:1099F000064B01221A70BFF35F8F62B6C046BD46A8
:109A000080BDC04624380020283800202C000020CB
:109A100080B584B000AF0200FB1D1A700F23FB1845
:109A2000FA1D1278D2091A700E23FB18FA1D12784B
:109A300052091A700D4BBB600F23FB181B78002BCB
:109A40000FD10F23FB181B789B0010229446BC44B7
:109A50006344083B1A680E23FB181B78DB01D318FC
:109A600000E000231800BD4604B080BD0044004162
:109A700080B582B000AF0200FB1D1A70FB1D1B7881
:109A80001800034B984703001800BD4602B080BD84
:109A9000119A000080B582B000AF78607B68002228
:109AA0001A707B6801225A707B6800229A70C04647
:109AB000BD4602B080BD000080B584B000AF02009A
:109AC000FB1D1A70BB1D0A1C1A70FB1D1B781800A9
:109AD0000D4B98470300FB60FB1D1B781F221340B2
:109AE00001229A401300BB60BB1D1B78002B03D0E2
:109AF000FB68BA689A6102E0FB68BA685A61C046BE
:109B0000BD4604B080BDC046719A000080B582B0E9
:109B100000AF3B1D18000E4B98473B1D01221A70E9
:109B20003B1D190017200B4B9847012117200A4BAA
:109B300098473B1D00221A703B1D01225A703B1DA5
:109B400019003720034B9847C046BD4602B080BD80
:109B5000959A0000E99E0000B99A000080B584B093
:109B600000AF0200FB1D1A700F23FB18FA1D1278BC
:109B700052091A700F23FB181B78002B0CD1094BCC
:109B8000BB600F23FB181B789B0010229446BC443B
:109B90006344083B1B6800E000231800BD4604B086
:109BA00080BDC0460018004080B584B000AF020000
:109BB000FB1D1A70FB1D1B7818000B4B9847030008
:109BC000FB60FB1D1B781F22134001229A401300EB
:109BD000BB60FB681B69BA6813405A1E9341DBB235
:109BE0001800BD4604B080BD5D9B000080B584B008
:109BF00000AF0200FB1D1A70FB1D1B781800094BFB
:109C000098470300FB60FB1D1B781F2213400122B5
:109C10009A401300BB60FB68BA681A61C046BD4633
:109C200004B080BD5D9B000080B500AF154B0022E5
:109C30001A7020E0134B1B781800134B9847031E33
:109C400013D0104B1B781800104B98470D4B1B7806
:109C50001A000F4B9200D358002B06D0094B1B78EB
:109C60001A000B4B9200D3589847064B1B780133D0
:109C7000DAB2044B1A70034B1B780F2BDAD9C046AB
:109C8000BD4680BD084E0020A99B0000ED9B000052
:109C90000C4E002080B582B000AF78607B68002257
:109CA0001A70C046BD4602B080BD000080B582B0CB
:109CB00000AF02003960FB1D1A70FB1D1B78012BE1
:109CC0000AD0022B0FD0002B14D10E4B0D4A9169F4
:109CD0003A680A439A610FE00A4B0A4AD1693A6826
:109CE0000A43DA6108E0074B064A116A3A680A43F8
:109CF0001A6201E0172300E000231800BD4602B0FD
:109D000080BDC0460004004080B582B000AF0200B4
:109D1000FB1D1A70064BFA1D127811001F220A4013
:109D2000012191400A001A60C046BD4602B080BDC4
:109D300000E100E080B582B000AF0F4B3B60002334
:109D40007B6011E07B689B0008229446BC4463441E
:109D5000083B1B685B78DBB25BB2002B01DA0123A6
:109D600006E07B6801337B607B68002BEAD0002330
:109D70001800BD4602B080BD0018004080B584B018
:109D800000AF2D4B7B60402100202C4B98473B00BF
:109D900018002B4B98473B0000221A703B0019001B
:109DA0000520284B98470520274B98470023FB6048
:109DB00018E0FB689B0010229446BC4463440C3BB3
:109DC0001A68FB689B0010218C46BC4463440C3B22
:109DD0001B681B78DBB201210B43DBB21370FB68FD
:109DE0000133FB60FB68002BE3D0C046174B98475C
:109DF000031EFBD10B23FB1800221A700DE00B236E
:109E0000FB181A78124B92000021D1500B23FB183B
:109E10001A780B23FB1801321A700B23FB181B78DE
:109E20000F2BECD904200B4B98470B4B9847C0469F
:109E3000BD4604B080BDC04600180040AD9C000087
:109E4000959C000065BE0000A9BE0000359D000085
:109E50000C4E0020099D00005D9E000080B582B080
:109E600000AF154B3B6000237B6018E07B689B00D4
:109E700008229446BC446344083B1A687B689B00F4
:109E800008218C46BC446344083B1B681B78DBB24A
:109E900002210B43DBB213707B6801337B607B686C
:109EA000002BE3D0C046054B9847031EFBD1C046AC
:109EB000BD4602B080BDC04600180040359D000080
:109EC00080B582B000AF78607B6880221A707B68B2
:109ED00000225A707B6801229A707B680022DA7037
:109EE000C046BD4602B080BD80B584B000AF020060
:109EF0003960FB1D1A700C23FB181800104B984793
:109F00000C23FB1880221A703B681A780C23FB186C
:109F10005A703B685A780C23FB189A703B689A7801
:109F20000C23FB18DA700C23FA18FB1D1B781100A8
:109F30001800044B9847C046BD4604B080BDC046DB
:109F4000C19E0000C5C1000080B586B000AF78603A
:109F5000284B7A689200D3587B617B691B683B6110
:109F60000E23FB187A69528A1A807B691B8A9AB27F
:109F70000E23FB180E21791809880A401A803B69C4
:109F80001B7ADAB20C23FB181A803B69DB79DBB24F
:109F90009AB20C23FB180C21791809880A401A8000
:109FA0000C23FB181B88802213400CD00E23FB18B7
:109FB0001B880222134002D07B69DB6898473B690B
:109FC00080221A7211E00C23FB181B880122134017
:109FD0000BD00E23FB181B880122134002D07B6993
:109FE0009B6898473B6901221A72C046BD4606B07D
:109FF00080BDC0464C4E002080B500AF0020024B13
:10A000009847C046BD4680BD499F000080B582B0DC
:10A0100000AF78607B6800221A70C046BD4602B06F
:10A0200080BDF0B58DB000AFB860F9603A607B607C
:10A03000002300243B627C6200230024BB61FC619E
:10A040003F23FB6253E0FB6A203B002B04DB012231
:10A050009A4013007B610BE0FB6A2022D31A012295
:10A06000DA4013000021FA6A91400A0013437B6131
:10A070000122FB6A9A4013003B61BB69FC69DB1853
:10A080006441BB61FC61BB683A691A401500FB681A
:10A090007A691A4016002B00334307D0BB690122AE
:10A0A0001343BB61FB6900221343FB617A68FB69C0
:10A0B0009A4219D87A68FB699A4203D13A68BB6917
:10A0C0009A4211D8B969FA693B687C68C91AA241F9
:10A0D0000B001400BB61FC613A6A3B6913433B62AD
:10A0E0007A6A7B6913437B62FB6A013BFB62FB6A12
:10A0F000002BA8DA3B6A7C6A18002100BD460DB02F
:10A10000F0BD80B586B000AFF860B9607A60162304
:10A11000FB1800221A80BB683B61BB685A08FB68C9
:10A120009A4201D2402326E0BB685B083B610AE00B
:10A130003A69FB68D31A3B611623FB181A88162369
:10A14000FB1801321A803A69FB689A42F0D2162352
:10A15000FB181622BA181288013A1A801623FB1827
:10A160001B88FF2B01D9402305E07B681622BA1813
:10A1700012881A8000231800BD4606B080BD00007A
:10A18000F0B5A1B000AFF864B9647A644322BA189C
:10A190001370002300243B677C6700230024BB6608
:10A1A000FC6600230024BB67FC6700237B66582302
:10A1B00040229446BC4463441A78FB6C5A43BB6CFF
:10A1C0009A4201D94023B3E04323FB181B78002BAC
:10A1D0003DD1582340229446BC4463441B78DBB2F3
:10A1E0003B6100237B61FB6CBB600023FB60524C36
:10A1F000BA68FB6838697969A04703000C001B0046
:10A20000FB650023BB65BB6C3B6000237B60B86DC6
:10A21000F96D3A687B68494CA04703000C003B6726
:10A220007C67002101223B6F7C6FC91AA2410B00A1
:10A230001400BB66FC66BB6E1B0CFA6E16041E4354
:10A24000BB6E1D043300BB670023FB676AE043233A
:10A25000FB181B78012B65D1FB6C3B6300237B63F0
:10A26000582340229446BC4463441B78DBB2BB6253
:10A270000023FB62304CBA6AFB6A386B796BA047EB
:10A2800003000C00BB65FC65BB6C3B6200237B627A
:10A29000BB6DFC6D1A002300386A796A274CA04711
:10A2A00003000C007B667A6E80239B019A4201D9E1
:10A2B00040233DE0BB6CBB610023FB61B969FA69D7
:10A2C0000B005B0F1000C000F863F86B1843F863D5
:10A2D0000B00DB00BB63BB6DFC6D1A002300B86B89
:10A2E000F96B164CA04703000C00BB65FC65BB6D09
:10A2F000FC6DD9B27B6EDBB2DB00DAB217234020F3
:10A300008446BC4463448A1A1A7017234022944638
:10A31000BC4463441B785B031A007B6E1343BB672A
:10A320000023FB67BB6FFC6F9AB27B6C1A80002323
:10A330001800BD4621B0F0BD2DC8000023A00000CC
:10A3400080B584B000AF0200FB1D1A70BB1D0A1C53
:10A350001A701A4B1B7801225340DBB2002B03D139
:10A36000BB1D1B78002B1BD00C23FB181800144BB3
:10A3700098470C23FB18FA1D12781A700C23FB184F
:10A38000190013200F4B984713200F4B98470B4B86
:10A39000FA1D12785A70094B01221A70002308E046
:10A3A000064B5B78FA1D12789A4201D1002300E037
:10A3B0001D231800BD4604B080BDC0462C380020C7
:10A3C0000DA0000065BE0000A9BE000080B582B0EF
:10A3D00000AF78600A00FB1C1A707B684D4A9342FC
:10A3E0003FD04C4A934206D84B4A93420FD04B4A37
:10A3F000934221D089E04A4A934200D15BE0494A26
:10A40000934200D16CE0484A93423FD07DE0FB1C70
:10A410001B78012B0AD002DC002B05D075E0022B43
:10A4200006D0032B06D070E0404B6FE0404B6DE050
:10A43000404B6BE0404B69E0FB1C1B78012B0AD0C2
:10A4400002DC002B05D060E0022B06D0032B06D0E7
:10A450005BE003235AE0394B58E0394B56E0394B67
:10A4600054E0FB1C1B78012B0AD002DC002B05D02A
:10A470004BE0022B06D0032B06D046E0324B45E0E2
:10A48000324B43E0324B41E0324B3FE0FB1C1B7848
:10A49000012B0AD002DC002B05D036E0022B06D0BF
:10A4A000032B06D031E02C4B30E02C4B2EE02C4B14
:10A4B0002CE02C4B2AE0FB1C1B78012B0AD002DC81
:10A4C000002B05D021E0022B06D0032B06D01CE088
:10A4D000254B1BE0254B19E0254B17E0254B15E0DC
:10A4E000FB1C1B78012B0AD002DC002B05D00CE0F2
:10A4F000022B06D0032B06D007E01F4B06E01F4BB4
:10A5000004E01F4B02E01F4B00E000231800BD4693
:10A5100002B080BD0010004200080042000C004262
:10A5200000180042001C0042001400420300040016
:10A5300003000500030006000300070003000100FC
:10A5400003001E0003001F000300080003000900B1
:10A5500003000A0003000B000300100003001100B9
:10A56000030012000300130003000C0003000D00A1
:10A5700003000E0003000F00030016000300170085
:10A58000030018000300190090B58BB000AF78608D
:10A590000C23FB180F4A13CA13C313CA13C3002397
:10A5A0007B620EE00C23FB187A6A9200D3581A00E3
:10A5B0007B689A4202D17B6ADBB206E07B6A013398
:10A5C0007B627B6A052BEDD900231800BD460BB0DA
:10A5D00090BDC046EC0A010080B582B000AF020019
:10A5E000FB1D1A70C046BD4602B080BD80B584B068
:10A5F00000AF02003960FB1D1A70134B1B7801225B
:10A600005340DBB2002B15D00023FB600CE00F4B56
:10A61000FA6892000E49D1500E4BFA689200002160
:10A62000D150FB680133FB60FB68052BEFD9064B6B
:10A6300001221A70FB1D1A78044B92003968D15020
:10A64000C046BD4604B080BD2E3800203038002002
:10A65000D9A50000504E002090B585B000AF7860BD
:10A660000823FB180B4A1168196092889A800F23FF
:10A67000FC187B681800084B9847030023700F23D1
:10A68000FB181B780822BA18D35C5BB21800BD46D1
:10A6900005B090BD040B010089A5000080B500AF96
:10A6A000034B1B6800209847C046BD4680BDC0468E
:10A6B0003038002080B500AF034B5B68012098471D
:10A6C000C046BD4680BDC0463038002080B500AFD2
:10A6D000034B9B6802209847C046BD4680BDC046DC
:10A6E0003038002080B500AF034BDB68032098476B
:10A6F000C046BD4680BDC0463038002080B500AFA2
:10A70000034B1B6904209847C046BD4680BDC04628
:10A710003038002080B500AF034B5B6905209847B7
:10A72000C046BD4680BDC0463038002080B582B0EE
:10A7300000AF78607B6800221A70C046BD4602B048
:10A7400080BD000080B582B000AF02003960FB1D03
:10A750001A70FB1D1B78012B0AD0022B0FD0002B87
:10A7600014D10E4B0D4A91693A680A439A610FE081
:10A770000A4B0A4AD1693A680A43DA6108E0074B92
:10A78000064A116A3A680A431A6201E0172300E098
:10A7900000231800BD4602B080BDC0460004004042
:10A7A00080B582B000AF78607B6880221A707B68C9
:10A7B00000225A707B6801229A707B680022DA704E
:10A7C000C046BD4602B080BD80B500AF054B9B784A
:10A7D000DBB21A00022313405A1E9341DBB2180069
:10A7E000BD4680BD0020004180B584B000AF7860D8
:10A7F0007B681B68FB60FB68DB695A1E9341DBB218
:10A800001800BD4604B080BD80B582B000AF78604E
:10A81000C0467B681800044B9847031EF9D1C04618
:10A82000BD4602B080BDC046E9A70000B0B58CB0FF
:10A8300002AF786039607B681B68BB617B681B680E
:10A840001800AB4B984703007B617B6914333B6175
:10A8500000237B6200233B620A23FB1800221A803C
:10A860001F23FB1800221A701E23FB1810221A70D7
:10A870003B681B8A8022D20193421CD08022D201E5
:10A88000934206DC002B0DD080229201934224D00B
:10A8900035E0C022D201934228D080221202934296
:10A8A00012D02CE01F23FB1800221A701E23FB1865
:10A8B00010221A7023E01F23FB1800221A701E2397
:10A8C000FB1808221A701AE01F23FB1800221A70C6
:10A8D0001E23FB1803221A7011E01F23FB1801220C
:10A8E0001A701E23FB1810221A7008E01F23FB1891
:10A8F00001221A701E23FB1808221A70C0463B68FA
:10A900001A683B68DB681A433B685B6913433A6823
:10A91000128A13433A68127E120213433A682621C0
:10A92000525C520713437B621D23FB1800221A70EE
:10A930003B685B68FB60FB68002B1ED080225205E1
:10A9400093424FD13B6827229B5C01225340DBB2EC
:10A95000002B46D03B681D6A3B69DBB21800654B93
:10A96000984701001D23FC180A23FB181A00280031
:10A97000614B98470300237033E03B6827229B5CC0
:10A98000002B14D03B68186A3B68996A1D23FC1899
:10A990001F23FB181D780A23FA181E23FB181B78A7
:10A9A00000932B00554DA847030023701AE03B6825
:10A9B0001D6A3B69DBB218004E4B98471D23FC18FB
:10A9C0001F23FB1819780A23FA181E23FB181B787B
:10A9D00000930B0001002800484DA8470300237096
:10A9E00000E0C0461D23FB181B78002B03D01D235D
:10A9F000FB181B7877E03B685B7E002B03D03B683D
:10AA00009A7EBB699A737B6818003D4B98470A236E
:10AA1000FB181A88BB699A817A6AFB6813437B62C8
:10AA20003B6827229B5C01225340DBB2002B03D002
:10AA30007B6A042213437B623B685B7E9A023B681D
:10AA40001B7F5B021A433B685B7F1B021A433B6818
:10AA500024215B5C5B041A433B6825215B5C1B047F
:10AA600013433B623B689B7A1A003B6A13433B6289
:10AA70003B68DB7A1A003B6A13433B623B681B89E5
:10AA8000FF2B0BD07B6A8022520413437B623B680E
:10AA90001B891A003B6A13433B6208E03B68DB7E7C
:10AAA000002B04D07B6A8022D20413437B623B6874
:10AAB0002C229B5C002B03D1124B9847031E03D022
:10AAC0007B6A802213437B627B6818000C4B98479B
:10AAD000BB693A6A5A607B681800094B9847BB69A2
:10AAE0007A6A1A6000231800BD460AB0B0BDC0469D
:10AAF00089A5000089BF000003A1000081A100001A
:10AB000009A80000C9A7000090B593B000AFF86095
:10AB1000B9607A603B23FB1800221A70FB68BA68A0
:10AB20001A60FB681B687B63FB681B681800864B18
:10AB3000984703003B633B6B0233FB623B6B143370
:10AB4000BB627B6B1B680122134001D00523F6E03A
:10AB50007B6B1B680222134001D01C23EFE0012213
:10AB6000FB6A9A40130019000220784B984724236F
:10AB7000FB181800764B98477B682D229A5C24239B
:10AB8000FB181A70BB6ADBB22422BA181100180035
:10AB9000704B9847BB6ADBB218006F4B98477B68D5
:10ABA0002D229B5C002118006C4B98477B68DA7A59
:10ABB000FB685A717B6824229A5CFB689A717B68F7
:10ABC00025229A5CFB68DA717B68DA7EFB681A7270
:10ABD0007B681A7FFB685A723B23FC187A68FB6813
:10ABE000110018005E4B9847030023703B23FB18AD
:10ABF0001B78002B03D03B23FB181B789FE02023FE
:10AC0000FB181800574B98472023FB1800225A7056
:10AC10002023FB1800229A707B681A6B1023FB1804
:10AC20001A607B685A6B1023FB185A607B689A6B1A
:10AC30001023FB189A607B68DA6B1023FB18DA602C
:10AC40004723FB1800221A702CE04723FB181A78C0
:10AC50001023FB189200D3583B643B6C002B09D1A6
:10AC60004723FB181A78BB68110018003E4B984721
:10AC700003003B643B6C01330DD03B6CDAB2202304
:10AC8000FB181A703B6C1B0CDBB22022BA181100A7
:10AC90001800364B98474723FB181A784723FB18B0
:10ACA00001321A704723FB181B78032BCDD90023E0
:10ACB000FB630AE0FA68FB6B02339B00D318043392
:10ACC00000221A60FB6B0133FB63FB6B052BF1D990
:10ACD000FB6800229A62FB6800225A62FB6800222D
:10ACE000DA85FB6800229A85FB683022002199549E
:10ACF000FB68312200219954FB68322200219954CB
:10AD0000FB68332200219954FB681B682722BC187A
:10AD100018000D4B984703002370154A2723FB1892
:10AD20001B7811001800134B98472723FB181A783B
:10AD3000114B9200F968D1503B23FB181B78180087
:10AD4000BD4613B090BDC04689A5000045A70000D0
:10AD50002DA7000065BE0000A9BE000041A30000B1
:10AD60002DA80000A1A70000CDA30000C5C10000D0
:10AD7000E5AF0000EDA50000504E002080B500AF0B
:10AD8000024B9847C046BD4680BDC0467D99000035
:10AD900080B500AF024B9847C046BD4680BDC04657
:10ADA000D199000080B584B000AF78607B681B68E3
:10ADB000FB60FB68DB695A1E9341DBB21800BD469D
:10ADC00004B080BD80B582B000AF7860C0467B68BB
:10ADD0001800044B9847031EF9D1C046BD4602B087
:10ADE00080BDC046A5AD000080B586B000AFF8605C
:10ADF000B960BB1D1A80FB681B687B610F4B9847CD
:10AE0000FB68DB8D9BB2002B03D00D4B98470523CD
:10AE100010E0FB68BA1D1288DA85094B9847FB6879
:10AE2000BA689A62FB683322052199547B69012232
:10AE30009A7500231800BD4606B080BD7DAD0000A8
:10AE400091AD000080B586B000AFF860B960BB1D61
:10AE50001A80FB681B687B61164B9847FB689B8DCB
:10AE60009BB2002B03D0144B984705231EE0FB68D0
:10AE7000BA1D12889A85104B9847FB68BA685A62C7
:10AE8000FB683222052199547B6904229A75FB687C
:10AE90001B7A002B02D07B6920229A75FB685B7AB3
:10AEA000002B02D07B6908229A7500231800BD464A
:10AEB00006B080BD7DAD000091AD000080B584B0CE
:10AEC00000AFF860B960FB1D1A70FB1D1B78FA68B3
:10AED00002339B00D3180433BA681A60FB6830222F
:10AEE0009B5C5AB2FB1D1B78012199400B005BB2A1
:10AEF00013435BB2D9B2FB6830229954C046BD46B9
:10AF000004B080BD80B584B000AFF860B960BB1DEF
:10AF10001A80BB1D1B88002B01D1172310E0FB6892
:10AF2000DB7901225340DBB2002B01D01C2307E068
:10AF3000BB1D1A88B968FB681800034B98470300CB
:10AF40001800BD4604B080BDE9AD000080B584B0F6
:10AF500000AFF860B960BB1D1A80BB1D1B88002BB9
:10AF600001D1172310E0FB689B7901225340DBB22B
:10AF7000002B01D01C2307E0BB1D1A88B968FB68B1
:10AF80001800034B984703001800BD4604B080BD6D
:10AF900045AE000080B584B000AF78600A00FB1CAD
:10AFA0001A70FB1C1B78002B02D0012B07D00DE080
:10AFB0000F23FB187A683221525C1A700BE00F23C2
:10AFC000FB187A683321525C1A7004E00F23FB18D7
:10AFD00017221A70C0460F23FB181B781800BD46B5
:10AFE00004B080BD80B588B000AF0200FB1D1A70B0
:10AFF000FB1D1A78A34B9200D358BB61BB691B6839
:10B000007B61BB691800A04B98477B691B7EDAB255
:10B010001223FB181A807B699B7DDBB29AB2122344
:10B02000FB181221791809880A401A80BB6930225E
:10B030009B5CBA693121525C1340DAB21023FB18D1
:10B040001A801223FB181B880122134044D0BB69CD
:10B05000DB8D9BB2002B3CD0BB699B6A1B78DAB2BC
:10B060001C23FB181A80BB699B6A5A1CBB699A6235
:10B07000BB695B79012B13D1BB699B6A1B78DBB27F
:10B080001B021AB21C23FB1800215B5E13431AB289
:10B090001C23FB181A80BB699B6A5A1CBB699A6205
:10B0A0001C23FB181B88DB05DB0D9AB27B691A8514
:10B0B000BB69DB8D9BB2013B9BB2BA69191CD18580
:10B0C000002B09D17B6901221A757B6902229A75CE
:10B0D00002E07B6901221A751223FB181B880222E9
:10B0E000134011D07B6902221A75BB6933220021FB
:10B0F00099541023FB181B880122134004D0BB690C
:10B10000DB68BA69100098471223FB181B880422D9
:10B11000134000D1BDE0BB699B8D9BB2002B00D1D9
:10B12000B4E07B695B8B9BB2DAB21F23FB183F2133
:10B130000A401A701F23FB181B780822134007D0FF
:10B140001F23FB181F22BA18127808218A431A708D
:10B150001F23FB181B78002B50D01F23FB181B78D4
:10B160000222134007D0BB6932221A2199547B690D
:10B1700002225A8336E01F23FB181B780422134057
:10B1800007D0BB6932221E2199547B6904225A835D
:10B1900028E01F23FB181B780122134007D0BB694E
:10B1A0003222132199547B6901225A831AE01F230A
:10B1B000FB181B781022134007D0BB6932224221B2
:10B1C00099547B6910225A830CE01F23FB181B78CB
:10B1D0002022134006D0BB693222412199547B6959
:10B1E00020225A831023FB181B880422134050D0BE
:10B1F000BB695B69BA69100098474AE07B691B8D9F
:10B200009AB20E23FB18D205D20D1A80BB695B6A75
:10B210000E22BA181288D2B21A70BB695B6A5A1C25
:10B22000BB695A62BB695B79012B0DD1BB695B6A53
:10B230000E22BA181288120A92B2D2B21A70BB69E0
:10B240005B6A5A1CBB695A62BB699B8D9BB2013B0E
:10B250009BB2BA69191C9185002B1AD17B69042213
:10B260001A75BB693222002199541023FB181B88E0
:10B27000022213400DD0BB691B69BA6910009847C0
:10B2800007E0C046504E0020C5AD00007B69042297
:10B290001A751223FB181B881022134010D07B69EB
:10B2A00010221A757B6910221A761023FB181B884E
:10B2B0001022134004D0BB69DB69BA6910009847BB
:10B2C0001223FB181B882022134010D07B692022F8
:10B2D0001A757B6920221A761023FB181B88082216
:10B2E000134004D0BB699B69BA69100098471223C8
:10B2F000FB181B880822134010D07B6908221A759E
:10B300007B6908221A761023FB181B882022134021
:10B3100004D0BB691B6ABA6910009847C046BD4695
:10B3200008B080BD80B582B000AF78607B68012234
:10B330005A607B6800225A707B6806221A707B680C
:10B3400000221A727B6800225A72C046BD4602B0C3
:10B3500080BD80B582B000AF78607B6800221A7033
:10B36000C046BD4602B080BD80B582B000AF7860F7
:10B370007B6803221A707B6800225A707B68012266
:10B380009A70C046BD4602B080BD000080B582B054
:10B3900000AF0200FB1D1A70034AFB1D1B781372DD
:10B3A000C046BD4602B080BD0004004080B582B0FA
:10B3B00000AF0200FB1D1A70BB1D0A1C1A70FB1D9A
:10B3C0001B78012B08D0022B0BD0002B0ED10B4A7F
:10B3D000BB1D1B7853720BE0084ABB1D1B78937290
:10B3E00006E0064ABB1D1B78D37201E0172300E07C
:10B3F00000231800BD4602B080BDC04600040040D6
:10B4000080B582B000AF78607B6801221A707B68DB
:10B4100000225A707B6800229A707B680022DA70E2
:10B420007B6800221A717B680A4A9A607B688022D6
:10B430001202DA607B6801221A827B6800221A7588
:10B440007B680022DA747B6800229A74C046BD468D
:10B4500002B080BD006CDC0280B582B000AF02009B
:10B46000FB1D1A70084AFB1D1B780F210B40D9B237
:10B4700053680F20014049001E2083430B43536053
:10B48000C046BD4602B080BD0040004180B500AF5F
:10B49000C046044BDB6810221340FAD0C046BD46BC
:10B4A00080BDC0460008004080B500AF0C4B0222B2
:10B4B0009A840C4B98470A4A0B4B9B68D362084A04
:10B4C000094B5B689362064B00229A84054B9847B0
:10B4D000034A054B1B689BB29384C046BD4680BDA2
:10B4E000000800408DB400004838002080B582B0CC
:10B4F00000AF0200FB1D1A70FB1D1B78082B41D802
:10B500009A00234BD3181B689F46224B1B693AE0D5
:10B51000214B1B6A9B059B0FDBB21A001F4BD340CC
:10B5200031E080231B022EE080231B022BE0194B0D
:10B530005B6928E0174B1B680222134001D10023EE
:10B5400021E0174B9847134B1B6824221340042B10
:10B5500009D10020134B984702000E4B9B681B0437
:10B560001B0C53430FE0104B0DE00B4A5023D35CF0
:10B57000DBB21A000423134001D1002303E0054B82
:10B58000DB6800E000231800BD4602B080BDC04665
:10B590000C0B0100483800200008004000127A001F
:10B5A0008DB4000089BF0000006CDC0280B584B05F
:10B5B00000AF78601A4B1B6AFB607B681B781A1C13
:10B5C00003231340DAB20D23FB1803210A401000B5
:10B5D0001A7803218A43111C021C0A431A707B68E3
:10B5E0009A780C23FB18D0011A787F210A40111C8D
:10B5F000021C0A431A707B685A780C23FB1801213D
:10B600000A4090011A7840218A43111C021C0A4307
:10B610001A70034BFA681A62C046BD4604B080BD7A
:10B620000008004080B586B000AF78607B68DB68BA
:10B630007B617B681B7D012B0AD17B681B8A0133F0
:10B640005B001A00364B11007869984703007B6154
:10B650007B689B681A01324B796910009847030098
:10B660003B613B69DAB20F23FB180F210A401A70C5
:10B670003B691B09013B3B612A497B681B78DB0165
:10B68000DAB27B685B789B01DBB21343DAB2442306
:10B69000CA54244B0F22BA18127812041100F02257
:10B6A000120311403A691205120D0A439A641D4BA8
:10B6B0007A68128A120411001B4A11407A68927843
:10B6C000120311437A68D27C12021000E022D200E9
:10B6D000024011437A68127D1201100030220240AC
:10B6E00011437A68D278D20011437A6812799200B5
:10B6F00011437A68927C1000032202400A43DA6404
:10B700003B6901331A010F23FB181B78D3187A69A0
:10B7100053431A09054BDA60C046BD4606B080BDEA
:10B7200015C70000000800400000FF07483800204F
:10B7300080B582B000AF0200FB1D1A70FB1D1B78A4
:10B74000082B3BD89A00214BD3181B689F46204BEF
:10B750001F4A126A02210A431A62002331E01C4B7D
:10B760001B4A926902210A439A6129E0184A184B40
:10B770001B8A9BB202210B439BB2138220E0144A26
:10B78000134B9B8A9BB202210B439BB2938217E01F
:10B79000104B1B6802221A430E4B1A600E4B98473F
:10B7A0000EE00B4A0A494423CB5CDBB202210B4377
:10B7B000D9B24423D15403E0002302E0172300E070
:10B7C00000231800BD4602B080BDC046300B01000A
:10B7D0000008004048380020A9B4000080B584B0BB
:10B7E00000AF0200FB1D1A700023FB60FB1D1B78DD
:10B7F000082B21D89A00184BD3181B689F460823A2
:10B80000FB601BE00423FB6018E00123FB6015E0F4
:10B810000223FB6012E01023FB600FE00F4A50236D
:10B82000D35CDBB21A0003231340033B5A4253415B
:10B83000DBB20CE001230AE0002308E0074BDB68E1
:10B84000FA681A40FB68D31A5A425341DBB2180017
:10B85000BD4604B080BDC046540B01000008004046
:10B8600080B582B000AF3B0003221A7000237B60DA
:10B8700009E07B68DBB23A0011001800054B9847DD
:10B880007B6801337B607B68242BF2D9C046BD46C0
:10B8900002B080BD65BE000080B5A6B000AF924B7F
:10B8A000C222D2009A600320904B9847904B984751
:10B8B0009423FB1818008F4B98479423FB18002201
:10B8C0001A709423FB1801229A709423FB1800220B
:10B8D0005A709423FB181800874B98470620874B13
:10B8E0009847874B98476023FB181800854B98476B
:10B8F0006023FB1806221A706023FB1808225A6086
:10B900006023FB1800221A726023FB1800225A726F
:10B910006023FB18190001207B4B984701207B4BCB
:10B9200098475423FB181800764B98475423FB186C
:10B9300003221A705423FB1801225A605423FB1867
:10B9400001221A725423FB1800225A725423FB1846
:10B95000190002206C4B984702206C4B98473C23FF
:10B96000FB181800674B98473C23FB1803221A70FA
:10B970003C23FB1820225A603C23FB1800221A7239
:10B980003C23FB1800225A723C23FB1819000420A8
:10B990005D4B984704205D4B98473023FB181800F7
:10B9A000584B98473023FB1806221A703023FB1897
:10B9B00001225A603023FB1800221A723023FB1830
:10B9C00000225A723023FB18190005204E4B98476D
:10B9D00005204E4B98479023FB1818004C4B984776
:10B9E0009023FB1801221A709023FB1819000120E4
:10B9F000484B98470120484B98477823FB1818007C
:10BA0000464B98477823FB1800221A707823FB18BE
:10BA100000225A707823FB1800229A707823FB18B2
:10BA20000022DA707823FB1800221A717823FB18A1
:10BA300000229A747823FB180022DA747823FB180A
:10BA400002221A757823FB18354ADA607823FB182E
:10BA500001221A827823FB18324A9A607823FB1855
:10BA60001800314B98470820244B9847C0460820BF
:10BA70002E4B984703001A0001235340DBB2002BE2
:10BA8000F5D1194944228B5C8020404203438B54FA
:10BA90000020274B984700210020264B9847002183
:10BAA0000120244B984700210220224B98473B005D
:10BAB0001800144B98473B0008221A703B000122E3
:10BAC0005A603B0000221A723B0001225A723B006E
:10BAD000190000200C4B984700200C4B9847C0469B
:10BAE000BD4626B080BDC0460008004059B40000E5
:10BAF00061B8000069B30000ADB5000031B70000C7
:10BB0000DDBB000025B300000DBC000031BD00000E
:10BB100053B3000065BE0000A9BE000001B40000E0
:10BB200040420F00006CDC0225B60000DDB70000CB
:10BB30008DB30000ADB3000080B582B000AF02004D
:10BB40003960FB1D1A70FB1D1B78012B0AD0022BDC
:10BB50000FD0002B14D10E4B0D4A91693A680A435D
:10BB60009A610FE00A4B0A4AD1693A680A43DA61DE
:10BB700008E0074B064A116A3A680A431A6201E074
:10BB8000172300E000231800BD4602B080BDC04668
:10BB90000004004080B500AF024B9847C046BD4648
:10BBA00080BDC0467D99000080B500AF024B98472C
:10BBB000C046BD4680BDC046D199000080B500AFEB
:10BBC000054B5B78DBB25BB2002B01DA012300E0AE
:10BBD00000231800BD4680BD000C004080B500AFBA
:10BBE00008210020074B9847074B01221A70C046D6
:10BBF000054B1B78DBB21A0001231340F8D1C04675
:10BC0000BD4680BD39BB0000000C004080B586B049
:10BC100000AF02003960FB1D1A70FB1D1B787B61B1
:10BC2000FB1D1B783B613B681B781B021A007B697C
:10BC300013437B613B685B78002B04D07B698022D7
:10BC4000D20213437B613B685B7A002B04D07B6993
:10BC50008022120313437B613B685B68012B2CD964
:10BC60003B685A683B685B68013B13401AD100236C
:10BC7000FB600223BB6005E0FB680133FB60BB682F
:10BC80005B00BB603B685A68BB689A42F4D8FB68AB
:10BC90001B023A6913433B617B69802252031343C1
:10BCA0007B610AE03B685B681B023A6913433B61B6
:10BCB0007B698022920213437B613B681B7A002BD5
:10BCC00004D07B698022920313437B61C046134BEF
:10BCD0009847031EFBD1124B9847124AFB1D1B7855
:10BCE0001370C0460D4B9847031EFBD10E4B3A69AB
:10BCF0009A60C046094B9847031EFBD10A4B0A4A7B
:10BD000051688022520211407A690A435A60074BF7
:10BD10009847C046BD4606B080BDC046BDBB0000CA
:10BD200095BB0000080C0040000C0040A9BB0000BF
:10BD300080B582B000AF0200FB1D1A70C0460E4BEA
:10BD40009847031EFBD10D4B98470D4AFB1D1B78EE
:10BD50001370C046084B9847031EFBD1094B094A94
:10BD60005268802149020A435A60074B9847C046EF
:10BD7000BD4602B080BDC046BDBB000095BB000003
:10BD8000040C0040000C0040A9BB000080B586B048
:10BD900000AF0200FB1D1A70C0462A4B9847031ED5
:10BDA000FBD1294B9847294AFB1D1B781370C046CD
:10BDB000244B9847031EFBD1254B5B68DB04DB0E4D
:10BDC000DBB21800234B984703007B611F4AFB1D21
:10BDD0001B7813701E4B5B68DB02DB0FDAB2132398
:10BDE000FB181A701C4AFB1D1B781370C046154BBC
:10BDF0009847031EFBD1164B9B681B021B0C9BB282
:10BE0000FB60164B98471323FB181B78002B09D1B6
:10BE1000FB68012B06D9124BF96878699847030033
:10BE20007B610AE01323FB181B78002B05D0FB680D
:10BE300001337A69DA4013007B617B691800BD46E3
:10BE400006B080BDBDBB000095BB0000040C0040E7
:10BE5000000C0040EDB40000080C0040A9BB00003D
:10BE600015C7000080B584B000AF02003960FB1D2B
:10BE70001A70FB1D1B78FB603B681B781B021A00C5
:10BE8000FB681343FB60FB1D1B781800044B9847AD
:10BE9000044BFA6892B25A80C046BD4604B080BDD9
:10BEA000F1BE0000000C004080B582B000AF02007F
:10BEB000FB1D1A700A4B98470A4AFB1D1B7813702A
:10BEC0000949094B5B889BB28022D20113439BB284
:10BED0004B80064B9847C046BD4602B080BDC04669
:10BEE00095BB0000020C0040000C0040A9BB000004
:10BEF00080B584B000AF0200FB1D1A701C4B984740
:10BF00001C4AFB1D1B7813701B4B5B881B051B0F0A
:10BF1000DBB2FB60184A538818490B405380164A1D
:10BF2000154B5B889BB216490B409BB25380C046B1
:10BF3000114B5B889BB21A008023DB011340F7D1C1
:10BF40000D4AFB68DBB2191C0F230B40D9B2538892
:10BF5000081C0F210140080208490B40191C031C52
:10BF60000B435380074B9847C046BD4604B080BD85
:10BF700095BB0000020C0040000C0040FFF0FFFFEA
:10BF8000FFBFFFFFA9BB000080B584B000AF020077
:10BF9000FB1D1A700D4B98470D4AFB1D1B78137043
:10BFA0000C4B5B881B051B0FDAB20F23FB181A70B2
:10BFB000094B98470F23FB181B781800074B98472D
:10BFC00003001800BD4604B080BDC04695BB00000C
:10BFD000020C0040000C0040A9BB00008DBD000019
:10BFE00080B584B000AF0200FB1D1A700F23FB1850
:10BFF00000221A70FB1D1B787F2B0BD8134AFB1DE8
:10C000001B785BB2012199400B001900C0235B0033
:10C01000D15014E0FB1D1B785BB20E3301D1172306
:10C0200010E0FB1D1B785BB2013304D1084B80226A
:10C0300092045A6003E00F23FB1817221A700F2393
:10C04000FB181B781800BD4604B080BD00E100E07D
:10C0500000ED00E080B584B000AF0200FB1D1A7057
:10C060000F23FB18FA1D1278D2091A700E23FB1841
:10C07000FA1D127852091A700D4BBB600F23FB1882
:10C080001B78002B0FD10F23FB181B789B0010226D
:10C090009446BC446344083B1A680E23FB181B7883
:10C0A000DB01D31800E000231800BD4604B080BDBA
:10C0B0000044004180B588B000AFF860B9607A6094
:10C0C0000023FB617B68DB7801225340DBB2002B4D
:10C0D00035D07B681B78802B0BD0FB698022520205
:10C0E0001343FB617B681B781B061A00FB69134333
:10C0F000FB617B685B78002B03D07B685B78022B4D
:10C1000010D1FB69802292021343FB617B689B780C
:10C11000002B04D0FB698022D2021343FB61FB6831
:10C12000BA685A607B685B78012B03D07B685B78C8
:10C13000022B07D1FB69224A1340FB6102E0FB6836
:10C14000BA685A60BB681B041B0CBB61BB681B0C44
:10C150007B61BA69FB691343A022D2051A43FB68CD
:10C160009A627A69FB691343D02212061A43FB686C
:10C170009A627B68DB7801225340DBB2002B1AD035
:10C18000FA698023DB0213400AD07B689B78012B7D
:10C1900003D1FB68BA689A6102E0FB68BA685A6129
:10C1A0007B685B78012B03D07B685B78022B02D124
:10C1B000FB68BA689A60C046BD4608B080BDC046FC
:10C1C000FFFFFBFF80B584B000AF02003960FB1DAC
:10C1D0001A70FB1D1B7818000A4B98470300FB6080
:10C1E000FB1D1B781F22134001229A401300BB60E5
:10C1F0003A68B968FB681800034B9847C046BD46CB
:10C2000004B080BD55C00000B5C0000080B500AFCF
:10C21000C046BD4680BD000080B500AF064B9847C4
:10C22000064B9847064B9847064B9847064B98474E
:10C23000C046BD4680BDC04699B800000D9B0000B9
:10C240000DC200007D9D00000DC2000080B500AF52
:10C250000020024B9847C046BD4680BD89C2000001
:10C2600080B500AF0120024B9847C046BD4680BD57
:10C2700089C2000080B500AF0220024B9847C0463B
:10C28000BD4680BD89C2000080B586B000AF020007
:10C29000FB1D1A70FB1D1A78184B9200D3583B6196
:10C2A0003B691B68DA6A3B695B6B1A403B699B6BB5
:10C2B0001340FB6000237B6119E0114B7A69920007
:10C2C000D358FA6813400FD03A697B699B00D318A2
:10C2D00004331B683A69100098473B691B68084A99
:10C2E000796989008A58DA627B6901337B617B69ED
:10C2F0000B2BE2DDC046BD4606B080BD684E002077
:10C30000780B010080B582B000AF2F4B7B602F4BC4
:10C310003B607A683B689A420CD007E03B681A1D84
:10C320003A607A68111D796012681A603A68284B81
:10C330009A42F3D3274B3B6004E03B681A1D3A60F6
:10C3400000221A603A68244B9A42F6D3234B7B6052
:10C35000234B7A68FF218A439A60224A90235B002C
:10C360000221D150204AD37803218B43191C022388
:10C370000B43D3701C4AD3780C218B43191C082320
:10C380000B43D370194A937B30218B43191C202314
:10C390000B439373154A937B0C218B43191C082381
:10C3A0000B439373114A937B03218B43191C022384
:10C3B0000B4393730E4A536880210B4353600D4B1C
:10C3C00098470D4B9847FEE75810010000000020E9
:10C3D0000002002000020020B84F002000000000F2
:10C3E00000ED00E0007000410050004100480041B5
:10C3F0000040004119E50000DDC4000080B500AF39
:10C4000004207146084202D0EFF3098001E0EFF307
:10C410000880416904E000BEC046BD4680BD000002
:10C4200080B590B000AF78607B681B68FB637B6869
:10C430005B68BB637B689B687B637B68DB683B6393
:10C440007B681B69FB627B685B69BB627B689B697D
:10C450007B627B68DB693B620B4B1B68FB610B4BB0
:10C460001B68BB610A4B1B687B610A4B1B683B6105
:10C47000094B1B68BB60094B1B68FB6000BEC046D4
:10C48000BD4610B080BDC04628ED00E02CED00E0B8
:10C4900030ED00E03CED00E034ED00E038ED00E090
:10C4A00080B584B000AF78600A4B1B68002B02D1C6
:10C4B000084B094A1A60074B1B68FB60054B1A685A
:10C4C0007B68D218034B1A60FB681800BD4604B0A5
:10C4D00080BDC04660380020B86F002080B500AF36
:10C4E000064B9847064B98470120064B9847064B4A
:10C4F000984700231800BD4680BDC04619C2000001
:10C5000079960000853E0000817D000080B582B0F4
:10C5100000AF294B1800294B9847294B1800274B8F
:10C520009847284B9847031E04D0274B1800234BED
:10C53000984703E0254B1800204B9847244B984719
:10C54000031E04D0234B18001C4B984703E0224BDA
:10C5500018001A4B9847FB1D00221A701F4B984772
:10C560000200FB1D190010001D4B9847FB1D1B7896
:10C570006C2B04D01B4B1800104B984710E01A4B43
:10C5800018000E4B9847194B9847031E04D1184BBF
:10C5900018000A4B984703E0164B1800074B9847C2
:10C5A000154B9847154B1B681800154B9847C0460C
:10C5B000BD4602B080BDC046A80B0100E996000050
:10C5C000CC0B010041160000E40B0100080C010037
:10C5D000E9290000240C0100440C0100112900008D
:10C5E000552400005C0C0100700C010021290000A2
:10C5F000800C0100940C010005C600006838002082
:10C60000257C000090B583B002AF264B984703000D
:10C61000254A26484021264CA047244B1800254B8C
:10C620009847C8235A0024492448254B01930423E2
:10C6300000930023234CA0470300012B03D0224B7F
:10C6400018001C4B9847174B984703001F4A174880
:10C650004021174CA047154B1800164B98478023D4
:10C660005A001B491B481C4B0193032300930023D2
:10C67000144CA0470300012B03D0184B18000D4B9E
:10C680009847084B98470300154A08484021084C32
:10C69000A047064B1800074B9847C046BD4601B05F
:10C6A00090BDC046715D0000B00C0100744F0020C9
:10C6B0000DE70000E9960000D40C0100910B00008A
:10C6C00064380020B5770000E00C01000C0D01007B
:10C6D0002C0D0100012F00006C380020340D0100EA
:10C6E000600D010080B500AF024B1800024B984767
:10C6F000FEE7C046840D0100E996000080B500AF5A
:10C70000024B1800024B9847FEE7C046B00D0100EF
:10C71000E9960000002243088B4274D303098B4240
:10C720005FD3030A8B4244D3030B8B4228D3030C01
:10C730008B420DD3FF22090212BA030C8B4202D3A3
:10C740001212090265D0030B8B4219D300E0090ACB
:10C75000C30B8B4201D3CB03C01A5241830B8B42D4
:10C7600001D38B03C01A5241430B8B4201D34B03BD
:10C77000C01A5241030B8B4201D30B03C01A524122
:10C78000C30A8B4201D3CB02C01A5241830A8B42A7
:10C7900001D38B02C01A5241430A8B4201D34B0290
:10C7A000C01A5241030A8B4201D30B02C01A5241F4
:10C7B000CDD2C3098B4201D3CB01C01A52418309A8
:10C7C0008B4201D38B01C01A524143098B4201D3E2
:10C7D0004B01C01A524103098B4201D30B01C01A0D
:10C7E0005241C3088B4201D3CB00C01A5241830887
:10C7F0008B4201D38B00C01A524143088B4201D3B4
:10C800004B00C01A5241411A00D201465241104613
:10C810007047FFE701B5002000F006F802BDC046F2
:10C820000029F7D076E770477047C046F0B5CE468E
:10C83000474615042D0C2E0080B50704140C3F0C40
:10C840009946030C7E435D43674363437F19340C71
:10C85000E4199C46A54203D980235B029846C44450
:10C860004B46514343433604360C250C240465449F
:10C87000A4195918491920000CBC90469946F0BDDE
:10C88000F8B557464E464546DE46E0B547024600F7
:10C8900088467F0A360EC40F002E47D0FF2E24D0C4
:10C8A000FB008027FF041F43002399469A467F3EE2
:10C8B00043465D025800DB0F6D0A000E984643D0D8
:10C8C000FF283BD0EB0080250022ED041D437F387C
:10C8D0003618731C41469B464B46614013430F2B51
:10C8E00064D875489B00C3589F46002F42D1082347
:10C8F0009946063BFF269A46DAE74146022A28D0A7
:10C90000032A00D1CEE0012A00D0ACE01140002083
:10C910000022CCB24002D205400AE4071043204373
:10C920003CBC90469946A246AB46F8BD002F15D1B7
:10C9300004239946033B00269A46B9E7FF200222CA
:10C94000002DC5D00322C3E7002D19D100200122FC
:10C95000BEE70124FF220C400020DBE7380001F095
:10C96000B7FD7626431F9F4000237642361A99462C
:10C970009A469DE70C239946093BFF269A4697E77E
:10C98000280001F0A5FD431F9D4076235B42181A45
:10C9900000229DE780200024C003FF22BAE73D006B
:10C9A0005246ABE73D0021005246A7E73B0C9C46B0
:10C9B0002A04120C2B0C1400604665463F043F0C01
:10C9C0007C4342435D437B43270C9B18FF18BA42CC
:10C9D00003D980235B029C46654424043A04240C5A
:10C9E000121993015C1EA3413F0C920E7D191A434C
:10C9F000AD0115432B0104D501235E466A081D4095
:10CA0000154332007F32002A25DD6B0704D00F2347
:10CA10002B40042B00D004352B0103D53200274BCB
:10CA200080321D40FE2A94DC0124A801400AD2B2C3
:10CA30000C406FE78020C003074207D0054205D1B4
:10CA400028434002400A4446FF2263E7384340023D
:10CA5000400AFF225EE70124A31A1B2B05DD0C40D0
:10CA60000022002056E75E46CBE72A002020DA406D
:10CA7000C31A9D402B005D1EAB4113435A0704D0DF
:10CA80000F221A40042A00D004335A0104D501248D
:10CA900001220C4000203DE701249B01580A0C4074
:10CAA000002237E780200124C00328434002400AC7
:10CAB0000C40FF222EE7C046D80D0100FFFFFFF714
:10CAC00041024300C20F490A1B0E00207E2B0DDDE0
:10CAD0009D2B0CDC802000040143952B0ADC962062
:10CAE000C31AD9404842002A00D108007047034BBE
:10CAF000D018FBE7963B9940F4E7C046FFFFFF7F65
:10CB000070B5002830D0C317C4185C40C50F200092
:10CB100001F0DEFC9E231B1A962B0DDC9622D21A06
:10CB200094402A006402640ADBB26402DB05600AF6
:10CB3000D2071843104370BD992B19DC9922D21AE1
:10CB4000002A29DD94402200144C1440510704D0DF
:10CB50000F210A40042A00D00434620113D4A40136
:10CB6000640ADBB22A00E0E7002200230024DCE7AD
:10CB700005222100121AD140B922D21A9440621E15
:10CB800094410C43DAE7054B2A001C409F23A40183
:10CB90001B1A640ADBB2C8E72200D5E7FFFFFFFBE0
:10CBA000F8B54546DE4657464E460C03E0B54E0006
:10CBB000C90F88460D00610A440F0C43C7001903D2
:10CBC0005800DB0F9B464B0A510F0B43760D400D6F
:10CBD0001900D200D84500D1AEE0351A002D00DC96
:10CBE000F6E000280FD1134300D1DBE06B1E002BD1
:10CBF00000D037E1BA1A9742BF41641A7F42E41B62
:10CC00000126170024E0C64B9E424DD080231B0412
:10CC10001943382D00DD07E11F2D00DD38E120200C
:10CC2000431B9A460B0050468340994613004846E2
:10CC3000EB401843030050468240501E8241E940B9
:10CC40001A43BA1A611A9742A441170064420C1B96
:10CC5000230262D56402650A002D00D1DFE02800BE
:10CC600001F036FC0300083B1F2B00DDD2E0202240
:10CC70003C00D21A9D40D4409F4025439E4200DD97
:10CC8000C4E09E1B731C1F2B00DDF1E02022380046
:10CC90002900D21AD840914097402C000143781EB9
:10CCA0008741DC4000260F437B0709D00F233B4020
:10CCB000042B05D03B1DBB42BF417F42E4191F003E
:10CCC00023022CD5964B01369E4200D19AE0454670
:10CCD000944BFF081C406007760564020743240B51
:10CCE000760D00212403230B0C0D8F4A24051C43D1
:10CCF0001440330523435B00ED075B082B433800EA
:10CD000019003CBC90469946A246AB46F8BD644625
:10CD1000044300D111E2040067467B07C6D14546B3
:10CD20006007FF080743E4087D4B9E4230D0240390
:10CD30007605240B760DD4E7331A9A46002B78DD5E
:10CD4000002831D076488642AED0802000040143CE
:10CD50005346382B00DCE9E00A43511E8A4100218A
:10CD6000D219BA42BF4109197C4217000C1923029B
:10CD7000D3D56B4B01369E4200D13AE10120694B7D
:10CD80001C407B0807401F43E007074364088BE70C
:10CD900023003B4300D1CBE1802212031443240340
:10CDA000240B9EE72E007FE70800104300D1B4E07B
:10CDB000581E002800D0DEE0BA18BA429B41641821
:10CDC0005B42E418170001262302A6D50226D5E708
:10CDD000002D6ED1701C4005400D012800DCF9E0EB
:10CDE000B81A844687428041E51A40422D1A28022B
:10CDF00000D489E0D71BBA4292411C1B5242A51AAB
:10CE0000D84629E74546002400276AE7454CF61A2C
:10CE10002C4049E73D002838854000272EE73800A0
:10CE200001F056FB20301DE70A43511E8A410021C4
:10CE300007E7002B00D0F3E0701C43055B0D012BCE
:10CE400000DCADE0364B984200D1D1E0BA18BA42CE
:10CE5000BF4164187F42E419E7075208174364088A
:10CE6000060021E72E48854200D193E01D00D0E660
:10CE700029001F3EF140202B00D18DE04022D31A23
:10CE80009D402F437D1EAF4100240F43002644E701
:10CE90002B000800203BD8400300202D00D17DE06E
:10CEA0004020451BA9400A43511E8A4100211A43D4
:10CEB000C7E6002E50D01A4EB04257D080266B42A3
:10CEC0009946360434434B46382B00DDD6E01F2B01
:10CED00000DD35E12026F51A2600AE40B2463E00C0
:10CEE000DE40AC46350056462E436546AF407D1EBB
:10CEF000AF41DC403743D71BBA4292410C1B524230
:10CF0000A41A0600D846A3E6644667462C4300D020
:10CF1000A2E600250026002706E71E00C4E6C0465C
:10CF2000FF070000FFFF7FFFFFFF0F801F2B63DC69
:10CF30002020C31A080098409C46834653461000A0
:10CF4000D84003005846184363469A40531E9A41FE
:10CF500053460243D94003E726003E4306D0EB4345
:10CF60009946002BC7D0944EB042ACD10C001700AC
:10CF70000600D84698E6904B9A450BD08246E7E6E5
:10CF8000002800D09EE01800104300D1E9E01C000A
:10CF90001700D846884E87E6002572E7002182E711
:10CFA00023003B43002E00D0ABE0002B00D1E7E094
:10CFB0000B00134300D177E6BA18BA42BF41641898
:10CFC0007F42E419230200D4F2E07C4B17001C409E
:10CFD000060069E620003843002ED1D100285BD13D
:10CFE0001C00144300D1A8E01C001700D8465BE6E3
:10CFF00006000024002797E650460B002038C34067
:10D0000099465346202B00D195E0402350461B1AE9
:10D0100099400A43511E8A414B4600211A439FE61C
:10D02000002E30D126003E4367D0DB439A46002BCA
:10D030001CD0614EB04260D05346382B00DD96E0E4
:10D040001F2B00DD9FE02026F31A26009E409C4601
:10D05000B34653463E00DE4033005E461E43634601
:10D060009F407B1E9F415346DC403743BF18974289
:10D07000924164185242A418060078E627437C1EA9
:10D08000A741002437E74C4EB04236D080265B42A1
:10D0900036049A463443CFE71800104300D103E624
:10D0A000B81A84466745AD41E01A6D42401B05023F
:10D0B00000D42CE6D71BBA4292411C1B5242A41A40
:10D0C000D846F1E51800104300D163E7F808670778
:10D0D00007438020E4080003044208D0DD0805422D
:10D0E00005D1D208590711430F002C00D8467B0FF9
:10D0F000E4001C43FF00304ED6E50C00170006008C
:10D10000D2E5002B38D00B00134300D142E7F808DA
:10D11000670707438020E40800030442E7D0CB08F8
:10D120000342E4D1D208490711430F001C00DEE797
:10D1300000270024D5E500216BE700250027F3E553
:10D140004E462500203EF5404B462E00202B2DD08C
:10D150004025ED1AAC4027437C1EA74100243743ED
:10D16000C9E6802400252403134E0027DCE527436D
:10D170007C1EA741002479E70C0017000E4E93E5B2
:10D180000C00170090E556462300203EF3409946D8
:10D190005346202B0ED0402356469B1B9C402743D2
:10D1A0007C1EA7414B4600241F435FE70024D2E7C3
:10D1B0001700B2E50024F2E7FF070000FFFF7FFF42
:10D1C000F0B557464546DE464E46E0B54C000E03E8
:10D1D00087B0834692461D008046360B640DCF0F04
:10D1E000002C4FD06F4B9C4235D08023420F1B0444
:10D1F000F600134333439946C30098466A4B002612
:10D200009C460023644403932B031B0B9B466B003B
:10D21000ED0F50465B0D01955ED0624A934253D0AC
:10D220005A46D1008022400F120402430A4393461B
:10D230005246D1005C4A944600226344380068405C
:10D2400084460290E41A16430F2E00D9B4E0574BDF
:10D25000B6009B599F460300334399466CD1002387
:10D260009846023308260393CEE7CB464146039AFD
:10D270000197022A65D1019B4A4C9C46002300225B
:10D2800098466BE00300334399464ED0002E00D100
:10D29000BCE1300001F01CF903000B3B1C2B00DD4E
:10D2A000ACE11D22D31A5A460100DA4008398E40FB
:10D2B0001300334399465B468B40984600233C4C11
:10D2C0000026241A03939FE751465A46114329D159
:10D2D000002293460232B1E7594601431ED05B4615
:10D2E000002B00D19EE1584601F0F2F803000B3B01
:10D2F0001C2B00DD8FE102005946083A91408B4615
:10D300001D21CB1A5146D9400B0059460B435146BB
:10D310009B469140264B00221B1A8FE700230122D7
:10D320009B468BE75146032288E70023984601334A
:10D3300004260024039367E70323B14603930C26D6
:10D3400062E7032A00D15CE2019B012A00D0E4E1FC
:10D3500013409C460023002400229846002112031B
:10D36000130B0A0D12051A432305124C40462240A6
:10D37000134362465B00D2075B081343190007B0F2
:10D380003CBC90469946A246AB46F0BD00238022A5
:10D390009C4612039846034CE0E70023014C002210
:10D3A0009846DBE7FF07000001FCFFFF180E0100B5
:10D3B0000DFCFFFFFFFF0F80D94500D939E100D1F7
:10D3C00034E1002346464D469A46013C5B460A0E30
:10D3D0001B021A430B02170C039313041B0C390096
:10D3E000280090460193FFF795F90200019B8346C0
:10D3F0005A43280039009146FFF712FA350C090408
:10D400000D43A9450DD95B464544013BA84500D9CC
:10D410003AE1A94500D837E102235B429C464544E6
:10D42000E3444B46EB1A390018000493FFF772F9F6
:10D43000019B05004343390004989946FFF7F0F932
:10D44000330409041B0C0B43994509D943446A1E54
:10D45000984500D91AE1994500D817E1023D4344A7
:10D460004A469B1A5A4612042A4303999346100CC3
:10D470000A0C914609045A46090C4E460D00120446
:10D48000120C4543059151437243704352190E0CDF
:10D49000B218954203D980256D02AC466044150C44
:10D4A00009041204090C28185218834200D2CEE055
:10D4B00000D1C8E01D1A53469E1AB245924152420D
:10D4C000AB1A9A46984500D117E139001800FFF7CA
:10D4D00021F9019B05004343390050460493FFF7AF
:10D4E0009FF904980B04310C1943884209D941442F
:10D4F0006B1E884500D907E1884200D804E1023D4F
:10D500004144049BCB1A180039000493FFF702F939
:10D51000019B82464343390004980193FFF780F949
:10D5200001980B043104090C194388420DD9534664
:10D530004144013B884500D9E8E0884200D8E5E055
:10D5400002235B429C464144E244019B2D04CE1AD7
:10D5500051462943059D4F462A000B04080C1B0C1D
:10D560005A4345437B4378435B19170CFB189D4294
:10D5700003D980256D02AC4660441D0C12041B04C7
:10D58000120C28189B18864200D293E000D18EE03E
:10D5900001231943A04BE318002B00DC99E04A0754
:10D5A00000D09EE05A46D20106D55A469B4B1A40FF
:10D5B00080239346DB00E318994A934268DD0123F8
:10D5C000029A984C1A400023944698460022C5E6D9
:10D5D00080224B46120313420AD05B46134206D107
:10D5E0001A431203120BAC4688468E4CB6E64B46E5
:10D5F0001A431203120BBC468A4CAFE603005A468C
:10D60000283B9A4000239146984657E6584600F03A
:10D610005FFF203040E603005246283B9A4000213D
:10D62000934677E600F054FF20305FE6884500D24D
:10D63000C7E64B46DE075D0843465B081E4343468C
:10D64000DB079A46C2E60025924500D333E7039EE6
:10D650005946B446E244B245AD416D424544EB18EB
:10D660000139984507D2984200D97FE000D1BCE04B
:10D670001D1A8B461FE79845FAD1039D5545F2D9EF
:10D6800043468B461D1A16E79B46CAE61500E7E699
:10D690005A46C90852070A435B0590465C0D5A4634
:10D6A0000123029952021940120B8C4656E6002BB8
:10D6B00000D16FE746444A1EB04529D91100864281
:10D6C00000D065E7039A934200D061E762E7012149
:10D6D00049420120C21A382A21DD029B03409C46A0
:10D6E00038E60F220A40042A00D15BE70A00111D28
:10D6F000914292415242934454E7474BE318002B26
:10D70000E5DD01225242F2E71D00FAE69A461CE7E7
:10D71000B04239D86ED011003AE702933AE71F2A97
:10D720003CDC20239B1A0C005846994098404B1E25
:10D7300099415B46D440D340204308431A00430735
:10D7400009D00F230340042B05D00100081D884297
:10D750009B415B42D21813023AD50123029A01245D
:10D760001A400023944698460022F7E502214942D8
:10D770008C46039DE344AC46E244AA45AD416D426C
:10D780004544ED182D1A96E68A1E03994D008D42E8
:10D79000894149424144761803958FE71F20404252
:10D7A000C31A5846D8400300202A28D040205D469E
:10D7B000821A954029434A1E9141194307230022AA
:10D7C0000B4009D00F2300220B400800042BBDD1D1
:10D7D000010053075202120BC9081943012388465E
:10D7E0000299002419408C46B8E55245BED88B46B4
:10D7F000002560E6039D9D42C6D3110062E7002527
:10D80000D8E780225B4612031A43019B1203120BD6
:10D810009C468846034CA1E5FF030000FFFFFFFE86
:10D82000FE070000FF070000F0B557464546DE46FC
:10D830004E46E0B50C0398464E00230B87B0070018
:10D8400092469B46760DCD0F002E6BD06D4B9E42BF
:10D8500035D080245B46420F2404DB0014431C4374
:10D86000C3009946684BA3469C46002300276644A4
:10D87000029343461C035A00DB0F5046240B520D03
:10D88000984600D176E05F4B9A426DD08023410FDD
:10D890001B040B435C49E4008C461C43C30000207E
:10D8A00062444146B6186940721C01919446074390
:10D8B0000F2F00D9B0E0554ABF00D25997465B46BA
:10D8C0000343994600D087E000239B460233082794
:10D8D0000293CEE742460192022867D0032800D186
:10D8E0000EE2012800D062E10023002400229946C4
:10D8F00001990140CDB2002112030B0D120B1B0543
:10D900001343434A240513401C436400ED07640895
:10D910002C434846210007B03CBC90469946A2469D
:10D92000AB46F0BD034399464FD05B46002B00D178
:10D9300089E1584600F0CCFD03000B3B1C2B00DDB9
:10D940007AE11D22D31A3A0001005C46DA40083918
:10D950008C4013008F4023439B46B94600232D4E35
:10D960000027361A029384E7534623432AD1002422
:10D97000022096E75346234320D0002C00D157E1E4
:10D98000200000F0A5FD03000B3B1C2B00DD49E14E
:10D990001D21CB1A51460200D9405346083A944003
:10D9A00093400C431B4A121A00207AE70125019B81
:10D9B000144C1D400023002299469CE700240022BD
:10D9C00001206EE7534603206BE700239B4601339B
:10D9D0000427002602934CE7032381460C27029379
:10D9E00047E780220023002512039946054C82E771
:10D9F0005C464B4602986FE75C464B4601950298A1
:10DA00006AE7C046FF07000001FCFFFF580E010057
:10DA1000FFFF0F800DFCFFFF4A464946170C1A0C0A
:10DA20001B041B0C08041900000C41431500884618
:10DA300019007D4379430395894629001500454324
:10DA40004D44029545462D0CAA46029D5544A945D4
:10DA500006D98A46802149028946CA445146039123
:10DA6000290C0491414609042D04090C884629001B
:10DA7000250C24044144240C05912100414388468F
:10DA8000210079438A466843414650448146080C48
:10DA900048446F43824503D98021490289464F4457
:10DAA000010C894639004944029141460F0404990A
:10DAB0003F0C88460004C0198044414604915946F1
:10DAC0000F0C0904090C884659438A463900514312
:10DAD000894641464A435146090C8B467B43D2183E
:10DAE0005A44934203D980235B029B46D944514652
:10DAF0000904090C8A46414661437C43130C120415
:10DB00004B445244A1468A463C0041466C434D4337
:10DB100051464D440F0C7D19A94503D98021490276
:10DB200088464444049F0399B84641448B46834544
:10DB3000804141428846514608042F04000C3F189A
:10DB40005846029910188946904292414F44BA466D
:10DB5000524299469346C244D144CB448F42BF417E
:10DB6000C245894199459B41934592417F42494233
:10DB70002D0C52420F435B4213437F19FF185B4643
:10DB80003C19DB0D059A64021C43430213435D1EDE
:10DB9000AB415A46C00D034352021343E20156D52E
:10DBA00001205A0803401343E207134364085A480C
:10DBB000604400284DDD5A0709D00F221A40042A7C
:10DBC00005D01A1D9A429B415B42E4181300E20102
:10DBD00004D58020514AC00014406044504A90420D
:10DBE00000DDE3E60125DB0862071A436402019BBE
:10DBF0009146220B4405640D1D407CE68022594667
:10DC00001203114208D0144206D122431203120B10
:10DC100045469946434C6EE65B461A431203120B87
:10DC2000404C68E603005446283B9C400023B9E67C
:10DC300000F04EFC2030A6E60300283B9F40002366
:10DC4000BB4699468AE600F043FC203074E6B446B1
:10DC5000ADE701252A1A382A06DD019B00241D4064
:10DC600000230022994646E61F2A21DC20252000B9
:10DC7000AD1A1E00AB40A840D6405D1EAB413043FC
:10DC80001843D440430709D00F230340042B05D089
:10DC90000300181D98429B415B42E418230221D5E2
:10DCA0000125019B01241D4000230022994622E604
:10DCB0001F2521006D42281AC1400800202A1DD0CE
:10DCC0005F35AA1A944023435C1EA34107250343F2
:10DCD0001D400022002D09D00F2200241A401800F8
:10DCE000042AD6D1030065076402220BDB082B430C
:10DCF00001259946019B00241D40FCE50024E2E734
:10DD0000802201251203224301991203120B0D40B8
:10DD10009946044CEFE5C046FF030000FFFFFFFEFD
:10DD2000FE070000FF070000F0B54646D6464F4606
:10DD30000C03C0B5CD0F4E00610A440F0C43C10067
:10DD40005800400D84468A460F001903500F490AB7
:10DD50000143C648760DA846DB0FD200844500D1AA
:10DD6000D8E001204340AB4200D1A6E06046351A1E
:10DD7000002D00DC05E1002810D10B00134300D179
:10DD8000D7E06B1E002B00D04BE153469F1ABA45DB
:10DD90008041641A4042241A01261EE0B34B9E4281
:10DDA00048D080231B041943382D00DD19E11F2DB5
:10DDB00000DD4CE120230F005B1B10009A409F40C8
:10DDC000E840531E9A41E940074317435346DF1B7F
:10DDD000611ABA45A44164420C1B230200D4C5E079
:10DDE0006402650A002D00D1F6E0280000F070FB07
:10DDF0000300083B1F2B00DDE9E020223C00D21A83
:10DE00009D40D4409F4025439E4200DDDBE09E1BA9
:10DE1000731C1F2B00DD0AE120223800D21A2900D2
:10DE200097402C009140D8407A1E9741DC40002654
:10DE300001430F437B0709D00F233B40042B05D040
:10DE40003B1DBB42BF417F42E4191F00230225D581
:10DE5000864B01369E4200D1AFE0854B01251C4028
:10DE600043466207FF08640276051743240B760DCC
:10DE70001D4000212403230B0C0D7E4A24051C4366
:10DE80001440330523435B00ED075B082B43380048
:10DE900019001CBC90469946A246F0BD0125434698
:10DEA0006207FF081743E4081D40704B9E4236D0BE
:10DEB00024037605240B760DDBE76346F31A002B6B
:10DEC00000DC94E06046002835D068488642B1D036
:10DED00080273F043943382B00DCFDE00A4317005C
:10DEE00000217A1E97415744574580410919444201
:10DEF0000C1923023AD55D4B01369E4200D14BE10D
:10DF000001225B4B1C407B0817401F43E20717436D
:10DF100064088FE70800104300D024E721E72300BE
:10DF20003B4300D1B9E18022120314432403240BA4
:10DF30009FE72E007EE70800104300D1CAE0581E7C
:10DF40008446002800D0E7E05244524580416418DE
:10DF50004042241817000126230207D50226CFE7E6
:10DF600064462C4300D1B3E12C0067467B0700D008
:10DF700062E76307FF081F4301254346E4081D408D
:10DF800093E7002D78D1751C6D056D0D012D00DC1A
:10DF9000F2E05046801A8245BF41651A7F42ED1B70
:10DFA0008446280200D48CE05046171ABA429241A7
:10DFB0000C1B5542651B984614E701254346002477
:10DFC0001D40002755E72A4CF61A2C4032E73D0049
:10DFD00028388540002717E7380000F079FA20300C
:10DFE00006E70A43170000217A1E9741EEE6002B50
:10DFF00000D0E5E0731C9C465B055B0D012B00DC4B
:10E000009FE01A4B9C4500D1C5E0524452458041E7
:10E01000641840422418E70752081743640866460C
:10E0200008E71248854200D185E01D00BCE62900C2
:10E030001F3EF140202B00D17FE04022D31A9D40AB
:10E040002F437D1EAF4100240F4300268EE72B0097
:10E050000F00203BDF40202D71D040235D1BA940E5
:10E060000A43511E8A4100211743AFE6FF07000013
:10E07000FFFF7FFFFFFF0F80002E3ED0B34EB44561
:10E0800045D0802636046D423443382D00DDA8E0AB
:10E090001F2D00DD1FE1202627005046761BB740CC
:10E0A000E84007435046B040461EB041EC4038437C
:10E0B000171ABA4292410C1B5242A41A664698465D
:10E0C0008BE6644667462C4300D08BE6002500268D
:10E0D0000027EAE61E00ADE61F2B60DC2027F81AB9
:10E0E0000F00844687401000D840074360468240B6
:10E0F000501E8241D9401743F5E62600504606439C
:10E1000005D0ED43002DD3D0904EB445BDD10C00C9
:10E110001700664698468DE68C4883420BD06346CE
:10E12000D9E6002D00D096E00800104300D1E2E0CF
:10E130000C0017009846854E7CE6002580E70021FC
:10E140008EE7230050460343002E00D0A8E0002BAA
:10E1500000D1DEE00B00134300D16BE65244524580
:10E1600080416418404224181700230200D4FDE6C1
:10E17000774B66461C405DE6250050460543002E61
:10E18000CFD1002D4FD10C00144300D1A0E00C00E2
:10E19000170098464EE666460024002785E61F00D5
:10E1A0000800203FF8400700202B00D18EE04020DF
:10E1B000C31A99400A43511E8A410021174392E62F
:10E1C000002E14D126005046064362D0DB43002BBC
:10E1D0005CD187189742924164185242A41866464F
:10E1E00087E650462043441EA041002460E7574E76
:10E1F000B4454ED0802636045B423443382B00DDD4
:10E200007FE01F2B00DD8BE0202627005046F61A0A
:10E21000B740D84007435046B040461EB041074380
:10E22000DC40BF18D6E70D00154300D102E650468A
:10E23000801A8245BF41651A7F42ED1B8446280241
:10E2400000D48DE65046171ABA4292410C1B524236
:10E25000A41A9846EEE50D00154300D16BE7504631
:10E260006707C00807438020E4080003044207D082
:10E27000CD08054204D12C009846D70849070F4322
:10E280007B0FE4001C43FF00304ED3E52F4EB44516
:10E29000B4D10C0017006646CCE500270024E8E561
:10E2A000002B39D00B00134300D144E7C0086707A7
:10E2B00007438020E40800030442E1D0CB08034276
:10E2C000DED1D70849070F431C00D9E7002171E7C9
:10E2D00000250027E9E52E002700203EF740202DED
:10E2E0002FD04026751BAC4050462043441EA04111
:10E2F00000243843DCE6802400252403134E002745
:10E30000D3E5504620430700781E87410024BF18FC
:10E3100060E70C0017008DE50C0017000B4E89E537
:10E320001E002700203EF740202B0CD04026F31A79
:10E330009C4050462043441EA04107430024BF1880
:10E3400048E70024D0E70024F3E7C046FF070000B9
:10E35000FFFF7FFF30B5134D0A034B00120B5B0D1F
:10E36000C90F0024AB4210DD0F4CA3420FDC802408
:10E370000E4D64032243ED1A1F2D0BDD0C48C31A0A
:10E38000DA405442002900D11400200030BD094B6E
:10E39000CC18FAE7084CE840A44663449A4002438C
:10E3A000EFE7C046FE0300001D0400003304000038
:10E3B00013040000FFFFFF7FEDFBFFFF10B5041EFD
:10E3C00028D000F085F8154B154A1B1AD21A1F2ABF
:10E3D00015DD144AD21A9440002224035B05240B55
:10E3E0005B0D0021100024030A0D240B12052243AB
:10E3F0000D4C1B05224013435B00590810BD210042
:10E4000091400A000B21081AC4405B052403240B29
:10E410005B0DE6E7002300240022E2E71E04000073
:10E420003304000013040000FFFF0F804100090EB9
:10E430004B1C70B5DBB24602750AC40F012B14DD0C
:10E44000E0239B006D07360BCB1800210A0D280036
:10E4500012051C4D32435B052A405B0813435B00E9
:10E46000E4075B082343190070BD002914D1002D77
:10E470001ED0280000F02CF80A281CDC0B232A00F0
:10E480001B1ADA40030015339D400F4B12031B1A71
:10E490005B05160B5B0DD8E7002D06D0320B8026EE
:10E4A00036036D071643094BCFE7084B0026CCE730
:10E4B00000230026C9E703002A000B3B9A400025F1
:10E4C000E3E7C046FFFF0F8089030000FF0700005D
:10E4D0001C2101231B04984201D3000C10391B0A94
:10E4E000984201D3000A08391B09984201D3000958
:10E4F000043902A2105C40187047C04604030202AF
:10E5000001010101000000000000000010B50A2216
:10E51000002100F021FA10BD70B500260C4D0D4C05
:10E52000641BA410A64209D1002602F085FD0A4D05
:10E530000A4C641BA410A64205D170BDB300EB5871
:10E5400098470136EEE7B300EB5898470136F2E7FB
:10E550004410010044100100441001004810010063
:10E5600010B5034B0100186800F060F810BDC046FC
:10E5700030000020002310B59A4200D110BDCC5CC1
:10E58000C4540133F8E703008218934200D1704766
:10E5900019700133F9E7000070B50500002910D0AB
:10E5A0000C1F2368002B00DAE418280000F044FA5E
:10E5B0001D4A1368002B05D163601460280000F029
:10E5C0003CFA70BDA34209D9216860188342F3D197
:10E5D00018685B6841182160EEE713005A68002A4A
:10E5E00001D0A242F9D919685818A0420BD120686D
:10E5F0000918581819608242E0D110685268411811
:10E6000019605A60DAE7A04202D90C232B60D5E7E3
:10E6100021686018824203D1106852684118216055
:10E6200062605C60CAE7C04670380020032370B5A2
:10E63000CD1C9D43083506000C2D1ED20C25A94289
:10E640001DD8300000F0F8F9254A1468210000298F
:10E6500019D1244C2368002B03D1300000F044F87A
:10E6600020602900300000F03FF8431C2CD10C231F
:10E670003000336000F0E1F903E0002DDFDA0C2315
:10E680003360002070BD0B685B1B1AD40B2B03D9C1
:10E690000B60CC18256003E08C420ED163681360D8
:10E6A000300000F0CAF9200007220B30231D9043F0
:10E6B000C31AE7D05A42E250E4E74B6863600C00AB
:10E6C000EEE70C004968C2E70323C41C9C43A04248
:10E6D000E0D0211A300000F007F8431CDAD1C6E779
:10E6E0007038002074380020002370B5064C0500F7
:10E6F00008002360FDF7D4FE431C03D12368002BE0
:10E7000000D02B6070BDC046B44F00200CB430B5B3
:10E71000164B9DB00C1E1D6808DA8B2301202B6060
:10E7200040421DB030BC08BC02B01847822302A989
:10E730009B008B810023029008619C4200D0631EE5
:10E740008B604B6101235B42CB81209A21AB280077
:10E75000019300F0D5F9431C01DA8B232B60002CC8
:10E76000DFD00023029A1370DBE7C04630000020A0
:10E770000EB410B59DB002A9029008610B48822426
:10E7800088604861012040421FABC881084804CB23
:10E79000A400006801938C8100F0B2F90023029A72
:10E7A00013701DB010BC08BC03B01847FFFFFF7FFB
:10E7B00030000020F8B507000E003C7800F01CF98E
:10E7C0000322001943781340012B00D120343578FF
:10E7D00000F012F90322401943781340012B00D1B5
:10E7E0002035601B03D101370136002DE5D1F8BD7E
:10E7F0000023C25C0133002AFBD1581E704700235E
:10E8000030B59A420AD0013AC45CCD5CAC4204D126
:10E810009A4202D00133002CF6D1631B180030BDA0
:10E8200070B50400002A00D170BD0D78561E631C1F
:10E8300025700131002D05D1A4189C42F4D01D7023
:10E840000133FAE71C003200ECE70000F0B51F00CE
:10E850000E0087B00590039102920C98347800F076
:10E86000C7F8082200194378751C13400CD12D2CD1
:10E870000CD101332C780193B51C002F0CD0102F34
:10E8800014D1302C0AD011E02E00E6E701932B2C96
:10E89000F3D12C78B51CF0E7302C2FD120222B7827
:10E8A0009343582B51D110276C780235019B294A8C
:10E8B00039009E183000FDF7B3FF30000491390095
:10E8C000FDF728FF01210023494202008C46180071
:10E8D00021003039092913D80C00A7421CDD591C2E
:10E8E00009D06346824206D302D10499A14202DBD9
:10E8F0000123784320182C780135E9E70A27D5E76A
:10E9000021004139192901D8373CE6E72100613956
:10E91000192901D8573CE0E75A1C08D1059A23333E
:10E920001360029B3000002B0BD107B0F0BD019AA1
:10E93000002A00D04042029A002AF6D0039A002B07
:10E9400000D06A1E029B1A60EFE73024002FADD181
:10E950000837ABE7FFFFFF7F37B51300064A050016
:10E960001068046A002C00D1044C0A0000942900AD
:10E97000FFF76CFF3EBDC046300000209400002031
:10E9800030B514009BB005001A00002C05DA8B236B
:10E990000360012040421BB030BD822368469B00CB
:10E9A00083810023009104919C4200D0631E029356
:10E9B0000593012369465B42CB8128001E9B00F032
:10E9C0009FF8431C01DA8B232B60002CE3D000233B
:10E9D000009A1370DFE7000007B5009313000A00E8
:10E9E000010002480068FFF7CBFF0EBD3000002099
:10E9F000EC30006870470000044B1B681B6A002B5A
:10EA000000D1034BEC3318687047C046300000203B
:10EA10009400002082B0002900D101A9101E06D068
:10EA2000002B06D013780B601078431E984102B07B
:10EA3000704702204042FAE770477047F0B58E6891
:10EA400085B007000C00039201939E4239D89023B1
:10EA50008A89DB001A4234D00325096923685B1ACE
:10EA60000293636902985D43EB0F5D19019B6D1082
:10EA700001331B18AB4200D91D00530532D52900C4
:10EA80003800FFF7D3FD061E09D10C233B6040235D
:10EA90000120A28940421343A38105B0F0BD029A30
:10EAA0002169FFF767FDA389144A1A4080231343A5
:10EAB000A381029B2661F61826606561019EED1A0E
:10EAC000A560019BB34200D21E003200039920686A
:10EAD00000F0B9FAA36800209B1BA36023689E196D
:10EAE0002660DAE72A00380000F0BFFA061EE0D1FF
:10EAF00021693800FFF750FDC7E7C0467FFBFFFFE5
:10EB0000F0B59FB0029005938B890F0016001B068D
:10EB100011D50B69002B0ED14021FFF787FD38601E
:10EB20003861002805D10C23029A013813601FB008
:10EB3000F0BD40237B61002306AD6B6120336B7613
:10EB40001033AB7634002378002B47D1A31B0493FA
:10EB50000DD0A31B320039000298FFF76FFF431C52
:10EB600000D1B5E06A69049B944663446B612378E5
:10EB7000002B00D1ACE00122002352426A6002A9BE
:10EB80005432521801342B60EB60AB601370AB65EC
:10EB9000584E05222178300000F04AFA621C002805
:10EBA00020D12968CB0604D5532302AE20309B190F
:10EBB00018700B0704D553232B2002AE9B19187035
:10EBC00023782A2B16D000200A21099B2278303A7C
:10EBD000092A55D9002815D0099313E0252BB5D063
:10EBE0000134B0E70123801B8340296814000B43E4
:10EBF0002B60CDE7059B181D1B680590002B39DBAA
:10EC00000993140023782E2B0BD16378621C2A2BD6
:10EC10003ED1059B02341A1D1B680592002B34DB84
:10EC20000793354E21780322300000F001FA0028C6
:10EC300006D04023801B83402A68013413432B6095
:10EC4000217806222D48661C297600F0F1F900286B
:10EC500046D02B4B002B2FD12968059B0722C905D5
:10EC600028D59B189343083305936B69039A9B1827
:10EC70006B6167E75B42EB6002230B432B60C0E7ED
:10EC80004B4301349B180120A0E701235B42C7E7F7
:10EC9000002314000A201A006B60217830390929FA
:10ECA00003D9002BBDD00792BBE742430134521871
:10ECB0000123F2E70733D5E705AB00933A00114B88
:10ECC0002900029800E000BF0390039B0133CCD1E0
:10ECD000BB890B985B0600D429E70120404226E758
:10ECE00005AB00933A00074B2900029800F07AF830
:10ECF000EAE7C046020F0100080F01000C0F0100F7
:10ED0000000000003DEA0000F7B5150001938A6895
:10ED10000B6900900C00934200DA130022002B6074
:10ED200043321278002A01D001332B6023689B06FE
:10ED300002D52B6802332B60062723681F4027D09B
:10ED4000230043331B785A1E93412268920630D425
:10ED50002200019943320098089EB047431C25D0F9
:10ED6000062320682A68E16803400025042B03D1AC
:10ED70008D1AEB43DB171D40A3682269934201DD26
:10ED80009B1AED180027BD4220D1002010E001376A
:10ED9000E3682A689B1A9F42D2DA220001231932C3
:10EDA00001990098089EB047431CF0D101204042D1
:10EDB000FEBD3020E1184331087021005A1C453156
:10EDC0000978A218433202331170C1E722000123EF
:10EDD0001A3201990098089EB047431CE6D00137CB
:10EDE000D1E70000F0B58BB006920A0043320793DA
:10EDF000059004920A7E0C00109B6E2A00D18FE0D1
:10EE000017D8632A2CD008D8002A00D199E0582AB4
:10EE100054D026004236327029E0642A01D0692A93
:10EE2000F7D121681A68080623D5111D19601568E5
:10EE300025E0732A00D188E008D86F2A29D0702AEB
:10EE4000E7D1202209680A43226003E0752A20D016
:10EE5000782ADED122007821453211706C4A30E0E8
:10EE60000E001A684236111D1960136833700123B1
:10EE700079E04906D9D5111D19600023D55E002D12
:10EE800003DA2D23049A6D421370624B0A27039311
:10EE90002FE020681968050603D5081D18600D6865
:10EEA00005E04006F9D50D68081D1860ADB2594B54
:10EEB000082703936F2A18D00A2716E045310A70F5
:10EEC000544A03921A682168101D186015680806D4
:10EED00022D5CB0702D52023194321601027002D0E
:10EEE00003D1202322689A43226023000022433367
:10EEF0001A706368A360002B5CDB042221689143D5
:10EF00002160002D58D1049E002B64D02600039B65
:10EF100042361B7833705EE04806DAD5ADB2D8E7EA
:10EF200009681A68080605D5111D19601368626919
:10EF30001A6006E04906F7D5111D19601368A28A08
:10EF40001A800023049E236154E01A68111D196081
:10EF5000166800216268300000F06AF8002801D0CD
:10EF6000801B6060636823610023049A137041E092
:10EF70002369320006990598079DA847431C43D092
:10EF8000236800259B070FD4099BE06898423DDA6F
:10EF900018003BE022000123193206990598079ECC
:10EFA000B047431C30D00135E368099A9B1A9D4253
:10EFB000F0DBE9E7002DA9D0049E28003900FDF719
:10EFC0002FFC039B013E5B5C280033703900FDF78A
:10EFD000A1FB051EF1D1082F09D12368DB0706D557
:10EFE00063682269934202DC3023013E3370049B44
:10EFF0009B1B2361079B09AA00932100069B059890
:10F00000FFF782FE431CB3D1012040420BB0F0BD9C
:10F01000240F0100130F01000B1E04D0FF2A04D996
:10F020008A2303608B3B180070470A700123FAE7BC
:10F03000C9B28218904201D10020704703788B42F8
:10F04000FBD00130F6E710B5884202D98B18984200
:10F0500008D300239A4207D0CC5CC4540133F9E7AB
:10F060008B5C8354013AFBD210BDF8B507000D004C
:10F070001600002905D11100FFF7D8FA040020007E
:10F08000F8BD002A03D1FFF787FA3400F7E700F054
:10F0900012F82C008642F2D931003800FFF7C6FA88
:10F0A000041EECD029003200FFF764FA2900380072
:10F0B000FFF772FAE3E70B1F1B68181F002B01DA3A
:10F0C0000B58C018704700004572726F722072654D
:10F0D0006164696E672066726F6D2056454D4C36CF
:10F0E0003033303A2053746174757320636F6465F4
:10F0F0002025640020042100496E697469616C69EF
:10F100007A696E672056454D4C363033302E2E2EA0
:10F110000000000056454D4C3630333020696E6992
:10F120007469616C697A6174696F6E206661696C7B
:10F1300065643A2053746174757320636F6465204D
:10F140002564000056454D4C3630333020737563CE
:10F150006365737366756C6C7920696E6974696137
:10F160006C697A65640000004672656552544F53BD
:10F1700020434C492E0D0A547970652048656C7007
:10F1800020746F20766965772061206C6973742024
:10F190006F66207265676973746572656420636F5A
:10F1A0006D6D616E64732E0D0A000000696D75004F
:10F1B000696D753A2052657475726E7320612076A0
:10F1C000616C75652066726F6D2074686520494DAD
:10F1D000550D0A00726573657400000072657365F1
:10F1E000743A205265736574732074686520646591
:10F1F000766963650D0A00006C6564006C656420C7
:10F200005B6B65796E756D5D5B525D5B475D5B4207
:10F210005D3A20536574732074686520676976656C
:10F220006E204C454420746F2074686520676976B1
:10F23000656E20522C472C422076616C7565732ECA
:10F240000D0A0000616C7300616C733A20526574A2
:10F2500075726E732074776F2076616C756573209C
:10F2600066726F6D2074686520616D6269656E7489
:10F27000206C696768742073656E736F72200D0A65
:10F2800000000000636C7300636C733A20436C658C
:10F2900061727320746865207465726D696E616C4B
:10F2A0002073637265656E0D0A000000436F756C14
:10F2B00064206E6F7420616C6C6F63617465207381
:10F2C000656D6170686F72650D0A00000D0A0000BF
:10F2D0006F61000025635B324B0D3E000820080083
:10F2E000416363656C65726174696F6E205B6D6705
:10F2F0005D3A582025640959202564095A2025645F
:10F300000D0A00004E6F20646174612072656164B3
:10F310007921200D0A00000025635B324A000000BD
:10F320004572726F723A20496E76616C6964207022
:10F330006172616D65746572732E0A004C454420DC
:10F340007365743A204B65793D25642C2052474201
:10F350003D2825642C25642C2564290A0000000022
:10F360004572726F722073657474696E67204C45C4
:10F37000442E2564200A000056454D4C363033306B
:10F3800020696E697469616C697A6174696F6E2055
:10F390006661696C6564207769746820636F646571
:10F3A0002025640D0A0000004572726F722072659C
:10F3B0006164696E672076656D6C36303330212F5D
:10F3C000722F6E0052656164696E672073656E739B
:10F3D0006F7220646174613A2057686974652073A4
:10F3E00074617475732025303258253032582C439F
:10F3F0006F6D62696E65642076616C756520696EFB
:10F40000206865783A20253034582C416374756142
:10F410006C4C757856616C75653A2575206C7578FD
:10F420000D0A0000ACF10000B0F10000F90E000080
:10F4300000000000D4F10000DCF1000035100000F5
:10F4400000000000F8F10000FCF100005510000081
:10F450000400000044F2000048F200009511000092
:10F460000000000084F2000088F20000ED0F0000B0
:10F4700000000000000100000E0103000E02010068
:10F480000E03003010020100100400004572726F7C
:10F490007220696E697469616C697A696E6720535C
:10F4A0006565736177210D0A000000004572726F77
:10F4B000722F722F6E000000466F756E64205365C8
:10F4C00065736177212F722F6E000000436F756C9A
:10F4D00064206E6F7420777269746520536565735C
:10F4E00061772070696E212F722F6E00436F756CEB
:10F4F00064206E6F74207365742073656573617723
:10F50000204E656F706978656C2073706565642145
:10F510002F722F6E00000000436F756C64206E6FB9
:10F52000742073657420736565736177204E656F11
:10F53000706978656C206E756D626572206F6620EB
:10F54000646576696365732F722F6E004572726F02
:10F55000722072656164696E6720536565736177B7
:10F5600020636F756E7473212F722F6E0000000080
:10F57000101000000E050000436F756C64206E6F64
:10F580007420696E697469616C697A65204B65796C
:10F59000706164212F722F6E0000000055492054C5
:10F5A00061736B2053746172746564210000000004
:10F5B00068656C70000000000D0A68656C703A0D9B
:10F5C0000A204C6973747320616C6C207468652028
:10F5D0007265676973746572656420636F6D6D61D0
:10F5E0006E64730D0A0D0A00496E636F7272656373
:10F5F0007420636F6D6D616E6420706172616D6502
:10F600007465722873292E2020456E74657220223D
:10F6100068656C702220746F2076696577206120A0
:10F620006C697374206F6620617661696C61626CCD
:10F630006520636F6D6D616E64732E0D0A0D0A0097
:10F64000436F6D6D616E64206E6F74207265636FC1
:10F65000676E697365642E2020456E74657220277D
:10F6600068656C702720746F20766965772061204B
:10F670006C697374206F6620617661696C61626C7D
:10F680006520636F6D6D616E64732E0D0A0D0A0047
:10F69000B0F50000B8F50000D53B00000000000008
:10F6A000765472616365456E61626C65285452439D
:10F6B0005F53544152545F41574149545F484F533F
:10F6C0005429206E6F7420616C6C6F7765642069BB
:10F6D0006E20536E617073686F74206D6F64650087
:10F6E000556E657870656374656420617267756DC9
:10F6F000656E7420746F20765472616365456E6127
:10F70000626C652028736E617073686F74206D6F12
:10F71000646529004E6F7420656E6F7567682054AC
:10F7200041534B2068616E646C6573202D20696EB7
:10F73000637265617365205452435F4346475F4E71
:10F740005441534B20696E20747263536E61707321
:10F75000686F74436F6E6669672E68004E6F742021
:10F76000656E6F756768204953522068616E646CDE
:10F770006573202D20696E63726561736520545234
:10F78000435F4346475F4E49535220696E2074726F
:10F7900063536E617073686F74436F6E6669672E32
:10F7A000680000004E6F7420656E6F7567682053A7
:10F7B000454D4150484F52452068616E646C6573F9
:10F7C000202D20696E637265617365205452435F1A
:10F7D0004346475F4E53454D4150484F524520697F
:10F7E0006E20747263536E617073686F74436F6ED2
:10F7F0006669672E680000004E6F7420656E6F7535
:10F800006768204D555445582068616E646C657377
:10F81000202D20696E637265617365205452435FC9
:10F820004346475F4E4D5554455820696E207472CB
:10F8300063536E617073686F74436F6E6669672E91
:10F84000680000004E6F7420656E6F756768205108
:10F85000554555452068616E646C6573202D20699F
:10F860006E637265617365205452435F4346475F20
:10F870004E515545554520696E20747263536E6133
:10F880007073686F74436F6E6669672E680000005E
:10F890004E6F7420656E6F7567682054494D4552F0
:10F8A0002068616E646C6573202D20696E637265DB
:10F8B000617365205452435F4346475F4E54494D40
:10F8C000455220696E20747263536E617073686F65
:10F8D00074436F6E6669672E680000004E6F742077
:10F8E000656E6F756768204556454E5447524F55B3
:10F8F000502068616E646C6573202D20696E6372A0
:10F9000065617365205452435F4346475F4E4556D9
:10F91000454E5447524F555020696E2074726353C0
:10F920006E617073686F74436F6E6669672E6800EE
:10F930004E6F7420656E6F75676820535452454151
:10F940004D4255464645522068616E646C65732091
:10F950002D20696E637265617365205452435F4365
:10F9600046475F4E53545245414D425546464552D7
:10F9700020696E20747263536E617073686F744394
:10F980006F6E6669672E68004E6F7420656E6F75C6
:10F990006768204D455353414745425546464552B9
:10F9A0002068616E646C6573202D20696E637265DA
:10F9B000617365205452435F4346475F4E4D455344
:10F9C0005341474542554646455220696E20747260
:10F9D00063536E617073686F74436F6E6669672EF0
:10F9E0006800000070737A547261636547657445FE
:10F9F00072726F7248616E646C65733A20496E76FC
:10FA0000616C6964206F626A656374636C617373AF
:10FA1000210000006A4100006241000066410000D0
:10FA20005A4100005E4100006E410000724100003A
:10FA3000764100007A41000054524143455F4153F2
:10FA4000534552543A205265636F72646572206E5A
:10FA50006F7420696E697469616C697A65642E20BF
:10FA600055736520765472616365456E61626C659D
:10FA7000282920696E73746561642100287374619C
:10FA8000727475702900000054524143455F415320
:10FA9000534552543A205265636F72646572206E0A
:10FAA0006F7420696E697469616C697A65642C2071
:10FAB00063616C6C20765472616365456E61626C43
:10FAC00065282920666972737421000054524143ED
:10FAD000455F4153534552543A20785472616365EF
:10FAE00053657449535250726F70657274696573CF
:10FAF0003A20496E76616C69642076616C75652088
:10FB0000666F722068616E646C65000054524143F8
:10FB1000455F4153534552543A20785472616365AE
:10FB200053657449535250726F706572746965738E
:10FB30003A206E616D65203D3D204E554C4C0000D5
:10FB400076547261636553746F72654953524265AE
:10FB500067696E202D207265636F72646572206222
:10FB6000757379212053656520636F646520636F29
:10FB70006D6D656E742E000054524143455F4153D4
:10FB8000534552543A2076547261636553746F72D0
:10FB900065495352426567696E3A20496E76616CD9
:10FBA0006964204953522068616E646C6520284E58
:10FBB000554C4C290000000054524143455F4153CD
:10FBC000534552543A2076547261636553746F7290
:10FBD00065495352426567696E3A20496E76616C99
:10FBE0006964204953522068616E646C6520283E28
:10FBF000204E495352290000546F6F206D616E7979
:10FC0000206E657374656420696E746572727570B8
:10FC10007473210076547261636553746F72654921
:10FC20005352456E64202D207265636F7264657255
:10FC30002062757379212053656520636F646520A8
:10FC4000636F6D6D656E742E00000000556E6D6102
:10FC500074636865642063616C6C20746F207654F3
:10FC60007261636553746F7265495352456E6420C7
:10FC7000286E495352616374697665203D3D20309A
:10FC80002C206578706563746564203E20302900FF
:10FC900054524143455F4153534552543A20777281
:10FCA000697465496E74383A2062756666657220BB
:10FCB0003D3D204E554C4C0054524143455F41530D
:10FCC000534552543A207772697465496E743136DF
:10FCD0003A20627566666572203D3D204E554C4C5B
:10FCE0000000000054524143455F41535345525474
:10FCF0003A207772697465496E7433323A206275BE
:10FD000066666572203D3D204E554C4C000000005B
:10FD10007654726163655072696E7446202D20546A
:10FD20006F6F206D616E7920617267756D656E749D
:10FD3000732C206D617820313520616C6C6F776594
:10FD4000642100007654726163655072696E744676
:10FD5000202D20546F6F206C61726765206172677F
:10FD6000756D656E74732C206D617820333220625E
:10FD700079746520616C6C6F776564210000000008
:10FD800054524143455F4153534552543A207654AF
:10FD900072616365565072696E74463A20666F727E
:10FDA0006D6174537472203D3D204E554C4C0000E3
:10FDB00054524143455F4153534552543A2078547D
:10FDC00072616365526567697374657253747269B1
:10FDD0006E673A206C6162656C203D3D204E554C4B
:10FDE0004C00000054524143455F41535345525427
:10FDF0003A20707276547261636553746F72655401
:10FE000061736B52656164793A20496E76616C6901
:10FE1000642076616C756520666F722068616E641F
:10FE20006C6500005265636F726465722062757361
:10FE300079202D2068696768207072696F72697413
:10FE40007920495352207573696E67207379736303
:10FE5000616C6C3F2028312900000000545241435E
:10FE6000455F4153534552543A2070727654726143
:10FE7000636553746F72654C6F77506F7765723A34
:10FE800020496E76616C696420666C6167207661DA
:10FE90006C75650054524143455F4153534552547C
:10FEA0003A20707276547261636553746F72654B59
:10FEB00065726E656C43616C6C3A2065636F646556
:10FEC000203E3D2030784646000000005452414319
:10FED000455F4153534552543A20707276547261D3
:10FEE000636553746F72654B65726E656C43616CCC
:10FEF0006C3A206F626A656374436C617373203E71
:10FF00003D2054524143455F4E434C41535345536A
:10FF10000000000054524143455F41535345525441
:10FF20003A20707276547261636553746F72654BD8
:10FF300065726E656C43616C6C3A20496E76616CDB
:10FF400069642076616C756520666F72206F626AE5
:10FF50006563744E756D6265720000005265636F73
:10FF6000726465722062757379202D2068696768F4
:10FF7000207072696F7269747920495352207573C9
:10FF8000696E672073797363616C6C3F2028322936
:10FF90000000000054524143455F415353455254C1
:10FFA0003A20707276547261636553746F72654B58
:10FFB00065726E656C43616C6C57697468506172F0
:10FFC000616D3A20657674636F6465203E3D203034
:10FFD0007846460054524143455F4153534552547D
:10FFE0003A20707276547261636553746F72654B18
:10FFF00065726E656C43616C6C57697468506172B0
:020000021000EC
:10000000616D3A206F626A656374436C617373203B
:100010003E3D2054524143455F4E434C415353456E
:100020005300000054524143455F415353455254DD
:100030003A20707276547261636553746F72654BC7
:1000400065726E656C43616C6C576974685061725F
:10005000616D3A20496E76616C69642076616C75D9
:100060006520666F72206F626A6563744E756D629B
:10007000657200005265636F726465722062757309
:1000800079202D2068696768207072696F726974C1
:100090007920495352207573696E672073797363B1
:1000A000616C6C3F2028332900000000545241430A
:1000B000455F4153534552543A20707276547261F1
:1000C0006365476574506172616D3A20496E76616F
:1000D0006C69642076616C756520666F7220706152
:1000E00072616D5F6D61780054524143455F4153C9
:1000F000534552543A20707276547261636553745A
:100100006F72654B65726E656C43616C6C57697498
:10011000684E756D65726963506172616D4F6E6C8A
:10012000793A20496E76616C69642076616C7565F8
:1001300020666F7220657674636F6465000000004E
:100140005265636F726465722062757379202D2029
:1001500068696768207072696F72697479204953A1
:1001600052207573696E672073797363616C6C3F9D
:10017000202834290000000054524143455F415378
:10018000534552543A2070727654726163655374C9
:100190006F72655461736B7377697463683A204951
:1001A0006E76616C69642076616C756520666F722D
:1001B000207461736B5F68616E646C6500000000A1
:1001C00054524143455F4153534552543A20707253
:1001D00076547261636553746F72654F626A6563CA
:1001E000744E616D654F6E436C6F73654576656ED9
:1001F000743A206F626A656374636C617373203E46
:100200003D2054524143455F4E434C415353455367
:100210000000000054524143455F4153534552543E
:100220003A20707276547261636553746F72654FD1
:10023000626A6563744E616D654F6E436C6F736582
:100240004576656E743A20496E76616C69642076F5
:10025000616C756520666F722068616E646C650004
:1002600054524143455F4153534552543A207072B2
:1002700076547261636553746F72654F626A656329
:100280007450726F706572746965734F6E436C6FF2
:1002900073654576656E743A206F626A6563746350
:1002A0006C617373203E3D2054524143455F4E4381
:1002B0004C4153534553000054524143455F415311
:1002C000534552543A207072765472616365537488
:1002D0006F72654F626A65637450726F7065727495
:1002E0006965734F6E436C6F73654576656E743ADE
:1002F00020496E76616C69642076616C7565206654
:100300006F722068616E646C650000005452414356
:10031000455F4153534552543A207072765472618E
:1003200063655365745072696F7269747950726F46
:1003300070657274793A206F626A656374636C6188
:100340007373203E3D2054524143455F4E434C4120
:10035000535345530000000054524143455F4153FD
:10036000534552543A2070727654726163655365F6
:10037000745072696F7269747950726F70657274BB
:10038000793A20496E76616C69642076616C756596
:1003900020666F722069640054524143455F4153A7
:1003A000534552543A2070727654726163654765C2
:1003B000745072696F7269747950726F706572747B
:1003C000793A206F626A656374636C617373203E6F
:1003D0003D2054524143455F4E434C415353455396
:1003E0000000000054524143455F4153534552546D
:1003F0003A20707276547261636547657450726911
:100400006F7269747950726F70657274793A2049AD
:100410006E76616C69642076616C756520666F72BA
:100420002069640054524143455F4153534552543F
:100430003A2070727654726163655365744F626AD4
:1004400065637453746174653A206F626A6563749E
:10045000636C617373203E3D2054524143455F4EAF
:10046000434C41535345530054524143455F41531C
:10047000534552543A2070727654726163655365E5
:10048000744F626A65637453746174653A20496E8F
:1004900076616C69642076616C756520666F722088
:1004A0006964000054524143455F415353455254DF
:1004B0003A2070727654726163654765744F626A60
:1004C00065637453746174653A206F626A6563741E
:1004D000636C617373203E3D2054524143455F4E2F
:1004E000434C41535345530054524143455F41539C
:1004F000534552543A207072765472616365476571
:10050000744F626A65637453746174653A20496E0E
:1005100076616C69642076616C756520666F722007
:100520006964000054524143455F4153534552545E
:100530003A207072765472616365536574546173C6
:100540006B496E7374616E636546696E6973686545
:10055000643A20496E76616C69642076616C7565D9
:1005600020666F722068616E646C6500547261630E
:1005700065205265636F726465722044656D6F001B
:10058000417474656D707420746F20696E64657851
:10059000206F757473696465206576656E7420627A
:1005A000756666657221000054524143455F4153B0
:1005B000534552543A207569496E6465784F664FC9
:1005C000626A6563743A20496E76616C696420766C
:1005D000616C756520666F72206F626A6563746313
:1005E0006C6173730000000054524143455F4153F6
:1005F000534552543A207569496E6465784F664F89
:10060000626A6563743A20496E76616C696420762B
:10061000616C756520666F72206F626A65637468CD
:10062000616E646C650000004F626A6563742074DB
:1006300061626C65206C6F6F6B7570207769746890
:1006400020696E76616C6964206F626A65637420EC
:1006500068616E646C65206F72206F626A65637496
:1006600020636C617373210054524143455F4153D1
:10067000534552543A2070727654726163654765EF
:10068000744F626A65637448616E646C653A2049B0
:100690006E76616C69642076616C756520666F7238
:1006A000206F626A656374636C617373000000009D
:1006B00054524143455F4153534552543A2070725E
:1006C000765472616365467265654F626A656374EC
:1006D00048616E646C653A20496E76616C6964208D
:1006E00076616C756520666F72206F626A656374EF
:1006F000636C61737300000054524143455F415382
:10070000534552543A207072765472616365467252
:1007100065654F626A65637448616E646C653A2012
:10072000496E76616C69642076616C756520666FD0
:10073000722068616E646C6500000000417474652D
:100740006D707420746F2066726565206D6F7265C0
:100750002068616E646C6573207468616E20616CE2
:100760006C6F636174656421000000005452414362
:10077000455F4153534552543A207072765472612A
:1007800063655365744F626A6563744E616D653A63
:10079000206E616D65203D3D204E554C4C000000A3
:1007A000496C6C6567616C206F626A656374206375
:1007B0006C61737320696E20707276547261636528
:1007C0005365744F626A6563744E616D6500000025
:1007D000496C6C6567616C2068616E646C6520288B
:1007E000302920696E20707276547261636553659A
:1007F000744F626A6563744E616D652E000000007F
:1008000054524143455F4153534552543A2070720C
:100810007654726163654F70656E53796D626F6C6B
:100820003A206E616D65203D3D204E554C4C0000D8
:1008300054524143455F4153534552543A207072DC
:1008400076436865636B44617461546F42654F76AB
:1008500065727772697474656E466F724D756C74EB
:1008600069456E7472794576656E74733A206E6F61
:1008700066456E7472696573546F436865636B2077
:100880003D3D20300000000054524143455F41533C
:10089000534552543A2070727654726163654765CD
:1008A000744454533A20496E76616C6964207661D1
:1008B0006C756520666F7220706172616D5F6D612D
:1008C00078445453000000004261642070617261FA
:1008D0006D5F6D617844545320696E207072765458
:1008E0007261636547657444545300005452414338
:1008F000455F4153534552543A20707276547261A9
:1009000063654C6F6F6B757053796D626F6C54617A
:10091000626C65456E7472793A206E616D65203D3A
:100920003D204E554C4C000054524143455F4153CD
:10093000534552543A2070727654726163654C6F1D
:100940006F6B757053796D626F6C5461626C654545
:100950006E7472793A206C656E203D3D2030000047
:1009600054524143455F4153534552543A207072AB
:1009700076547261636543726561746553796D6223
:100980006F6C5461626C65456E7472793A206E6169
:100990006D65203D3D204E554C4C00005452414366
:1009A000455F4153534552543A20707276547261F8
:1009B000636543726561746553796D626F6C5461F0
:1009C000626C65456E7472793A206C656E203D3DAF
:1009D0002030000053796D626F6C207461626C6529
:1009E0002066756C6C2E20496E637265617365209C
:1009F0005452435F4346475F53594D424F4C5F54F7
:100A000041424C455F53495A4520696E20747263D8
:100A1000436F6E6669672E680000000054524143C0
:100A2000455F4153534552543A2070727654726177
:100A30006365476574436865636B73756D3A2070D1
:100A40006E616D65203D3D204E554C4C0000000010
:100A500054524143455F4153534552543A207072BA
:100A6000765472616365476574436865636B73753B
:100A70006D3A2070637263203D3D204E554C4C0012
:100A800054524143455F4153534552543A2070728A
:100A9000765472616365476574436865636B73750B
:100AA0006D3A20706C656E677468203D3D204E5530
:100AB0004C4C000049444C4500000000546D72202D
:100AC000537663001C9100001C9100001C910000F3
:100AD000AA910000749100009E9100001C910000FA
:100AE0001C910000AA9100007491000000080042CF
:100AF000000C0042001000420014004200180042A6
:100B0000001C0042090A0B0C0D0E00000AB5000083
:100B100084B5000084B5000028B5000022B50000AF
:100B20002EB5000010B5000034B500006AB5000015
:100B30006CB70000BCB70000BCB70000B8B700003D
:100B40005EB700007EB700004EB7000090B700000F
:100B5000A2B700000AB8000038B8000038B800009A
:100B600034B8000004B8000010B80000FEB7000060
:100B700016B800001CB800000100000002000000D0
:100B80000400000008000000001000000020000029
:100B90000040000000800000000001000000020092
:100BA00000000400000008000D0A0D0A2D2D2D2D57
:100BB0002D455345353136204D61696E2050726F99
:100BC0006772616D2D2D2D2D2D0D0A000D0A0D0A58
:100BD000496E697469616C697A652048572E2E2EBA
:100BE0000D0A00004572726F7220696E6974696146
:100BF0006C697A696E672049324320447269766570
:100C000072210D0A00000000496E697469616C6907
:100C10007A65642049324320447269766572210DF9
:100C20000A0000004572726F7220696E6974696112
:100C30006C697A696E6720536565736177210D0A67
:100C400000000000496E697469616C697A6564200E
:100C5000536565736177210D0A00000043616E6E74
:100C60006F742066696E6420494D55210D0A00009D
:100C7000494D5520666F756E64210D0A0000000015
:100C8000494D5520696E697469616C697A656421A2
:100C90000D0A0000436F756C64206E6F7420696EDE
:100CA000697469616C697A6520494D550D0A0000C7
:100CB00048656170206265666F7265207374617249
:100CC00074696E67207461736B733A2025640D0A32
:100CD00000000000434C495F5441534B00000000AA
:100CE0004552523A20434C49207461736B20636F24
:100CF000756C64206E6F7420626520696E6974691A
:100D0000616C697A6564210D0A00000048656170B4
:100D1000206166746572207374617274696E6720F5
:100D2000434C493A2025640D0A00000055492054DF
:100D300061736B004552523A205549207461736BC0
:100D400020636F756C64206E6F7420626520696E1D
:100D5000697469616C697A6564210D0A000000009C
:100D60004865617020616674657220737461727485
:100D7000696E67205549205461736B3A2025640DD4
:100D80000A0000004572726F72206F6E206D656DF3
:100D90006F727920616C6C6F636174696F6E206F24
:100DA0006E204652454552544F53210D0A00000013
:100DB0004572726F72206F6E20737461636B206F67
:100DC000766572666C6F77206F6E2046524545528D
:100DD000544F53210D0A0000ACC90000FCC80000AC
:100DE000FCC80000FAC800009EC900009EC90000AF
:100DF00094C90000FAC800009EC9000094C9000010
:100E00009EC90000FAC80000A4C90000A4C90000DF
:100E1000A4C9000034CA0000B8D300009AD300006F
:100E200054D3000072D2000054D300008CD30000D1
:100E300054D3000072D200009AD300009AD300006D
:100E40008CD3000072D200006AD200006AD2000087
:100E50006AD20000D0D5000018DA0000D8D800000F
:100E6000D8D80000D4D80000F0D90000F0D9000094
:100E7000E2D90000D4D80000F0D90000E2D9000087
:100E8000F0D90000D4D80000F8D90000F8D900004B
:100E9000F8D90000FCDB00000000000000000000AA
:100EA0000000000000000000000000000000000042
:100EB0000000000000000000000000000000000032
:100EC0000000000000000000000000000000000022
:100ED0000000000000000000000000000000000012
:100EE0000000000000000000000000000000000002
:100EF00000000000000000004300504F534958001C
:100F00002E00232D302B2000686C4C006566674551
:100F10004647003031323334353637383941424371
:100F20004445460030313233343536373839616222
:100F300063646566000020202020202020202028D7
:100F40002828282820202020202020202020202081
:100F500020202020202088101010101010101010B9
:100F600010101010101004040404040404040404F9
:100F70001010101010101041414141414101010178
:100F80000101010101010101010101010101010151
:100F9000011010101010104242424242420202025E
:100FA0000202020202020202020202020202020221
:100FB00002101010102000000000000000000000CF
:100FC0000000000000000000000000000000000021
:100FD0000000000000000000000000000000000011
:100FE0000000000000000000000000000000000001
:100FF00000000000000000000000000000000000F1
:1010000000000000000000000000000000000000E0
:1010100000000000000000000000000000000000D0
:1010200000000000000000000000000000000000C0
:101030000000000000000000F8B5C046F8BC08BC85
:101040009E467047DD000000F8B5C046F8BC08BCFD
:081050009E467047B500000048
:1010580001280000A52800000000000090F600000C
:10106800000000000C000020000201010200000046
:1010780001000000FFFF0100AAAAAAAA01000000BF
:101088003400002000000000B80E0100D80E010056
:10109800980E0100000000000000000000000000A1
:1010A8000000000000000000000000000000000038
:1010B8000000000000000000000000000000000028
:1010C8000000000000000000000000000000000018
:1010D8000000000000000000000000000000000008
:1010E80000000000430000000000000000000000B5
:1010F80000000000000000000000000000000000E8
:101108000000000043000000000000000000000094
:1011180000000000000000000000000000000000C7
:101128000000000043000000000000000000000074
:1011380000000000000000000000000000000000A7
:101148000000000043000000000000000000000054
:101158000000000000000000000000000000000087
:101168000000000043000000000000000000000034
:101178000000000000000000000000000000000067
:101188000000000043000000000000000000000014
:101198000000000000000000000000000000000047
:1011A80000000000430000000000000000000000F4
:1011B8000000000000000000000000000000000027
:1011C8000000000019F0000015EA0000000000000F
:1011D800350F0100000F0100070F0100070F010084
:1011E800070F0100070F0100070F0100070F01009B
:1011F800070F0100070F0100070F0100FFFFFFFFA6
:10120800FFFFFFFFFFFFFFFFFFFF0000010041534B
:1012180043494900000000000000000000000000F1
:101228000000000000000000000000000000415322
:1012380043494900000000000000000000000000D1
:101248000000000000000000000000000000000096
:040000030000C30531
:00000001FF
