
CLI_StarterCode.elf:     file format elf32-littlearm

Sections:
Idx Name          Size      VMA       LMA       File off  Algn
  0 .text         0000686c  00000000  00000000  00010000  2**4
                  CONTENTS, ALLOC, LOAD, READONLY, CODE
  1 .relocate     000001e4  20000000  0000686c  00020000  2**2
                  CONTENTS, ALLOC, LOAD, DATA
  2 .bss          000036a4  200001e4  00006a50  000201e4  2**2
                  ALLOC
  3 .stack        00002000  20003888  0000a0f4  000201e4  2**0
                  ALLOC
  4 .ARM.attributes 00000028  00000000  00000000  000201e4  2**0
                  CONTENTS, READONLY
  5 .comment      00000059  00000000  00000000  0002020c  2**0
                  CONTENTS, READONLY
  6 .debug_info   0002b80e  00000000  00000000  00020265  2**0
                  CONTENTS, READONLY, DEBUGGING
  7 .debug_abbrev 000041ab  00000000  00000000  0004ba73  2**0
                  CONTENTS, READONLY, DEBUGGING
  8 .debug_loc    00003f86  00000000  00000000  0004fc1e  2**0
                  CONTENTS, READONLY, DEBUGGING
  9 .debug_aranges 00000bc0  00000000  00000000  00053ba4  2**0
                  CONTENTS, READONLY, DEBUGGING
 10 .debug_ranges 00000a40  00000000  00000000  00054764  2**0
                  CONTENTS, READONLY, DEBUGGING
 11 .debug_macro  0001d04c  00000000  00000000  000551a4  2**0
                  CONTENTS, READONLY, DEBUGGING
 12 .debug_line   000117fa  00000000  00000000  000721f0  2**0
                  CONTENTS, READONLY, DEBUGGING
 13 .debug_str    00093604  00000000  00000000  000839ea  2**0
                  CONTENTS, READONLY, DEBUGGING
 14 .debug_frame  00002c5c  00000000  00000000  00116ff0  2**2
                  CONTENTS, READONLY, DEBUGGING

Disassembly of section .text:

00000000 <exception_table>:
       0:	88 58 00 20 01 0b 00 00 f9 0b 00 00 f9 0b 00 00     .X. ............
	...
      2c:	81 10 00 00 00 00 00 00 00 00 00 00 b1 11 00 00     ................
      3c:	f9 11 00 00 f9 0b 00 00 f9 0b 00 00 f9 0b 00 00     ................
      4c:	f9 0b 00 00 f9 0b 00 00 f9 0b 00 00 f9 0b 00 00     ................
      5c:	f9 0b 00 00 f9 0b 00 00 8d 4b 00 00 a5 4b 00 00     .........K...K..
      6c:	bd 4b 00 00 d5 4b 00 00 ed 4b 00 00 05 4c 00 00     .K...K...K...L..
      7c:	f9 0b 00 00 f9 0b 00 00 f9 0b 00 00 f9 0b 00 00     ................
      8c:	f9 0b 00 00 f9 0b 00 00 00 00 00 00 00 00 00 00     ................
      9c:	f9 0b 00 00 f9 0b 00 00 f9 0b 00 00 f9 0b 00 00     ................
      ac:	f9 0b 00 00 00 00 00 00                             ........

000000b4 <__do_global_dtors_aux>:
      b4:	b510      	push	{r4, lr}
      b6:	4c06      	ldr	r4, [pc, #24]	; (d0 <__do_global_dtors_aux+0x1c>)
      b8:	7823      	ldrb	r3, [r4, #0]
      ba:	2b00      	cmp	r3, #0
      bc:	d107      	bne.n	ce <__do_global_dtors_aux+0x1a>
      be:	4b05      	ldr	r3, [pc, #20]	; (d4 <__do_global_dtors_aux+0x20>)
      c0:	2b00      	cmp	r3, #0
      c2:	d002      	beq.n	ca <__do_global_dtors_aux+0x16>
      c4:	4804      	ldr	r0, [pc, #16]	; (d8 <__do_global_dtors_aux+0x24>)
      c6:	e000      	b.n	ca <__do_global_dtors_aux+0x16>
      c8:	bf00      	nop
      ca:	2301      	movs	r3, #1
      cc:	7023      	strb	r3, [r4, #0]
      ce:	bd10      	pop	{r4, pc}
      d0:	200001e4 	.word	0x200001e4
      d4:	00000000 	.word	0x00000000
      d8:	0000686c 	.word	0x0000686c

000000dc <frame_dummy>:
      dc:	4b08      	ldr	r3, [pc, #32]	; (100 <frame_dummy+0x24>)
      de:	b510      	push	{r4, lr}
      e0:	2b00      	cmp	r3, #0
      e2:	d003      	beq.n	ec <frame_dummy+0x10>
      e4:	4907      	ldr	r1, [pc, #28]	; (104 <frame_dummy+0x28>)
      e6:	4808      	ldr	r0, [pc, #32]	; (108 <frame_dummy+0x2c>)
      e8:	e000      	b.n	ec <frame_dummy+0x10>
      ea:	bf00      	nop
      ec:	4807      	ldr	r0, [pc, #28]	; (10c <frame_dummy+0x30>)
      ee:	6803      	ldr	r3, [r0, #0]
      f0:	2b00      	cmp	r3, #0
      f2:	d100      	bne.n	f6 <frame_dummy+0x1a>
      f4:	bd10      	pop	{r4, pc}
      f6:	4b06      	ldr	r3, [pc, #24]	; (110 <frame_dummy+0x34>)
      f8:	2b00      	cmp	r3, #0
      fa:	d0fb      	beq.n	f4 <frame_dummy+0x18>
      fc:	4798      	blx	r3
      fe:	e7f9      	b.n	f4 <frame_dummy+0x18>
     100:	00000000 	.word	0x00000000
     104:	200001e8 	.word	0x200001e8
     108:	0000686c 	.word	0x0000686c
     10c:	0000686c 	.word	0x0000686c
     110:	00000000 	.word	0x00000000

00000114 <cpu_irq_enter_critical>:
     114:	b580      	push	{r7, lr}
     116:	b082      	sub	sp, #8
     118:	af00      	add	r7, sp, #0
     11a:	4b10      	ldr	r3, [pc, #64]	; (15c <cpu_irq_enter_critical+0x48>)
     11c:	681b      	ldr	r3, [r3, #0]
     11e:	2b00      	cmp	r3, #0
     120:	d112      	bne.n	148 <cpu_irq_enter_critical+0x34>
     122:	f3ef 8310 	mrs	r3, PRIMASK
     126:	607b      	str	r3, [r7, #4]
     128:	687b      	ldr	r3, [r7, #4]
     12a:	2b00      	cmp	r3, #0
     12c:	d109      	bne.n	142 <cpu_irq_enter_critical+0x2e>
     12e:	b672      	cpsid	i
     130:	f3bf 8f5f 	dmb	sy
     134:	4b0a      	ldr	r3, [pc, #40]	; (160 <cpu_irq_enter_critical+0x4c>)
     136:	2200      	movs	r2, #0
     138:	701a      	strb	r2, [r3, #0]
     13a:	4b0a      	ldr	r3, [pc, #40]	; (164 <cpu_irq_enter_critical+0x50>)
     13c:	2201      	movs	r2, #1
     13e:	701a      	strb	r2, [r3, #0]
     140:	e002      	b.n	148 <cpu_irq_enter_critical+0x34>
     142:	4b08      	ldr	r3, [pc, #32]	; (164 <cpu_irq_enter_critical+0x50>)
     144:	2200      	movs	r2, #0
     146:	701a      	strb	r2, [r3, #0]
     148:	4b04      	ldr	r3, [pc, #16]	; (15c <cpu_irq_enter_critical+0x48>)
     14a:	681b      	ldr	r3, [r3, #0]
     14c:	1c5a      	adds	r2, r3, #1
     14e:	4b03      	ldr	r3, [pc, #12]	; (15c <cpu_irq_enter_critical+0x48>)
     150:	601a      	str	r2, [r3, #0]
     152:	46c0      	nop			; (mov r8, r8)
     154:	46bd      	mov	sp, r7
     156:	b002      	add	sp, #8
     158:	bd80      	pop	{r7, pc}
     15a:	46c0      	nop			; (mov r8, r8)
     15c:	20000200 	.word	0x20000200
     160:	20000000 	.word	0x20000000
     164:	20000204 	.word	0x20000204

00000168 <cpu_irq_leave_critical>:
     168:	b580      	push	{r7, lr}
     16a:	af00      	add	r7, sp, #0
     16c:	4b0b      	ldr	r3, [pc, #44]	; (19c <cpu_irq_leave_critical+0x34>)
     16e:	681b      	ldr	r3, [r3, #0]
     170:	1e5a      	subs	r2, r3, #1
     172:	4b0a      	ldr	r3, [pc, #40]	; (19c <cpu_irq_leave_critical+0x34>)
     174:	601a      	str	r2, [r3, #0]
     176:	4b09      	ldr	r3, [pc, #36]	; (19c <cpu_irq_leave_critical+0x34>)
     178:	681b      	ldr	r3, [r3, #0]
     17a:	2b00      	cmp	r3, #0
     17c:	d10a      	bne.n	194 <cpu_irq_leave_critical+0x2c>
     17e:	4b08      	ldr	r3, [pc, #32]	; (1a0 <cpu_irq_leave_critical+0x38>)
     180:	781b      	ldrb	r3, [r3, #0]
     182:	b2db      	uxtb	r3, r3
     184:	2b00      	cmp	r3, #0
     186:	d005      	beq.n	194 <cpu_irq_leave_critical+0x2c>
     188:	4b06      	ldr	r3, [pc, #24]	; (1a4 <cpu_irq_leave_critical+0x3c>)
     18a:	2201      	movs	r2, #1
     18c:	701a      	strb	r2, [r3, #0]
     18e:	f3bf 8f5f 	dmb	sy
     192:	b662      	cpsie	i
     194:	46c0      	nop			; (mov r8, r8)
     196:	46bd      	mov	sp, r7
     198:	bd80      	pop	{r7, pc}
     19a:	46c0      	nop			; (mov r8, r8)
     19c:	20000200 	.word	0x20000200
     1a0:	20000204 	.word	0x20000204
     1a4:	20000000 	.word	0x20000000

000001a8 <system_pinmux_get_group_from_gpio_pin>:
     1a8:	b580      	push	{r7, lr}
     1aa:	b084      	sub	sp, #16
     1ac:	af00      	add	r7, sp, #0
     1ae:	0002      	movs	r2, r0
     1b0:	1dfb      	adds	r3, r7, #7
     1b2:	701a      	strb	r2, [r3, #0]
     1b4:	230f      	movs	r3, #15
     1b6:	18fb      	adds	r3, r7, r3
     1b8:	1dfa      	adds	r2, r7, #7
     1ba:	7812      	ldrb	r2, [r2, #0]
     1bc:	09d2      	lsrs	r2, r2, #7
     1be:	701a      	strb	r2, [r3, #0]
     1c0:	230e      	movs	r3, #14
     1c2:	18fb      	adds	r3, r7, r3
     1c4:	1dfa      	adds	r2, r7, #7
     1c6:	7812      	ldrb	r2, [r2, #0]
     1c8:	0952      	lsrs	r2, r2, #5
     1ca:	701a      	strb	r2, [r3, #0]
     1cc:	4b0d      	ldr	r3, [pc, #52]	; (204 <system_pinmux_get_group_from_gpio_pin+0x5c>)
     1ce:	60bb      	str	r3, [r7, #8]
     1d0:	230f      	movs	r3, #15
     1d2:	18fb      	adds	r3, r7, r3
     1d4:	781b      	ldrb	r3, [r3, #0]
     1d6:	2b00      	cmp	r3, #0
     1d8:	d10f      	bne.n	1fa <system_pinmux_get_group_from_gpio_pin+0x52>
     1da:	230f      	movs	r3, #15
     1dc:	18fb      	adds	r3, r7, r3
     1de:	781b      	ldrb	r3, [r3, #0]
     1e0:	009b      	lsls	r3, r3, #2
     1e2:	2210      	movs	r2, #16
     1e4:	4694      	mov	ip, r2
     1e6:	44bc      	add	ip, r7
     1e8:	4463      	add	r3, ip
     1ea:	3b08      	subs	r3, #8
     1ec:	681a      	ldr	r2, [r3, #0]
     1ee:	230e      	movs	r3, #14
     1f0:	18fb      	adds	r3, r7, r3
     1f2:	781b      	ldrb	r3, [r3, #0]
     1f4:	01db      	lsls	r3, r3, #7
     1f6:	18d3      	adds	r3, r2, r3
     1f8:	e000      	b.n	1fc <system_pinmux_get_group_from_gpio_pin+0x54>
     1fa:	2300      	movs	r3, #0
     1fc:	0018      	movs	r0, r3
     1fe:	46bd      	mov	sp, r7
     200:	b004      	add	sp, #16
     202:	bd80      	pop	{r7, pc}
     204:	41004400 	.word	0x41004400

00000208 <port_get_group_from_gpio_pin>:
     208:	b580      	push	{r7, lr}
     20a:	b082      	sub	sp, #8
     20c:	af00      	add	r7, sp, #0
     20e:	0002      	movs	r2, r0
     210:	1dfb      	adds	r3, r7, #7
     212:	701a      	strb	r2, [r3, #0]
     214:	1dfb      	adds	r3, r7, #7
     216:	781b      	ldrb	r3, [r3, #0]
     218:	0018      	movs	r0, r3
     21a:	4b03      	ldr	r3, [pc, #12]	; (228 <port_get_group_from_gpio_pin+0x20>)
     21c:	4798      	blx	r3
     21e:	0003      	movs	r3, r0
     220:	0018      	movs	r0, r3
     222:	46bd      	mov	sp, r7
     224:	b002      	add	sp, #8
     226:	bd80      	pop	{r7, pc}
     228:	000001a9 	.word	0x000001a9

0000022c <port_get_config_defaults>:
     22c:	b580      	push	{r7, lr}
     22e:	b082      	sub	sp, #8
     230:	af00      	add	r7, sp, #0
     232:	6078      	str	r0, [r7, #4]
     234:	687b      	ldr	r3, [r7, #4]
     236:	2200      	movs	r2, #0
     238:	701a      	strb	r2, [r3, #0]
     23a:	687b      	ldr	r3, [r7, #4]
     23c:	2201      	movs	r2, #1
     23e:	705a      	strb	r2, [r3, #1]
     240:	687b      	ldr	r3, [r7, #4]
     242:	2200      	movs	r2, #0
     244:	709a      	strb	r2, [r3, #2]
     246:	46c0      	nop			; (mov r8, r8)
     248:	46bd      	mov	sp, r7
     24a:	b002      	add	sp, #8
     24c:	bd80      	pop	{r7, pc}
	...

00000250 <port_pin_set_output_level>:
     250:	b580      	push	{r7, lr}
     252:	b084      	sub	sp, #16
     254:	af00      	add	r7, sp, #0
     256:	0002      	movs	r2, r0
     258:	1dfb      	adds	r3, r7, #7
     25a:	701a      	strb	r2, [r3, #0]
     25c:	1dbb      	adds	r3, r7, #6
     25e:	1c0a      	adds	r2, r1, #0
     260:	701a      	strb	r2, [r3, #0]
     262:	1dfb      	adds	r3, r7, #7
     264:	781b      	ldrb	r3, [r3, #0]
     266:	0018      	movs	r0, r3
     268:	4b0d      	ldr	r3, [pc, #52]	; (2a0 <port_pin_set_output_level+0x50>)
     26a:	4798      	blx	r3
     26c:	0003      	movs	r3, r0
     26e:	60fb      	str	r3, [r7, #12]
     270:	1dfb      	adds	r3, r7, #7
     272:	781b      	ldrb	r3, [r3, #0]
     274:	221f      	movs	r2, #31
     276:	4013      	ands	r3, r2
     278:	2201      	movs	r2, #1
     27a:	409a      	lsls	r2, r3
     27c:	0013      	movs	r3, r2
     27e:	60bb      	str	r3, [r7, #8]
     280:	1dbb      	adds	r3, r7, #6
     282:	781b      	ldrb	r3, [r3, #0]
     284:	2b00      	cmp	r3, #0
     286:	d003      	beq.n	290 <port_pin_set_output_level+0x40>
     288:	68fb      	ldr	r3, [r7, #12]
     28a:	68ba      	ldr	r2, [r7, #8]
     28c:	619a      	str	r2, [r3, #24]
     28e:	e002      	b.n	296 <port_pin_set_output_level+0x46>
     290:	68fb      	ldr	r3, [r7, #12]
     292:	68ba      	ldr	r2, [r7, #8]
     294:	615a      	str	r2, [r3, #20]
     296:	46c0      	nop			; (mov r8, r8)
     298:	46bd      	mov	sp, r7
     29a:	b004      	add	sp, #16
     29c:	bd80      	pop	{r7, pc}
     29e:	46c0      	nop			; (mov r8, r8)
     2a0:	00000209 	.word	0x00000209

000002a4 <system_board_init>:
     2a4:	b580      	push	{r7, lr}
     2a6:	b082      	sub	sp, #8
     2a8:	af00      	add	r7, sp, #0
     2aa:	1d3b      	adds	r3, r7, #4
     2ac:	0018      	movs	r0, r3
     2ae:	4b0e      	ldr	r3, [pc, #56]	; (2e8 <system_board_init+0x44>)
     2b0:	4798      	blx	r3
     2b2:	1d3b      	adds	r3, r7, #4
     2b4:	2201      	movs	r2, #1
     2b6:	701a      	strb	r2, [r3, #0]
     2b8:	1d3b      	adds	r3, r7, #4
     2ba:	0019      	movs	r1, r3
     2bc:	2017      	movs	r0, #23
     2be:	4b0b      	ldr	r3, [pc, #44]	; (2ec <system_board_init+0x48>)
     2c0:	4798      	blx	r3
     2c2:	2101      	movs	r1, #1
     2c4:	2017      	movs	r0, #23
     2c6:	4b0a      	ldr	r3, [pc, #40]	; (2f0 <system_board_init+0x4c>)
     2c8:	4798      	blx	r3
     2ca:	1d3b      	adds	r3, r7, #4
     2cc:	2200      	movs	r2, #0
     2ce:	701a      	strb	r2, [r3, #0]
     2d0:	1d3b      	adds	r3, r7, #4
     2d2:	2201      	movs	r2, #1
     2d4:	705a      	strb	r2, [r3, #1]
     2d6:	1d3b      	adds	r3, r7, #4
     2d8:	0019      	movs	r1, r3
     2da:	2037      	movs	r0, #55	; 0x37
     2dc:	4b03      	ldr	r3, [pc, #12]	; (2ec <system_board_init+0x48>)
     2de:	4798      	blx	r3
     2e0:	46c0      	nop			; (mov r8, r8)
     2e2:	46bd      	mov	sp, r7
     2e4:	b002      	add	sp, #8
     2e6:	bd80      	pop	{r7, pc}
     2e8:	0000022d 	.word	0x0000022d
     2ec:	0000031d 	.word	0x0000031d
     2f0:	00000251 	.word	0x00000251

000002f4 <system_pinmux_get_config_defaults>:
     2f4:	b580      	push	{r7, lr}
     2f6:	b082      	sub	sp, #8
     2f8:	af00      	add	r7, sp, #0
     2fa:	6078      	str	r0, [r7, #4]
     2fc:	687b      	ldr	r3, [r7, #4]
     2fe:	2280      	movs	r2, #128	; 0x80
     300:	701a      	strb	r2, [r3, #0]
     302:	687b      	ldr	r3, [r7, #4]
     304:	2200      	movs	r2, #0
     306:	705a      	strb	r2, [r3, #1]
     308:	687b      	ldr	r3, [r7, #4]
     30a:	2201      	movs	r2, #1
     30c:	709a      	strb	r2, [r3, #2]
     30e:	687b      	ldr	r3, [r7, #4]
     310:	2200      	movs	r2, #0
     312:	70da      	strb	r2, [r3, #3]
     314:	46c0      	nop			; (mov r8, r8)
     316:	46bd      	mov	sp, r7
     318:	b002      	add	sp, #8
     31a:	bd80      	pop	{r7, pc}

0000031c <port_pin_set_config>:
     31c:	b580      	push	{r7, lr}
     31e:	b084      	sub	sp, #16
     320:	af00      	add	r7, sp, #0
     322:	0002      	movs	r2, r0
     324:	6039      	str	r1, [r7, #0]
     326:	1dfb      	adds	r3, r7, #7
     328:	701a      	strb	r2, [r3, #0]
     32a:	230c      	movs	r3, #12
     32c:	18fb      	adds	r3, r7, r3
     32e:	0018      	movs	r0, r3
     330:	4b10      	ldr	r3, [pc, #64]	; (374 <port_pin_set_config+0x58>)
     332:	4798      	blx	r3
     334:	230c      	movs	r3, #12
     336:	18fb      	adds	r3, r7, r3
     338:	2280      	movs	r2, #128	; 0x80
     33a:	701a      	strb	r2, [r3, #0]
     33c:	683b      	ldr	r3, [r7, #0]
     33e:	781a      	ldrb	r2, [r3, #0]
     340:	230c      	movs	r3, #12
     342:	18fb      	adds	r3, r7, r3
     344:	705a      	strb	r2, [r3, #1]
     346:	683b      	ldr	r3, [r7, #0]
     348:	785a      	ldrb	r2, [r3, #1]
     34a:	230c      	movs	r3, #12
     34c:	18fb      	adds	r3, r7, r3
     34e:	709a      	strb	r2, [r3, #2]
     350:	683b      	ldr	r3, [r7, #0]
     352:	789a      	ldrb	r2, [r3, #2]
     354:	230c      	movs	r3, #12
     356:	18fb      	adds	r3, r7, r3
     358:	70da      	strb	r2, [r3, #3]
     35a:	230c      	movs	r3, #12
     35c:	18fa      	adds	r2, r7, r3
     35e:	1dfb      	adds	r3, r7, #7
     360:	781b      	ldrb	r3, [r3, #0]
     362:	0011      	movs	r1, r2
     364:	0018      	movs	r0, r3
     366:	4b04      	ldr	r3, [pc, #16]	; (378 <port_pin_set_config+0x5c>)
     368:	4798      	blx	r3
     36a:	46c0      	nop			; (mov r8, r8)
     36c:	46bd      	mov	sp, r7
     36e:	b004      	add	sp, #16
     370:	bd80      	pop	{r7, pc}
     372:	46c0      	nop			; (mov r8, r8)
     374:	000002f5 	.word	0x000002f5
     378:	00000ab9 	.word	0x00000ab9

0000037c <system_gclk_chan_get_config_defaults>:
     37c:	b580      	push	{r7, lr}
     37e:	b082      	sub	sp, #8
     380:	af00      	add	r7, sp, #0
     382:	6078      	str	r0, [r7, #4]
     384:	687b      	ldr	r3, [r7, #4]
     386:	2200      	movs	r2, #0
     388:	701a      	strb	r2, [r3, #0]
     38a:	46c0      	nop			; (mov r8, r8)
     38c:	46bd      	mov	sp, r7
     38e:	b002      	add	sp, #8
     390:	bd80      	pop	{r7, pc}

00000392 <long_division>:
     392:	b5f0      	push	{r4, r5, r6, r7, lr}
     394:	b08d      	sub	sp, #52	; 0x34
     396:	af00      	add	r7, sp, #0
     398:	60b8      	str	r0, [r7, #8]
     39a:	60f9      	str	r1, [r7, #12]
     39c:	603a      	str	r2, [r7, #0]
     39e:	607b      	str	r3, [r7, #4]
     3a0:	2300      	movs	r3, #0
     3a2:	2400      	movs	r4, #0
     3a4:	623b      	str	r3, [r7, #32]
     3a6:	627c      	str	r4, [r7, #36]	; 0x24
     3a8:	2300      	movs	r3, #0
     3aa:	2400      	movs	r4, #0
     3ac:	61bb      	str	r3, [r7, #24]
     3ae:	61fc      	str	r4, [r7, #28]
     3b0:	233f      	movs	r3, #63	; 0x3f
     3b2:	62fb      	str	r3, [r7, #44]	; 0x2c
     3b4:	e053      	b.n	45e <long_division+0xcc>
     3b6:	6afb      	ldr	r3, [r7, #44]	; 0x2c
     3b8:	3b20      	subs	r3, #32
     3ba:	2b00      	cmp	r3, #0
     3bc:	db04      	blt.n	3c8 <long_division+0x36>
     3be:	2201      	movs	r2, #1
     3c0:	409a      	lsls	r2, r3
     3c2:	0013      	movs	r3, r2
     3c4:	617b      	str	r3, [r7, #20]
     3c6:	e00b      	b.n	3e0 <long_division+0x4e>
     3c8:	6afb      	ldr	r3, [r7, #44]	; 0x2c
     3ca:	2220      	movs	r2, #32
     3cc:	1ad3      	subs	r3, r2, r3
     3ce:	2201      	movs	r2, #1
     3d0:	40da      	lsrs	r2, r3
     3d2:	0013      	movs	r3, r2
     3d4:	2100      	movs	r1, #0
     3d6:	6afa      	ldr	r2, [r7, #44]	; 0x2c
     3d8:	4091      	lsls	r1, r2
     3da:	000a      	movs	r2, r1
     3dc:	4313      	orrs	r3, r2
     3de:	617b      	str	r3, [r7, #20]
     3e0:	2201      	movs	r2, #1
     3e2:	6afb      	ldr	r3, [r7, #44]	; 0x2c
     3e4:	409a      	lsls	r2, r3
     3e6:	0013      	movs	r3, r2
     3e8:	613b      	str	r3, [r7, #16]
     3ea:	69bb      	ldr	r3, [r7, #24]
     3ec:	69fc      	ldr	r4, [r7, #28]
     3ee:	18db      	adds	r3, r3, r3
     3f0:	4164      	adcs	r4, r4
     3f2:	61bb      	str	r3, [r7, #24]
     3f4:	61fc      	str	r4, [r7, #28]
     3f6:	68bb      	ldr	r3, [r7, #8]
     3f8:	693a      	ldr	r2, [r7, #16]
     3fa:	401a      	ands	r2, r3
     3fc:	0015      	movs	r5, r2
     3fe:	68fb      	ldr	r3, [r7, #12]
     400:	697a      	ldr	r2, [r7, #20]
     402:	401a      	ands	r2, r3
     404:	0016      	movs	r6, r2
     406:	002b      	movs	r3, r5
     408:	4333      	orrs	r3, r6
     40a:	d007      	beq.n	41c <long_division+0x8a>
     40c:	69bb      	ldr	r3, [r7, #24]
     40e:	2201      	movs	r2, #1
     410:	4313      	orrs	r3, r2
     412:	61bb      	str	r3, [r7, #24]
     414:	69fb      	ldr	r3, [r7, #28]
     416:	2200      	movs	r2, #0
     418:	4313      	orrs	r3, r2
     41a:	61fb      	str	r3, [r7, #28]
     41c:	687a      	ldr	r2, [r7, #4]
     41e:	69fb      	ldr	r3, [r7, #28]
     420:	429a      	cmp	r2, r3
     422:	d819      	bhi.n	458 <long_division+0xc6>
     424:	687a      	ldr	r2, [r7, #4]
     426:	69fb      	ldr	r3, [r7, #28]
     428:	429a      	cmp	r2, r3
     42a:	d103      	bne.n	434 <long_division+0xa2>
     42c:	683a      	ldr	r2, [r7, #0]
     42e:	69bb      	ldr	r3, [r7, #24]
     430:	429a      	cmp	r2, r3
     432:	d811      	bhi.n	458 <long_division+0xc6>
     434:	69b9      	ldr	r1, [r7, #24]
     436:	69fa      	ldr	r2, [r7, #28]
     438:	683b      	ldr	r3, [r7, #0]
     43a:	687c      	ldr	r4, [r7, #4]
     43c:	1ac9      	subs	r1, r1, r3
     43e:	41a2      	sbcs	r2, r4
     440:	000b      	movs	r3, r1
     442:	0014      	movs	r4, r2
     444:	61bb      	str	r3, [r7, #24]
     446:	61fc      	str	r4, [r7, #28]
     448:	6a3a      	ldr	r2, [r7, #32]
     44a:	693b      	ldr	r3, [r7, #16]
     44c:	4313      	orrs	r3, r2
     44e:	623b      	str	r3, [r7, #32]
     450:	6a7a      	ldr	r2, [r7, #36]	; 0x24
     452:	697b      	ldr	r3, [r7, #20]
     454:	4313      	orrs	r3, r2
     456:	627b      	str	r3, [r7, #36]	; 0x24
     458:	6afb      	ldr	r3, [r7, #44]	; 0x2c
     45a:	3b01      	subs	r3, #1
     45c:	62fb      	str	r3, [r7, #44]	; 0x2c
     45e:	6afb      	ldr	r3, [r7, #44]	; 0x2c
     460:	2b00      	cmp	r3, #0
     462:	daa8      	bge.n	3b6 <long_division+0x24>
     464:	6a3b      	ldr	r3, [r7, #32]
     466:	6a7c      	ldr	r4, [r7, #36]	; 0x24
     468:	0018      	movs	r0, r3
     46a:	0021      	movs	r1, r4
     46c:	46bd      	mov	sp, r7
     46e:	b00d      	add	sp, #52	; 0x34
     470:	bdf0      	pop	{r4, r5, r6, r7, pc}

00000472 <_sercom_get_sync_baud_val>:
     472:	b580      	push	{r7, lr}
     474:	b086      	sub	sp, #24
     476:	af00      	add	r7, sp, #0
     478:	60f8      	str	r0, [r7, #12]
     47a:	60b9      	str	r1, [r7, #8]
     47c:	607a      	str	r2, [r7, #4]
     47e:	2316      	movs	r3, #22
     480:	18fb      	adds	r3, r7, r3
     482:	2200      	movs	r2, #0
     484:	801a      	strh	r2, [r3, #0]
     486:	68bb      	ldr	r3, [r7, #8]
     488:	613b      	str	r3, [r7, #16]
     48a:	68bb      	ldr	r3, [r7, #8]
     48c:	085a      	lsrs	r2, r3, #1
     48e:	68fb      	ldr	r3, [r7, #12]
     490:	429a      	cmp	r2, r3
     492:	d201      	bcs.n	498 <_sercom_get_sync_baud_val+0x26>
     494:	2340      	movs	r3, #64	; 0x40
     496:	e026      	b.n	4e6 <_sercom_get_sync_baud_val+0x74>
     498:	68bb      	ldr	r3, [r7, #8]
     49a:	085b      	lsrs	r3, r3, #1
     49c:	613b      	str	r3, [r7, #16]
     49e:	e00a      	b.n	4b6 <_sercom_get_sync_baud_val+0x44>
     4a0:	693a      	ldr	r2, [r7, #16]
     4a2:	68fb      	ldr	r3, [r7, #12]
     4a4:	1ad3      	subs	r3, r2, r3
     4a6:	613b      	str	r3, [r7, #16]
     4a8:	2316      	movs	r3, #22
     4aa:	18fb      	adds	r3, r7, r3
     4ac:	881a      	ldrh	r2, [r3, #0]
     4ae:	2316      	movs	r3, #22
     4b0:	18fb      	adds	r3, r7, r3
     4b2:	3201      	adds	r2, #1
     4b4:	801a      	strh	r2, [r3, #0]
     4b6:	693a      	ldr	r2, [r7, #16]
     4b8:	68fb      	ldr	r3, [r7, #12]
     4ba:	429a      	cmp	r2, r3
     4bc:	d2f0      	bcs.n	4a0 <_sercom_get_sync_baud_val+0x2e>
     4be:	2316      	movs	r3, #22
     4c0:	18fb      	adds	r3, r7, r3
     4c2:	2216      	movs	r2, #22
     4c4:	18ba      	adds	r2, r7, r2
     4c6:	8812      	ldrh	r2, [r2, #0]
     4c8:	3a01      	subs	r2, #1
     4ca:	801a      	strh	r2, [r3, #0]
     4cc:	2316      	movs	r3, #22
     4ce:	18fb      	adds	r3, r7, r3
     4d0:	881b      	ldrh	r3, [r3, #0]
     4d2:	2bff      	cmp	r3, #255	; 0xff
     4d4:	d901      	bls.n	4da <_sercom_get_sync_baud_val+0x68>
     4d6:	2340      	movs	r3, #64	; 0x40
     4d8:	e005      	b.n	4e6 <_sercom_get_sync_baud_val+0x74>
     4da:	687b      	ldr	r3, [r7, #4]
     4dc:	2216      	movs	r2, #22
     4de:	18ba      	adds	r2, r7, r2
     4e0:	8812      	ldrh	r2, [r2, #0]
     4e2:	801a      	strh	r2, [r3, #0]
     4e4:	2300      	movs	r3, #0
     4e6:	0018      	movs	r0, r3
     4e8:	46bd      	mov	sp, r7
     4ea:	b006      	add	sp, #24
     4ec:	bd80      	pop	{r7, pc}
	...

000004f0 <_sercom_get_async_baud_val>:
     4f0:	b5f0      	push	{r4, r5, r6, r7, lr}
     4f2:	b0a1      	sub	sp, #132	; 0x84
     4f4:	af00      	add	r7, sp, #0
     4f6:	64f8      	str	r0, [r7, #76]	; 0x4c
     4f8:	64b9      	str	r1, [r7, #72]	; 0x48
     4fa:	647a      	str	r2, [r7, #68]	; 0x44
     4fc:	2243      	movs	r2, #67	; 0x43
     4fe:	18ba      	adds	r2, r7, r2
     500:	7013      	strb	r3, [r2, #0]
     502:	2300      	movs	r3, #0
     504:	2400      	movs	r4, #0
     506:	673b      	str	r3, [r7, #112]	; 0x70
     508:	677c      	str	r4, [r7, #116]	; 0x74
     50a:	2300      	movs	r3, #0
     50c:	2400      	movs	r4, #0
     50e:	66bb      	str	r3, [r7, #104]	; 0x68
     510:	66fc      	str	r4, [r7, #108]	; 0x6c
     512:	2300      	movs	r3, #0
     514:	2400      	movs	r4, #0
     516:	67bb      	str	r3, [r7, #120]	; 0x78
     518:	67fc      	str	r4, [r7, #124]	; 0x7c
     51a:	2300      	movs	r3, #0
     51c:	667b      	str	r3, [r7, #100]	; 0x64
     51e:	2358      	movs	r3, #88	; 0x58
     520:	2240      	movs	r2, #64	; 0x40
     522:	4694      	mov	ip, r2
     524:	44bc      	add	ip, r7
     526:	4463      	add	r3, ip
     528:	781a      	ldrb	r2, [r3, #0]
     52a:	6cfb      	ldr	r3, [r7, #76]	; 0x4c
     52c:	435a      	muls	r2, r3
     52e:	6cbb      	ldr	r3, [r7, #72]	; 0x48
     530:	429a      	cmp	r2, r3
     532:	d901      	bls.n	538 <_sercom_get_async_baud_val+0x48>
     534:	2340      	movs	r3, #64	; 0x40
     536:	e0b3      	b.n	6a0 <_sercom_get_async_baud_val+0x1b0>
     538:	2343      	movs	r3, #67	; 0x43
     53a:	18fb      	adds	r3, r7, r3
     53c:	781b      	ldrb	r3, [r3, #0]
     53e:	2b00      	cmp	r3, #0
     540:	d13d      	bne.n	5be <_sercom_get_async_baud_val+0xce>
     542:	2358      	movs	r3, #88	; 0x58
     544:	2240      	movs	r2, #64	; 0x40
     546:	4694      	mov	ip, r2
     548:	44bc      	add	ip, r7
     54a:	4463      	add	r3, ip
     54c:	781b      	ldrb	r3, [r3, #0]
     54e:	b2db      	uxtb	r3, r3
     550:	613b      	str	r3, [r7, #16]
     552:	2300      	movs	r3, #0
     554:	617b      	str	r3, [r7, #20]
     556:	6cfb      	ldr	r3, [r7, #76]	; 0x4c
     558:	60bb      	str	r3, [r7, #8]
     55a:	2300      	movs	r3, #0
     55c:	60fb      	str	r3, [r7, #12]
     55e:	4c52      	ldr	r4, [pc, #328]	; (6a8 <_sercom_get_async_baud_val+0x1b8>)
     560:	68ba      	ldr	r2, [r7, #8]
     562:	68fb      	ldr	r3, [r7, #12]
     564:	6938      	ldr	r0, [r7, #16]
     566:	6979      	ldr	r1, [r7, #20]
     568:	47a0      	blx	r4
     56a:	0003      	movs	r3, r0
     56c:	000c      	movs	r4, r1
     56e:	001b      	movs	r3, r3
     570:	65fb      	str	r3, [r7, #92]	; 0x5c
     572:	2300      	movs	r3, #0
     574:	65bb      	str	r3, [r7, #88]	; 0x58
     576:	6cbb      	ldr	r3, [r7, #72]	; 0x48
     578:	603b      	str	r3, [r7, #0]
     57a:	2300      	movs	r3, #0
     57c:	607b      	str	r3, [r7, #4]
     57e:	6db8      	ldr	r0, [r7, #88]	; 0x58
     580:	6df9      	ldr	r1, [r7, #92]	; 0x5c
     582:	683a      	ldr	r2, [r7, #0]
     584:	687b      	ldr	r3, [r7, #4]
     586:	4c49      	ldr	r4, [pc, #292]	; (6ac <_sercom_get_async_baud_val+0x1bc>)
     588:	47a0      	blx	r4
     58a:	0003      	movs	r3, r0
     58c:	000c      	movs	r4, r1
     58e:	673b      	str	r3, [r7, #112]	; 0x70
     590:	677c      	str	r4, [r7, #116]	; 0x74
     592:	2100      	movs	r1, #0
     594:	2201      	movs	r2, #1
     596:	6f3b      	ldr	r3, [r7, #112]	; 0x70
     598:	6f7c      	ldr	r4, [r7, #116]	; 0x74
     59a:	1ac9      	subs	r1, r1, r3
     59c:	41a2      	sbcs	r2, r4
     59e:	000b      	movs	r3, r1
     5a0:	0014      	movs	r4, r2
     5a2:	66bb      	str	r3, [r7, #104]	; 0x68
     5a4:	66fc      	str	r4, [r7, #108]	; 0x6c
     5a6:	6ebb      	ldr	r3, [r7, #104]	; 0x68
     5a8:	0c1b      	lsrs	r3, r3, #16
     5aa:	6efa      	ldr	r2, [r7, #108]	; 0x6c
     5ac:	0416      	lsls	r6, r2, #16
     5ae:	431e      	orrs	r6, r3
     5b0:	6ebb      	ldr	r3, [r7, #104]	; 0x68
     5b2:	041d      	lsls	r5, r3, #16
     5b4:	0033      	movs	r3, r6
     5b6:	67bb      	str	r3, [r7, #120]	; 0x78
     5b8:	2300      	movs	r3, #0
     5ba:	67fb      	str	r3, [r7, #124]	; 0x7c
     5bc:	e06a      	b.n	694 <_sercom_get_async_baud_val+0x1a4>
     5be:	2343      	movs	r3, #67	; 0x43
     5c0:	18fb      	adds	r3, r7, r3
     5c2:	781b      	ldrb	r3, [r3, #0]
     5c4:	2b01      	cmp	r3, #1
     5c6:	d165      	bne.n	694 <_sercom_get_async_baud_val+0x1a4>
     5c8:	6cfb      	ldr	r3, [r7, #76]	; 0x4c
     5ca:	633b      	str	r3, [r7, #48]	; 0x30
     5cc:	2300      	movs	r3, #0
     5ce:	637b      	str	r3, [r7, #52]	; 0x34
     5d0:	2358      	movs	r3, #88	; 0x58
     5d2:	2240      	movs	r2, #64	; 0x40
     5d4:	4694      	mov	ip, r2
     5d6:	44bc      	add	ip, r7
     5d8:	4463      	add	r3, ip
     5da:	781b      	ldrb	r3, [r3, #0]
     5dc:	b2db      	uxtb	r3, r3
     5de:	62bb      	str	r3, [r7, #40]	; 0x28
     5e0:	2300      	movs	r3, #0
     5e2:	62fb      	str	r3, [r7, #44]	; 0x2c
     5e4:	4c30      	ldr	r4, [pc, #192]	; (6a8 <_sercom_get_async_baud_val+0x1b8>)
     5e6:	6aba      	ldr	r2, [r7, #40]	; 0x28
     5e8:	6afb      	ldr	r3, [r7, #44]	; 0x2c
     5ea:	6b38      	ldr	r0, [r7, #48]	; 0x30
     5ec:	6b79      	ldr	r1, [r7, #52]	; 0x34
     5ee:	47a0      	blx	r4
     5f0:	0003      	movs	r3, r0
     5f2:	000c      	movs	r4, r1
     5f4:	65bb      	str	r3, [r7, #88]	; 0x58
     5f6:	65fc      	str	r4, [r7, #92]	; 0x5c
     5f8:	6cbb      	ldr	r3, [r7, #72]	; 0x48
     5fa:	623b      	str	r3, [r7, #32]
     5fc:	2300      	movs	r3, #0
     5fe:	627b      	str	r3, [r7, #36]	; 0x24
     600:	6dbb      	ldr	r3, [r7, #88]	; 0x58
     602:	6dfc      	ldr	r4, [r7, #92]	; 0x5c
     604:	001a      	movs	r2, r3
     606:	0023      	movs	r3, r4
     608:	6a38      	ldr	r0, [r7, #32]
     60a:	6a79      	ldr	r1, [r7, #36]	; 0x24
     60c:	4c27      	ldr	r4, [pc, #156]	; (6ac <_sercom_get_async_baud_val+0x1bc>)
     60e:	47a0      	blx	r4
     610:	0003      	movs	r3, r0
     612:	000c      	movs	r4, r1
     614:	667b      	str	r3, [r7, #100]	; 0x64
     616:	6e7a      	ldr	r2, [r7, #100]	; 0x64
     618:	2380      	movs	r3, #128	; 0x80
     61a:	019b      	lsls	r3, r3, #6
     61c:	429a      	cmp	r2, r3
     61e:	d901      	bls.n	624 <_sercom_get_async_baud_val+0x134>
     620:	2340      	movs	r3, #64	; 0x40
     622:	e03d      	b.n	6a0 <_sercom_get_async_baud_val+0x1b0>
     624:	6cbb      	ldr	r3, [r7, #72]	; 0x48
     626:	61bb      	str	r3, [r7, #24]
     628:	2300      	movs	r3, #0
     62a:	61fb      	str	r3, [r7, #28]
     62c:	69b9      	ldr	r1, [r7, #24]
     62e:	69fa      	ldr	r2, [r7, #28]
     630:	000b      	movs	r3, r1
     632:	0f5b      	lsrs	r3, r3, #29
     634:	0010      	movs	r0, r2
     636:	00c0      	lsls	r0, r0, #3
     638:	63f8      	str	r0, [r7, #60]	; 0x3c
     63a:	6bf8      	ldr	r0, [r7, #60]	; 0x3c
     63c:	4318      	orrs	r0, r3
     63e:	63f8      	str	r0, [r7, #60]	; 0x3c
     640:	000b      	movs	r3, r1
     642:	00db      	lsls	r3, r3, #3
     644:	63bb      	str	r3, [r7, #56]	; 0x38
     646:	6dbb      	ldr	r3, [r7, #88]	; 0x58
     648:	6dfc      	ldr	r4, [r7, #92]	; 0x5c
     64a:	001a      	movs	r2, r3
     64c:	0023      	movs	r3, r4
     64e:	6bb8      	ldr	r0, [r7, #56]	; 0x38
     650:	6bf9      	ldr	r1, [r7, #60]	; 0x3c
     652:	4c16      	ldr	r4, [pc, #88]	; (6ac <_sercom_get_async_baud_val+0x1bc>)
     654:	47a0      	blx	r4
     656:	0003      	movs	r3, r0
     658:	000c      	movs	r4, r1
     65a:	65bb      	str	r3, [r7, #88]	; 0x58
     65c:	65fc      	str	r4, [r7, #92]	; 0x5c
     65e:	6dbb      	ldr	r3, [r7, #88]	; 0x58
     660:	6dfc      	ldr	r4, [r7, #92]	; 0x5c
     662:	b2d9      	uxtb	r1, r3
     664:	6e7b      	ldr	r3, [r7, #100]	; 0x64
     666:	b2db      	uxtb	r3, r3
     668:	00db      	lsls	r3, r3, #3
     66a:	b2da      	uxtb	r2, r3
     66c:	2317      	movs	r3, #23
     66e:	2040      	movs	r0, #64	; 0x40
     670:	4684      	mov	ip, r0
     672:	44bc      	add	ip, r7
     674:	4463      	add	r3, ip
     676:	1a8a      	subs	r2, r1, r2
     678:	701a      	strb	r2, [r3, #0]
     67a:	2317      	movs	r3, #23
     67c:	2240      	movs	r2, #64	; 0x40
     67e:	4694      	mov	ip, r2
     680:	44bc      	add	ip, r7
     682:	4463      	add	r3, ip
     684:	781b      	ldrb	r3, [r3, #0]
     686:	035b      	lsls	r3, r3, #13
     688:	001a      	movs	r2, r3
     68a:	6e7b      	ldr	r3, [r7, #100]	; 0x64
     68c:	4313      	orrs	r3, r2
     68e:	67bb      	str	r3, [r7, #120]	; 0x78
     690:	2300      	movs	r3, #0
     692:	67fb      	str	r3, [r7, #124]	; 0x7c
     694:	6fbb      	ldr	r3, [r7, #120]	; 0x78
     696:	6ffc      	ldr	r4, [r7, #124]	; 0x7c
     698:	b29a      	uxth	r2, r3
     69a:	6c7b      	ldr	r3, [r7, #68]	; 0x44
     69c:	801a      	strh	r2, [r3, #0]
     69e:	2300      	movs	r3, #0
     6a0:	0018      	movs	r0, r3
     6a2:	46bd      	mov	sp, r7
     6a4:	b021      	add	sp, #132	; 0x84
     6a6:	bdf0      	pop	{r4, r5, r6, r7, pc}
     6a8:	000057f5 	.word	0x000057f5
     6ac:	00000393 	.word	0x00000393

000006b0 <sercom_set_gclk_generator>:
     6b0:	b580      	push	{r7, lr}
     6b2:	b084      	sub	sp, #16
     6b4:	af00      	add	r7, sp, #0
     6b6:	0002      	movs	r2, r0
     6b8:	1dfb      	adds	r3, r7, #7
     6ba:	701a      	strb	r2, [r3, #0]
     6bc:	1dbb      	adds	r3, r7, #6
     6be:	1c0a      	adds	r2, r1, #0
     6c0:	701a      	strb	r2, [r3, #0]
     6c2:	4b1a      	ldr	r3, [pc, #104]	; (72c <sercom_set_gclk_generator+0x7c>)
     6c4:	781b      	ldrb	r3, [r3, #0]
     6c6:	2201      	movs	r2, #1
     6c8:	4053      	eors	r3, r2
     6ca:	b2db      	uxtb	r3, r3
     6cc:	2b00      	cmp	r3, #0
     6ce:	d103      	bne.n	6d8 <sercom_set_gclk_generator+0x28>
     6d0:	1dbb      	adds	r3, r7, #6
     6d2:	781b      	ldrb	r3, [r3, #0]
     6d4:	2b00      	cmp	r3, #0
     6d6:	d01b      	beq.n	710 <sercom_set_gclk_generator+0x60>
     6d8:	230c      	movs	r3, #12
     6da:	18fb      	adds	r3, r7, r3
     6dc:	0018      	movs	r0, r3
     6de:	4b14      	ldr	r3, [pc, #80]	; (730 <sercom_set_gclk_generator+0x80>)
     6e0:	4798      	blx	r3
     6e2:	230c      	movs	r3, #12
     6e4:	18fb      	adds	r3, r7, r3
     6e6:	1dfa      	adds	r2, r7, #7
     6e8:	7812      	ldrb	r2, [r2, #0]
     6ea:	701a      	strb	r2, [r3, #0]
     6ec:	230c      	movs	r3, #12
     6ee:	18fb      	adds	r3, r7, r3
     6f0:	0019      	movs	r1, r3
     6f2:	2013      	movs	r0, #19
     6f4:	4b0f      	ldr	r3, [pc, #60]	; (734 <sercom_set_gclk_generator+0x84>)
     6f6:	4798      	blx	r3
     6f8:	2013      	movs	r0, #19
     6fa:	4b0f      	ldr	r3, [pc, #60]	; (738 <sercom_set_gclk_generator+0x88>)
     6fc:	4798      	blx	r3
     6fe:	4b0b      	ldr	r3, [pc, #44]	; (72c <sercom_set_gclk_generator+0x7c>)
     700:	1dfa      	adds	r2, r7, #7
     702:	7812      	ldrb	r2, [r2, #0]
     704:	705a      	strb	r2, [r3, #1]
     706:	4b09      	ldr	r3, [pc, #36]	; (72c <sercom_set_gclk_generator+0x7c>)
     708:	2201      	movs	r2, #1
     70a:	701a      	strb	r2, [r3, #0]
     70c:	2300      	movs	r3, #0
     70e:	e008      	b.n	722 <sercom_set_gclk_generator+0x72>
     710:	4b06      	ldr	r3, [pc, #24]	; (72c <sercom_set_gclk_generator+0x7c>)
     712:	785b      	ldrb	r3, [r3, #1]
     714:	1dfa      	adds	r2, r7, #7
     716:	7812      	ldrb	r2, [r2, #0]
     718:	429a      	cmp	r2, r3
     71a:	d101      	bne.n	720 <sercom_set_gclk_generator+0x70>
     71c:	2300      	movs	r3, #0
     71e:	e000      	b.n	722 <sercom_set_gclk_generator+0x72>
     720:	231d      	movs	r3, #29
     722:	0018      	movs	r0, r3
     724:	46bd      	mov	sp, r7
     726:	b004      	add	sp, #16
     728:	bd80      	pop	{r7, pc}
     72a:	46c0      	nop			; (mov r8, r8)
     72c:	20000208 	.word	0x20000208
     730:	0000037d 	.word	0x0000037d
     734:	00005391 	.word	0x00005391
     738:	000053d5 	.word	0x000053d5

0000073c <_sercom_get_default_pad>:
     73c:	b580      	push	{r7, lr}
     73e:	b082      	sub	sp, #8
     740:	af00      	add	r7, sp, #0
     742:	6078      	str	r0, [r7, #4]
     744:	000a      	movs	r2, r1
     746:	1cfb      	adds	r3, r7, #3
     748:	701a      	strb	r2, [r3, #0]
     74a:	687b      	ldr	r3, [r7, #4]
     74c:	4a4d      	ldr	r2, [pc, #308]	; (884 <_sercom_get_default_pad+0x148>)
     74e:	4293      	cmp	r3, r2
     750:	d03f      	beq.n	7d2 <_sercom_get_default_pad+0x96>
     752:	4a4c      	ldr	r2, [pc, #304]	; (884 <_sercom_get_default_pad+0x148>)
     754:	4293      	cmp	r3, r2
     756:	d806      	bhi.n	766 <_sercom_get_default_pad+0x2a>
     758:	4a4b      	ldr	r2, [pc, #300]	; (888 <_sercom_get_default_pad+0x14c>)
     75a:	4293      	cmp	r3, r2
     75c:	d00f      	beq.n	77e <_sercom_get_default_pad+0x42>
     75e:	4a4b      	ldr	r2, [pc, #300]	; (88c <_sercom_get_default_pad+0x150>)
     760:	4293      	cmp	r3, r2
     762:	d021      	beq.n	7a8 <_sercom_get_default_pad+0x6c>
     764:	e089      	b.n	87a <_sercom_get_default_pad+0x13e>
     766:	4a4a      	ldr	r2, [pc, #296]	; (890 <_sercom_get_default_pad+0x154>)
     768:	4293      	cmp	r3, r2
     76a:	d100      	bne.n	76e <_sercom_get_default_pad+0x32>
     76c:	e05b      	b.n	826 <_sercom_get_default_pad+0xea>
     76e:	4a49      	ldr	r2, [pc, #292]	; (894 <_sercom_get_default_pad+0x158>)
     770:	4293      	cmp	r3, r2
     772:	d100      	bne.n	776 <_sercom_get_default_pad+0x3a>
     774:	e06c      	b.n	850 <_sercom_get_default_pad+0x114>
     776:	4a48      	ldr	r2, [pc, #288]	; (898 <_sercom_get_default_pad+0x15c>)
     778:	4293      	cmp	r3, r2
     77a:	d03f      	beq.n	7fc <_sercom_get_default_pad+0xc0>
     77c:	e07d      	b.n	87a <_sercom_get_default_pad+0x13e>
     77e:	1cfb      	adds	r3, r7, #3
     780:	781b      	ldrb	r3, [r3, #0]
     782:	2b01      	cmp	r3, #1
     784:	d00a      	beq.n	79c <_sercom_get_default_pad+0x60>
     786:	dc02      	bgt.n	78e <_sercom_get_default_pad+0x52>
     788:	2b00      	cmp	r3, #0
     78a:	d005      	beq.n	798 <_sercom_get_default_pad+0x5c>
     78c:	e075      	b.n	87a <_sercom_get_default_pad+0x13e>
     78e:	2b02      	cmp	r3, #2
     790:	d006      	beq.n	7a0 <_sercom_get_default_pad+0x64>
     792:	2b03      	cmp	r3, #3
     794:	d006      	beq.n	7a4 <_sercom_get_default_pad+0x68>
     796:	e070      	b.n	87a <_sercom_get_default_pad+0x13e>
     798:	4b40      	ldr	r3, [pc, #256]	; (89c <_sercom_get_default_pad+0x160>)
     79a:	e06f      	b.n	87c <_sercom_get_default_pad+0x140>
     79c:	4b40      	ldr	r3, [pc, #256]	; (8a0 <_sercom_get_default_pad+0x164>)
     79e:	e06d      	b.n	87c <_sercom_get_default_pad+0x140>
     7a0:	4b40      	ldr	r3, [pc, #256]	; (8a4 <_sercom_get_default_pad+0x168>)
     7a2:	e06b      	b.n	87c <_sercom_get_default_pad+0x140>
     7a4:	4b40      	ldr	r3, [pc, #256]	; (8a8 <_sercom_get_default_pad+0x16c>)
     7a6:	e069      	b.n	87c <_sercom_get_default_pad+0x140>
     7a8:	1cfb      	adds	r3, r7, #3
     7aa:	781b      	ldrb	r3, [r3, #0]
     7ac:	2b01      	cmp	r3, #1
     7ae:	d00a      	beq.n	7c6 <_sercom_get_default_pad+0x8a>
     7b0:	dc02      	bgt.n	7b8 <_sercom_get_default_pad+0x7c>
     7b2:	2b00      	cmp	r3, #0
     7b4:	d005      	beq.n	7c2 <_sercom_get_default_pad+0x86>
     7b6:	e060      	b.n	87a <_sercom_get_default_pad+0x13e>
     7b8:	2b02      	cmp	r3, #2
     7ba:	d006      	beq.n	7ca <_sercom_get_default_pad+0x8e>
     7bc:	2b03      	cmp	r3, #3
     7be:	d006      	beq.n	7ce <_sercom_get_default_pad+0x92>
     7c0:	e05b      	b.n	87a <_sercom_get_default_pad+0x13e>
     7c2:	2303      	movs	r3, #3
     7c4:	e05a      	b.n	87c <_sercom_get_default_pad+0x140>
     7c6:	4b39      	ldr	r3, [pc, #228]	; (8ac <_sercom_get_default_pad+0x170>)
     7c8:	e058      	b.n	87c <_sercom_get_default_pad+0x140>
     7ca:	4b39      	ldr	r3, [pc, #228]	; (8b0 <_sercom_get_default_pad+0x174>)
     7cc:	e056      	b.n	87c <_sercom_get_default_pad+0x140>
     7ce:	4b39      	ldr	r3, [pc, #228]	; (8b4 <_sercom_get_default_pad+0x178>)
     7d0:	e054      	b.n	87c <_sercom_get_default_pad+0x140>
     7d2:	1cfb      	adds	r3, r7, #3
     7d4:	781b      	ldrb	r3, [r3, #0]
     7d6:	2b01      	cmp	r3, #1
     7d8:	d00a      	beq.n	7f0 <_sercom_get_default_pad+0xb4>
     7da:	dc02      	bgt.n	7e2 <_sercom_get_default_pad+0xa6>
     7dc:	2b00      	cmp	r3, #0
     7de:	d005      	beq.n	7ec <_sercom_get_default_pad+0xb0>
     7e0:	e04b      	b.n	87a <_sercom_get_default_pad+0x13e>
     7e2:	2b02      	cmp	r3, #2
     7e4:	d006      	beq.n	7f4 <_sercom_get_default_pad+0xb8>
     7e6:	2b03      	cmp	r3, #3
     7e8:	d006      	beq.n	7f8 <_sercom_get_default_pad+0xbc>
     7ea:	e046      	b.n	87a <_sercom_get_default_pad+0x13e>
     7ec:	4b32      	ldr	r3, [pc, #200]	; (8b8 <_sercom_get_default_pad+0x17c>)
     7ee:	e045      	b.n	87c <_sercom_get_default_pad+0x140>
     7f0:	4b32      	ldr	r3, [pc, #200]	; (8bc <_sercom_get_default_pad+0x180>)
     7f2:	e043      	b.n	87c <_sercom_get_default_pad+0x140>
     7f4:	4b32      	ldr	r3, [pc, #200]	; (8c0 <_sercom_get_default_pad+0x184>)
     7f6:	e041      	b.n	87c <_sercom_get_default_pad+0x140>
     7f8:	4b32      	ldr	r3, [pc, #200]	; (8c4 <_sercom_get_default_pad+0x188>)
     7fa:	e03f      	b.n	87c <_sercom_get_default_pad+0x140>
     7fc:	1cfb      	adds	r3, r7, #3
     7fe:	781b      	ldrb	r3, [r3, #0]
     800:	2b01      	cmp	r3, #1
     802:	d00a      	beq.n	81a <_sercom_get_default_pad+0xde>
     804:	dc02      	bgt.n	80c <_sercom_get_default_pad+0xd0>
     806:	2b00      	cmp	r3, #0
     808:	d005      	beq.n	816 <_sercom_get_default_pad+0xda>
     80a:	e036      	b.n	87a <_sercom_get_default_pad+0x13e>
     80c:	2b02      	cmp	r3, #2
     80e:	d006      	beq.n	81e <_sercom_get_default_pad+0xe2>
     810:	2b03      	cmp	r3, #3
     812:	d006      	beq.n	822 <_sercom_get_default_pad+0xe6>
     814:	e031      	b.n	87a <_sercom_get_default_pad+0x13e>
     816:	4b2c      	ldr	r3, [pc, #176]	; (8c8 <_sercom_get_default_pad+0x18c>)
     818:	e030      	b.n	87c <_sercom_get_default_pad+0x140>
     81a:	4b2c      	ldr	r3, [pc, #176]	; (8cc <_sercom_get_default_pad+0x190>)
     81c:	e02e      	b.n	87c <_sercom_get_default_pad+0x140>
     81e:	4b2c      	ldr	r3, [pc, #176]	; (8d0 <_sercom_get_default_pad+0x194>)
     820:	e02c      	b.n	87c <_sercom_get_default_pad+0x140>
     822:	4b2c      	ldr	r3, [pc, #176]	; (8d4 <_sercom_get_default_pad+0x198>)
     824:	e02a      	b.n	87c <_sercom_get_default_pad+0x140>
     826:	1cfb      	adds	r3, r7, #3
     828:	781b      	ldrb	r3, [r3, #0]
     82a:	2b01      	cmp	r3, #1
     82c:	d00a      	beq.n	844 <_sercom_get_default_pad+0x108>
     82e:	dc02      	bgt.n	836 <_sercom_get_default_pad+0xfa>
     830:	2b00      	cmp	r3, #0
     832:	d005      	beq.n	840 <_sercom_get_default_pad+0x104>
     834:	e021      	b.n	87a <_sercom_get_default_pad+0x13e>
     836:	2b02      	cmp	r3, #2
     838:	d006      	beq.n	848 <_sercom_get_default_pad+0x10c>
     83a:	2b03      	cmp	r3, #3
     83c:	d006      	beq.n	84c <_sercom_get_default_pad+0x110>
     83e:	e01c      	b.n	87a <_sercom_get_default_pad+0x13e>
     840:	4b25      	ldr	r3, [pc, #148]	; (8d8 <_sercom_get_default_pad+0x19c>)
     842:	e01b      	b.n	87c <_sercom_get_default_pad+0x140>
     844:	4b25      	ldr	r3, [pc, #148]	; (8dc <_sercom_get_default_pad+0x1a0>)
     846:	e019      	b.n	87c <_sercom_get_default_pad+0x140>
     848:	4b25      	ldr	r3, [pc, #148]	; (8e0 <_sercom_get_default_pad+0x1a4>)
     84a:	e017      	b.n	87c <_sercom_get_default_pad+0x140>
     84c:	4b25      	ldr	r3, [pc, #148]	; (8e4 <_sercom_get_default_pad+0x1a8>)
     84e:	e015      	b.n	87c <_sercom_get_default_pad+0x140>
     850:	1cfb      	adds	r3, r7, #3
     852:	781b      	ldrb	r3, [r3, #0]
     854:	2b01      	cmp	r3, #1
     856:	d00a      	beq.n	86e <_sercom_get_default_pad+0x132>
     858:	dc02      	bgt.n	860 <_sercom_get_default_pad+0x124>
     85a:	2b00      	cmp	r3, #0
     85c:	d005      	beq.n	86a <_sercom_get_default_pad+0x12e>
     85e:	e00c      	b.n	87a <_sercom_get_default_pad+0x13e>
     860:	2b02      	cmp	r3, #2
     862:	d006      	beq.n	872 <_sercom_get_default_pad+0x136>
     864:	2b03      	cmp	r3, #3
     866:	d006      	beq.n	876 <_sercom_get_default_pad+0x13a>
     868:	e007      	b.n	87a <_sercom_get_default_pad+0x13e>
     86a:	4b1f      	ldr	r3, [pc, #124]	; (8e8 <_sercom_get_default_pad+0x1ac>)
     86c:	e006      	b.n	87c <_sercom_get_default_pad+0x140>
     86e:	4b1f      	ldr	r3, [pc, #124]	; (8ec <_sercom_get_default_pad+0x1b0>)
     870:	e004      	b.n	87c <_sercom_get_default_pad+0x140>
     872:	4b1f      	ldr	r3, [pc, #124]	; (8f0 <_sercom_get_default_pad+0x1b4>)
     874:	e002      	b.n	87c <_sercom_get_default_pad+0x140>
     876:	4b1f      	ldr	r3, [pc, #124]	; (8f4 <_sercom_get_default_pad+0x1b8>)
     878:	e000      	b.n	87c <_sercom_get_default_pad+0x140>
     87a:	2300      	movs	r3, #0
     87c:	0018      	movs	r0, r3
     87e:	46bd      	mov	sp, r7
     880:	b002      	add	sp, #8
     882:	bd80      	pop	{r7, pc}
     884:	42001000 	.word	0x42001000
     888:	42000800 	.word	0x42000800
     88c:	42000c00 	.word	0x42000c00
     890:	42001800 	.word	0x42001800
     894:	42001c00 	.word	0x42001c00
     898:	42001400 	.word	0x42001400
     89c:	00040003 	.word	0x00040003
     8a0:	00050003 	.word	0x00050003
     8a4:	00060003 	.word	0x00060003
     8a8:	00070003 	.word	0x00070003
     8ac:	00010003 	.word	0x00010003
     8b0:	001e0003 	.word	0x001e0003
     8b4:	001f0003 	.word	0x001f0003
     8b8:	00080003 	.word	0x00080003
     8bc:	00090003 	.word	0x00090003
     8c0:	000a0003 	.word	0x000a0003
     8c4:	000b0003 	.word	0x000b0003
     8c8:	00100003 	.word	0x00100003
     8cc:	00110003 	.word	0x00110003
     8d0:	00120003 	.word	0x00120003
     8d4:	00130003 	.word	0x00130003
     8d8:	000c0003 	.word	0x000c0003
     8dc:	000d0003 	.word	0x000d0003
     8e0:	000e0003 	.word	0x000e0003
     8e4:	000f0003 	.word	0x000f0003
     8e8:	00160003 	.word	0x00160003
     8ec:	00170003 	.word	0x00170003
     8f0:	00180003 	.word	0x00180003
     8f4:	00190003 	.word	0x00190003

000008f8 <_sercom_get_sercom_inst_index>:
     8f8:	b590      	push	{r4, r7, lr}
     8fa:	b08b      	sub	sp, #44	; 0x2c
     8fc:	af00      	add	r7, sp, #0
     8fe:	6078      	str	r0, [r7, #4]
     900:	230c      	movs	r3, #12
     902:	18fb      	adds	r3, r7, r3
     904:	4a0f      	ldr	r2, [pc, #60]	; (944 <_sercom_get_sercom_inst_index+0x4c>)
     906:	ca13      	ldmia	r2!, {r0, r1, r4}
     908:	c313      	stmia	r3!, {r0, r1, r4}
     90a:	ca13      	ldmia	r2!, {r0, r1, r4}
     90c:	c313      	stmia	r3!, {r0, r1, r4}
     90e:	2300      	movs	r3, #0
     910:	627b      	str	r3, [r7, #36]	; 0x24
     912:	e00e      	b.n	932 <_sercom_get_sercom_inst_index+0x3a>
     914:	230c      	movs	r3, #12
     916:	18fb      	adds	r3, r7, r3
     918:	6a7a      	ldr	r2, [r7, #36]	; 0x24
     91a:	0092      	lsls	r2, r2, #2
     91c:	58d3      	ldr	r3, [r2, r3]
     91e:	001a      	movs	r2, r3
     920:	687b      	ldr	r3, [r7, #4]
     922:	429a      	cmp	r2, r3
     924:	d102      	bne.n	92c <_sercom_get_sercom_inst_index+0x34>
     926:	6a7b      	ldr	r3, [r7, #36]	; 0x24
     928:	b2db      	uxtb	r3, r3
     92a:	e006      	b.n	93a <_sercom_get_sercom_inst_index+0x42>
     92c:	6a7b      	ldr	r3, [r7, #36]	; 0x24
     92e:	3301      	adds	r3, #1
     930:	627b      	str	r3, [r7, #36]	; 0x24
     932:	6a7b      	ldr	r3, [r7, #36]	; 0x24
     934:	2b05      	cmp	r3, #5
     936:	d9ed      	bls.n	914 <_sercom_get_sercom_inst_index+0x1c>
     938:	2300      	movs	r3, #0
     93a:	0018      	movs	r0, r3
     93c:	46bd      	mov	sp, r7
     93e:	b00b      	add	sp, #44	; 0x2c
     940:	bd90      	pop	{r4, r7, pc}
     942:	46c0      	nop			; (mov r8, r8)
     944:	00006294 	.word	0x00006294

00000948 <system_pinmux_get_group_from_gpio_pin>:
     948:	b580      	push	{r7, lr}
     94a:	b084      	sub	sp, #16
     94c:	af00      	add	r7, sp, #0
     94e:	0002      	movs	r2, r0
     950:	1dfb      	adds	r3, r7, #7
     952:	701a      	strb	r2, [r3, #0]
     954:	230f      	movs	r3, #15
     956:	18fb      	adds	r3, r7, r3
     958:	1dfa      	adds	r2, r7, #7
     95a:	7812      	ldrb	r2, [r2, #0]
     95c:	09d2      	lsrs	r2, r2, #7
     95e:	701a      	strb	r2, [r3, #0]
     960:	230e      	movs	r3, #14
     962:	18fb      	adds	r3, r7, r3
     964:	1dfa      	adds	r2, r7, #7
     966:	7812      	ldrb	r2, [r2, #0]
     968:	0952      	lsrs	r2, r2, #5
     96a:	701a      	strb	r2, [r3, #0]
     96c:	4b0d      	ldr	r3, [pc, #52]	; (9a4 <system_pinmux_get_group_from_gpio_pin+0x5c>)
     96e:	60bb      	str	r3, [r7, #8]
     970:	230f      	movs	r3, #15
     972:	18fb      	adds	r3, r7, r3
     974:	781b      	ldrb	r3, [r3, #0]
     976:	2b00      	cmp	r3, #0
     978:	d10f      	bne.n	99a <system_pinmux_get_group_from_gpio_pin+0x52>
     97a:	230f      	movs	r3, #15
     97c:	18fb      	adds	r3, r7, r3
     97e:	781b      	ldrb	r3, [r3, #0]
     980:	009b      	lsls	r3, r3, #2
     982:	2210      	movs	r2, #16
     984:	4694      	mov	ip, r2
     986:	44bc      	add	ip, r7
     988:	4463      	add	r3, ip
     98a:	3b08      	subs	r3, #8
     98c:	681a      	ldr	r2, [r3, #0]
     98e:	230e      	movs	r3, #14
     990:	18fb      	adds	r3, r7, r3
     992:	781b      	ldrb	r3, [r3, #0]
     994:	01db      	lsls	r3, r3, #7
     996:	18d3      	adds	r3, r2, r3
     998:	e000      	b.n	99c <system_pinmux_get_group_from_gpio_pin+0x54>
     99a:	2300      	movs	r3, #0
     99c:	0018      	movs	r0, r3
     99e:	46bd      	mov	sp, r7
     9a0:	b004      	add	sp, #16
     9a2:	bd80      	pop	{r7, pc}
     9a4:	41004400 	.word	0x41004400

000009a8 <_system_pinmux_config>:
     9a8:	b580      	push	{r7, lr}
     9aa:	b088      	sub	sp, #32
     9ac:	af00      	add	r7, sp, #0
     9ae:	60f8      	str	r0, [r7, #12]
     9b0:	60b9      	str	r1, [r7, #8]
     9b2:	607a      	str	r2, [r7, #4]
     9b4:	2300      	movs	r3, #0
     9b6:	61fb      	str	r3, [r7, #28]
     9b8:	687b      	ldr	r3, [r7, #4]
     9ba:	78db      	ldrb	r3, [r3, #3]
     9bc:	2201      	movs	r2, #1
     9be:	4053      	eors	r3, r2
     9c0:	b2db      	uxtb	r3, r3
     9c2:	2b00      	cmp	r3, #0
     9c4:	d035      	beq.n	a32 <_system_pinmux_config+0x8a>
     9c6:	687b      	ldr	r3, [r7, #4]
     9c8:	781b      	ldrb	r3, [r3, #0]
     9ca:	2b80      	cmp	r3, #128	; 0x80
     9cc:	d00b      	beq.n	9e6 <_system_pinmux_config+0x3e>
     9ce:	69fb      	ldr	r3, [r7, #28]
     9d0:	2280      	movs	r2, #128	; 0x80
     9d2:	0252      	lsls	r2, r2, #9
     9d4:	4313      	orrs	r3, r2
     9d6:	61fb      	str	r3, [r7, #28]
     9d8:	687b      	ldr	r3, [r7, #4]
     9da:	781b      	ldrb	r3, [r3, #0]
     9dc:	061b      	lsls	r3, r3, #24
     9de:	001a      	movs	r2, r3
     9e0:	69fb      	ldr	r3, [r7, #28]
     9e2:	4313      	orrs	r3, r2
     9e4:	61fb      	str	r3, [r7, #28]
     9e6:	687b      	ldr	r3, [r7, #4]
     9e8:	785b      	ldrb	r3, [r3, #1]
     9ea:	2b00      	cmp	r3, #0
     9ec:	d003      	beq.n	9f6 <_system_pinmux_config+0x4e>
     9ee:	687b      	ldr	r3, [r7, #4]
     9f0:	785b      	ldrb	r3, [r3, #1]
     9f2:	2b02      	cmp	r3, #2
     9f4:	d110      	bne.n	a18 <_system_pinmux_config+0x70>
     9f6:	69fb      	ldr	r3, [r7, #28]
     9f8:	2280      	movs	r2, #128	; 0x80
     9fa:	0292      	lsls	r2, r2, #10
     9fc:	4313      	orrs	r3, r2
     9fe:	61fb      	str	r3, [r7, #28]
     a00:	687b      	ldr	r3, [r7, #4]
     a02:	789b      	ldrb	r3, [r3, #2]
     a04:	2b00      	cmp	r3, #0
     a06:	d004      	beq.n	a12 <_system_pinmux_config+0x6a>
     a08:	69fb      	ldr	r3, [r7, #28]
     a0a:	2280      	movs	r2, #128	; 0x80
     a0c:	02d2      	lsls	r2, r2, #11
     a0e:	4313      	orrs	r3, r2
     a10:	61fb      	str	r3, [r7, #28]
     a12:	68fb      	ldr	r3, [r7, #12]
     a14:	68ba      	ldr	r2, [r7, #8]
     a16:	605a      	str	r2, [r3, #4]
     a18:	687b      	ldr	r3, [r7, #4]
     a1a:	785b      	ldrb	r3, [r3, #1]
     a1c:	2b01      	cmp	r3, #1
     a1e:	d003      	beq.n	a28 <_system_pinmux_config+0x80>
     a20:	687b      	ldr	r3, [r7, #4]
     a22:	785b      	ldrb	r3, [r3, #1]
     a24:	2b02      	cmp	r3, #2
     a26:	d107      	bne.n	a38 <_system_pinmux_config+0x90>
     a28:	69fb      	ldr	r3, [r7, #28]
     a2a:	4a22      	ldr	r2, [pc, #136]	; (ab4 <_system_pinmux_config+0x10c>)
     a2c:	4013      	ands	r3, r2
     a2e:	61fb      	str	r3, [r7, #28]
     a30:	e002      	b.n	a38 <_system_pinmux_config+0x90>
     a32:	68fb      	ldr	r3, [r7, #12]
     a34:	68ba      	ldr	r2, [r7, #8]
     a36:	605a      	str	r2, [r3, #4]
     a38:	68bb      	ldr	r3, [r7, #8]
     a3a:	041b      	lsls	r3, r3, #16
     a3c:	0c1b      	lsrs	r3, r3, #16
     a3e:	61bb      	str	r3, [r7, #24]
     a40:	68bb      	ldr	r3, [r7, #8]
     a42:	0c1b      	lsrs	r3, r3, #16
     a44:	617b      	str	r3, [r7, #20]
     a46:	69ba      	ldr	r2, [r7, #24]
     a48:	69fb      	ldr	r3, [r7, #28]
     a4a:	4313      	orrs	r3, r2
     a4c:	22a0      	movs	r2, #160	; 0xa0
     a4e:	05d2      	lsls	r2, r2, #23
     a50:	431a      	orrs	r2, r3
     a52:	68fb      	ldr	r3, [r7, #12]
     a54:	629a      	str	r2, [r3, #40]	; 0x28
     a56:	697a      	ldr	r2, [r7, #20]
     a58:	69fb      	ldr	r3, [r7, #28]
     a5a:	4313      	orrs	r3, r2
     a5c:	22d0      	movs	r2, #208	; 0xd0
     a5e:	0612      	lsls	r2, r2, #24
     a60:	431a      	orrs	r2, r3
     a62:	68fb      	ldr	r3, [r7, #12]
     a64:	629a      	str	r2, [r3, #40]	; 0x28
     a66:	687b      	ldr	r3, [r7, #4]
     a68:	78db      	ldrb	r3, [r3, #3]
     a6a:	2201      	movs	r2, #1
     a6c:	4053      	eors	r3, r2
     a6e:	b2db      	uxtb	r3, r3
     a70:	2b00      	cmp	r3, #0
     a72:	d01a      	beq.n	aaa <_system_pinmux_config+0x102>
     a74:	69fa      	ldr	r2, [r7, #28]
     a76:	2380      	movs	r3, #128	; 0x80
     a78:	02db      	lsls	r3, r3, #11
     a7a:	4013      	ands	r3, r2
     a7c:	d00a      	beq.n	a94 <_system_pinmux_config+0xec>
     a7e:	687b      	ldr	r3, [r7, #4]
     a80:	789b      	ldrb	r3, [r3, #2]
     a82:	2b01      	cmp	r3, #1
     a84:	d103      	bne.n	a8e <_system_pinmux_config+0xe6>
     a86:	68fb      	ldr	r3, [r7, #12]
     a88:	68ba      	ldr	r2, [r7, #8]
     a8a:	619a      	str	r2, [r3, #24]
     a8c:	e002      	b.n	a94 <_system_pinmux_config+0xec>
     a8e:	68fb      	ldr	r3, [r7, #12]
     a90:	68ba      	ldr	r2, [r7, #8]
     a92:	615a      	str	r2, [r3, #20]
     a94:	687b      	ldr	r3, [r7, #4]
     a96:	785b      	ldrb	r3, [r3, #1]
     a98:	2b01      	cmp	r3, #1
     a9a:	d003      	beq.n	aa4 <_system_pinmux_config+0xfc>
     a9c:	687b      	ldr	r3, [r7, #4]
     a9e:	785b      	ldrb	r3, [r3, #1]
     aa0:	2b02      	cmp	r3, #2
     aa2:	d102      	bne.n	aaa <_system_pinmux_config+0x102>
     aa4:	68fb      	ldr	r3, [r7, #12]
     aa6:	68ba      	ldr	r2, [r7, #8]
     aa8:	609a      	str	r2, [r3, #8]
     aaa:	46c0      	nop			; (mov r8, r8)
     aac:	46bd      	mov	sp, r7
     aae:	b008      	add	sp, #32
     ab0:	bd80      	pop	{r7, pc}
     ab2:	46c0      	nop			; (mov r8, r8)
     ab4:	fffbffff 	.word	0xfffbffff

00000ab8 <system_pinmux_pin_set_config>:
     ab8:	b580      	push	{r7, lr}
     aba:	b084      	sub	sp, #16
     abc:	af00      	add	r7, sp, #0
     abe:	0002      	movs	r2, r0
     ac0:	6039      	str	r1, [r7, #0]
     ac2:	1dfb      	adds	r3, r7, #7
     ac4:	701a      	strb	r2, [r3, #0]
     ac6:	1dfb      	adds	r3, r7, #7
     ac8:	781b      	ldrb	r3, [r3, #0]
     aca:	0018      	movs	r0, r3
     acc:	4b0a      	ldr	r3, [pc, #40]	; (af8 <system_pinmux_pin_set_config+0x40>)
     ace:	4798      	blx	r3
     ad0:	0003      	movs	r3, r0
     ad2:	60fb      	str	r3, [r7, #12]
     ad4:	1dfb      	adds	r3, r7, #7
     ad6:	781b      	ldrb	r3, [r3, #0]
     ad8:	221f      	movs	r2, #31
     ada:	4013      	ands	r3, r2
     adc:	2201      	movs	r2, #1
     ade:	409a      	lsls	r2, r3
     ae0:	0013      	movs	r3, r2
     ae2:	60bb      	str	r3, [r7, #8]
     ae4:	683a      	ldr	r2, [r7, #0]
     ae6:	68b9      	ldr	r1, [r7, #8]
     ae8:	68fb      	ldr	r3, [r7, #12]
     aea:	0018      	movs	r0, r3
     aec:	4b03      	ldr	r3, [pc, #12]	; (afc <system_pinmux_pin_set_config+0x44>)
     aee:	4798      	blx	r3
     af0:	46c0      	nop			; (mov r8, r8)
     af2:	46bd      	mov	sp, r7
     af4:	b004      	add	sp, #16
     af6:	bd80      	pop	{r7, pc}
     af8:	00000949 	.word	0x00000949
     afc:	000009a9 	.word	0x000009a9

00000b00 <Reset_Handler>:
     b00:	b580      	push	{r7, lr}
     b02:	b082      	sub	sp, #8
     b04:	af00      	add	r7, sp, #0
     b06:	4b2f      	ldr	r3, [pc, #188]	; (bc4 <Reset_Handler+0xc4>)
     b08:	607b      	str	r3, [r7, #4]
     b0a:	4b2f      	ldr	r3, [pc, #188]	; (bc8 <Reset_Handler+0xc8>)
     b0c:	603b      	str	r3, [r7, #0]
     b0e:	687a      	ldr	r2, [r7, #4]
     b10:	683b      	ldr	r3, [r7, #0]
     b12:	429a      	cmp	r2, r3
     b14:	d00c      	beq.n	b30 <Reset_Handler+0x30>
     b16:	e007      	b.n	b28 <Reset_Handler+0x28>
     b18:	683b      	ldr	r3, [r7, #0]
     b1a:	1d1a      	adds	r2, r3, #4
     b1c:	603a      	str	r2, [r7, #0]
     b1e:	687a      	ldr	r2, [r7, #4]
     b20:	1d11      	adds	r1, r2, #4
     b22:	6079      	str	r1, [r7, #4]
     b24:	6812      	ldr	r2, [r2, #0]
     b26:	601a      	str	r2, [r3, #0]
     b28:	683a      	ldr	r2, [r7, #0]
     b2a:	4b28      	ldr	r3, [pc, #160]	; (bcc <Reset_Handler+0xcc>)
     b2c:	429a      	cmp	r2, r3
     b2e:	d3f3      	bcc.n	b18 <Reset_Handler+0x18>
     b30:	4b27      	ldr	r3, [pc, #156]	; (bd0 <Reset_Handler+0xd0>)
     b32:	603b      	str	r3, [r7, #0]
     b34:	e004      	b.n	b40 <Reset_Handler+0x40>
     b36:	683b      	ldr	r3, [r7, #0]
     b38:	1d1a      	adds	r2, r3, #4
     b3a:	603a      	str	r2, [r7, #0]
     b3c:	2200      	movs	r2, #0
     b3e:	601a      	str	r2, [r3, #0]
     b40:	683a      	ldr	r2, [r7, #0]
     b42:	4b24      	ldr	r3, [pc, #144]	; (bd4 <Reset_Handler+0xd4>)
     b44:	429a      	cmp	r2, r3
     b46:	d3f6      	bcc.n	b36 <Reset_Handler+0x36>
     b48:	4b23      	ldr	r3, [pc, #140]	; (bd8 <Reset_Handler+0xd8>)
     b4a:	607b      	str	r3, [r7, #4]
     b4c:	4b23      	ldr	r3, [pc, #140]	; (bdc <Reset_Handler+0xdc>)
     b4e:	687a      	ldr	r2, [r7, #4]
     b50:	21ff      	movs	r1, #255	; 0xff
     b52:	438a      	bics	r2, r1
     b54:	609a      	str	r2, [r3, #8]
     b56:	4a22      	ldr	r2, [pc, #136]	; (be0 <Reset_Handler+0xe0>)
     b58:	2390      	movs	r3, #144	; 0x90
     b5a:	005b      	lsls	r3, r3, #1
     b5c:	2102      	movs	r1, #2
     b5e:	50d1      	str	r1, [r2, r3]
     b60:	4a20      	ldr	r2, [pc, #128]	; (be4 <Reset_Handler+0xe4>)
     b62:	78d3      	ldrb	r3, [r2, #3]
     b64:	2103      	movs	r1, #3
     b66:	438b      	bics	r3, r1
     b68:	1c19      	adds	r1, r3, #0
     b6a:	2302      	movs	r3, #2
     b6c:	430b      	orrs	r3, r1
     b6e:	70d3      	strb	r3, [r2, #3]
     b70:	4a1c      	ldr	r2, [pc, #112]	; (be4 <Reset_Handler+0xe4>)
     b72:	78d3      	ldrb	r3, [r2, #3]
     b74:	210c      	movs	r1, #12
     b76:	438b      	bics	r3, r1
     b78:	1c19      	adds	r1, r3, #0
     b7a:	2308      	movs	r3, #8
     b7c:	430b      	orrs	r3, r1
     b7e:	70d3      	strb	r3, [r2, #3]
     b80:	4a19      	ldr	r2, [pc, #100]	; (be8 <Reset_Handler+0xe8>)
     b82:	7b93      	ldrb	r3, [r2, #14]
     b84:	2130      	movs	r1, #48	; 0x30
     b86:	438b      	bics	r3, r1
     b88:	1c19      	adds	r1, r3, #0
     b8a:	2320      	movs	r3, #32
     b8c:	430b      	orrs	r3, r1
     b8e:	7393      	strb	r3, [r2, #14]
     b90:	4a15      	ldr	r2, [pc, #84]	; (be8 <Reset_Handler+0xe8>)
     b92:	7b93      	ldrb	r3, [r2, #14]
     b94:	210c      	movs	r1, #12
     b96:	438b      	bics	r3, r1
     b98:	1c19      	adds	r1, r3, #0
     b9a:	2308      	movs	r3, #8
     b9c:	430b      	orrs	r3, r1
     b9e:	7393      	strb	r3, [r2, #14]
     ba0:	4a11      	ldr	r2, [pc, #68]	; (be8 <Reset_Handler+0xe8>)
     ba2:	7b93      	ldrb	r3, [r2, #14]
     ba4:	2103      	movs	r1, #3
     ba6:	438b      	bics	r3, r1
     ba8:	1c19      	adds	r1, r3, #0
     baa:	2302      	movs	r3, #2
     bac:	430b      	orrs	r3, r1
     bae:	7393      	strb	r3, [r2, #14]
     bb0:	4a0e      	ldr	r2, [pc, #56]	; (bec <Reset_Handler+0xec>)
     bb2:	6853      	ldr	r3, [r2, #4]
     bb4:	2180      	movs	r1, #128	; 0x80
     bb6:	430b      	orrs	r3, r1
     bb8:	6053      	str	r3, [r2, #4]
     bba:	4b0d      	ldr	r3, [pc, #52]	; (bf0 <Reset_Handler+0xf0>)
     bbc:	4798      	blx	r3
     bbe:	4b0d      	ldr	r3, [pc, #52]	; (bf4 <Reset_Handler+0xf4>)
     bc0:	4798      	blx	r3
     bc2:	e7fe      	b.n	bc2 <Reset_Handler+0xc2>
     bc4:	0000686c 	.word	0x0000686c
     bc8:	20000000 	.word	0x20000000
     bcc:	200001e4 	.word	0x200001e4
     bd0:	200001e4 	.word	0x200001e4
     bd4:	20003888 	.word	0x20003888
     bd8:	00000000 	.word	0x00000000
     bdc:	e000ed00 	.word	0xe000ed00
     be0:	41007000 	.word	0x41007000
     be4:	41005000 	.word	0x41005000
     be8:	41004800 	.word	0x41004800
     bec:	41004000 	.word	0x41004000
     bf0:	00005849 	.word	0x00005849
     bf4:	00005569 	.word	0x00005569

00000bf8 <Dummy_Handler>:
     bf8:	b580      	push	{r7, lr}
     bfa:	af00      	add	r7, sp, #0
     bfc:	e7fe      	b.n	bfc <Dummy_Handler+0x4>
	...

00000c00 <_sbrk>:
     c00:	b580      	push	{r7, lr}
     c02:	b084      	sub	sp, #16
     c04:	af00      	add	r7, sp, #0
     c06:	6078      	str	r0, [r7, #4]
     c08:	4b0a      	ldr	r3, [pc, #40]	; (c34 <_sbrk+0x34>)
     c0a:	681b      	ldr	r3, [r3, #0]
     c0c:	2b00      	cmp	r3, #0
     c0e:	d102      	bne.n	c16 <_sbrk+0x16>
     c10:	4b08      	ldr	r3, [pc, #32]	; (c34 <_sbrk+0x34>)
     c12:	4a09      	ldr	r2, [pc, #36]	; (c38 <_sbrk+0x38>)
     c14:	601a      	str	r2, [r3, #0]
     c16:	4b07      	ldr	r3, [pc, #28]	; (c34 <_sbrk+0x34>)
     c18:	681b      	ldr	r3, [r3, #0]
     c1a:	60fb      	str	r3, [r7, #12]
     c1c:	4b05      	ldr	r3, [pc, #20]	; (c34 <_sbrk+0x34>)
     c1e:	681a      	ldr	r2, [r3, #0]
     c20:	687b      	ldr	r3, [r7, #4]
     c22:	18d2      	adds	r2, r2, r3
     c24:	4b03      	ldr	r3, [pc, #12]	; (c34 <_sbrk+0x34>)
     c26:	601a      	str	r2, [r3, #0]
     c28:	68fb      	ldr	r3, [r7, #12]
     c2a:	0018      	movs	r0, r3
     c2c:	46bd      	mov	sp, r7
     c2e:	b004      	add	sp, #16
     c30:	bd80      	pop	{r7, pc}
     c32:	46c0      	nop			; (mov r8, r8)
     c34:	2000020c 	.word	0x2000020c
     c38:	20005888 	.word	0x20005888

00000c3c <FreeRTOS_CLIRegisterCommand>:
     c3c:	b580      	push	{r7, lr}
     c3e:	b084      	sub	sp, #16
     c40:	af00      	add	r7, sp, #0
     c42:	6078      	str	r0, [r7, #4]
     c44:	2300      	movs	r3, #0
     c46:	60fb      	str	r3, [r7, #12]
     c48:	687b      	ldr	r3, [r7, #4]
     c4a:	2b00      	cmp	r3, #0
     c4c:	d101      	bne.n	c52 <FreeRTOS_CLIRegisterCommand+0x16>
     c4e:	b672      	cpsid	i
     c50:	e7fe      	b.n	c50 <FreeRTOS_CLIRegisterCommand+0x14>
     c52:	2008      	movs	r0, #8
     c54:	4b11      	ldr	r3, [pc, #68]	; (c9c <FreeRTOS_CLIRegisterCommand+0x60>)
     c56:	4798      	blx	r3
     c58:	0003      	movs	r3, r0
     c5a:	60bb      	str	r3, [r7, #8]
     c5c:	68bb      	ldr	r3, [r7, #8]
     c5e:	2b00      	cmp	r3, #0
     c60:	d101      	bne.n	c66 <FreeRTOS_CLIRegisterCommand+0x2a>
     c62:	b672      	cpsid	i
     c64:	e7fe      	b.n	c64 <FreeRTOS_CLIRegisterCommand+0x28>
     c66:	68bb      	ldr	r3, [r7, #8]
     c68:	2b00      	cmp	r3, #0
     c6a:	d012      	beq.n	c92 <FreeRTOS_CLIRegisterCommand+0x56>
     c6c:	4b0c      	ldr	r3, [pc, #48]	; (ca0 <FreeRTOS_CLIRegisterCommand+0x64>)
     c6e:	4798      	blx	r3
     c70:	68bb      	ldr	r3, [r7, #8]
     c72:	687a      	ldr	r2, [r7, #4]
     c74:	601a      	str	r2, [r3, #0]
     c76:	68bb      	ldr	r3, [r7, #8]
     c78:	2200      	movs	r2, #0
     c7a:	605a      	str	r2, [r3, #4]
     c7c:	4b09      	ldr	r3, [pc, #36]	; (ca4 <FreeRTOS_CLIRegisterCommand+0x68>)
     c7e:	681b      	ldr	r3, [r3, #0]
     c80:	68ba      	ldr	r2, [r7, #8]
     c82:	605a      	str	r2, [r3, #4]
     c84:	4b07      	ldr	r3, [pc, #28]	; (ca4 <FreeRTOS_CLIRegisterCommand+0x68>)
     c86:	68ba      	ldr	r2, [r7, #8]
     c88:	601a      	str	r2, [r3, #0]
     c8a:	4b07      	ldr	r3, [pc, #28]	; (ca8 <FreeRTOS_CLIRegisterCommand+0x6c>)
     c8c:	4798      	blx	r3
     c8e:	2301      	movs	r3, #1
     c90:	60fb      	str	r3, [r7, #12]
     c92:	68fb      	ldr	r3, [r7, #12]
     c94:	0018      	movs	r0, r3
     c96:	46bd      	mov	sp, r7
     c98:	b004      	add	sp, #16
     c9a:	bd80      	pop	{r7, pc}
     c9c:	00001281 	.word	0x00001281
     ca0:	00001141 	.word	0x00001141
     ca4:	2000000c 	.word	0x2000000c
     ca8:	00001165 	.word	0x00001165

00000cac <FreeRTOS_CLIProcessCommand>:
     cac:	b580      	push	{r7, lr}
     cae:	b088      	sub	sp, #32
     cb0:	af00      	add	r7, sp, #0
     cb2:	60f8      	str	r0, [r7, #12]
     cb4:	60b9      	str	r1, [r7, #8]
     cb6:	607a      	str	r2, [r7, #4]
     cb8:	2301      	movs	r3, #1
     cba:	61fb      	str	r3, [r7, #28]
     cbc:	4b3d      	ldr	r3, [pc, #244]	; (db4 <FreeRTOS_CLIProcessCommand+0x108>)
     cbe:	681b      	ldr	r3, [r3, #0]
     cc0:	2b00      	cmp	r3, #0
     cc2:	d144      	bne.n	d4e <FreeRTOS_CLIProcessCommand+0xa2>
     cc4:	4b3b      	ldr	r3, [pc, #236]	; (db4 <FreeRTOS_CLIProcessCommand+0x108>)
     cc6:	4a3c      	ldr	r2, [pc, #240]	; (db8 <FreeRTOS_CLIProcessCommand+0x10c>)
     cc8:	601a      	str	r2, [r3, #0]
     cca:	e03a      	b.n	d42 <FreeRTOS_CLIProcessCommand+0x96>
     ccc:	4b39      	ldr	r3, [pc, #228]	; (db4 <FreeRTOS_CLIProcessCommand+0x108>)
     cce:	681b      	ldr	r3, [r3, #0]
     cd0:	681b      	ldr	r3, [r3, #0]
     cd2:	681b      	ldr	r3, [r3, #0]
     cd4:	61bb      	str	r3, [r7, #24]
     cd6:	69bb      	ldr	r3, [r7, #24]
     cd8:	0018      	movs	r0, r3
     cda:	4b38      	ldr	r3, [pc, #224]	; (dbc <FreeRTOS_CLIProcessCommand+0x110>)
     cdc:	4798      	blx	r3
     cde:	0003      	movs	r3, r0
     ce0:	617b      	str	r3, [r7, #20]
     ce2:	68fa      	ldr	r2, [r7, #12]
     ce4:	697b      	ldr	r3, [r7, #20]
     ce6:	18d3      	adds	r3, r2, r3
     ce8:	781b      	ldrb	r3, [r3, #0]
     cea:	2b20      	cmp	r3, #32
     cec:	d005      	beq.n	cfa <FreeRTOS_CLIProcessCommand+0x4e>
     cee:	68fa      	ldr	r2, [r7, #12]
     cf0:	697b      	ldr	r3, [r7, #20]
     cf2:	18d3      	adds	r3, r2, r3
     cf4:	781b      	ldrb	r3, [r3, #0]
     cf6:	2b00      	cmp	r3, #0
     cf8:	d11e      	bne.n	d38 <FreeRTOS_CLIProcessCommand+0x8c>
     cfa:	697a      	ldr	r2, [r7, #20]
     cfc:	69b9      	ldr	r1, [r7, #24]
     cfe:	68fb      	ldr	r3, [r7, #12]
     d00:	0018      	movs	r0, r3
     d02:	4b2f      	ldr	r3, [pc, #188]	; (dc0 <FreeRTOS_CLIProcessCommand+0x114>)
     d04:	4798      	blx	r3
     d06:	1e03      	subs	r3, r0, #0
     d08:	d116      	bne.n	d38 <FreeRTOS_CLIProcessCommand+0x8c>
     d0a:	4b2a      	ldr	r3, [pc, #168]	; (db4 <FreeRTOS_CLIProcessCommand+0x108>)
     d0c:	681b      	ldr	r3, [r3, #0]
     d0e:	681b      	ldr	r3, [r3, #0]
     d10:	7b1b      	ldrb	r3, [r3, #12]
     d12:	b25b      	sxtb	r3, r3
     d14:	2b00      	cmp	r3, #0
     d16:	db19      	blt.n	d4c <FreeRTOS_CLIProcessCommand+0xa0>
     d18:	68fb      	ldr	r3, [r7, #12]
     d1a:	0018      	movs	r0, r3
     d1c:	4b29      	ldr	r3, [pc, #164]	; (dc4 <FreeRTOS_CLIProcessCommand+0x118>)
     d1e:	4798      	blx	r3
     d20:	0003      	movs	r3, r0
     d22:	001a      	movs	r2, r3
     d24:	4b23      	ldr	r3, [pc, #140]	; (db4 <FreeRTOS_CLIProcessCommand+0x108>)
     d26:	681b      	ldr	r3, [r3, #0]
     d28:	681b      	ldr	r3, [r3, #0]
     d2a:	7b1b      	ldrb	r3, [r3, #12]
     d2c:	b25b      	sxtb	r3, r3
     d2e:	429a      	cmp	r2, r3
     d30:	d00c      	beq.n	d4c <FreeRTOS_CLIProcessCommand+0xa0>
     d32:	2300      	movs	r3, #0
     d34:	61fb      	str	r3, [r7, #28]
     d36:	e009      	b.n	d4c <FreeRTOS_CLIProcessCommand+0xa0>
     d38:	4b1e      	ldr	r3, [pc, #120]	; (db4 <FreeRTOS_CLIProcessCommand+0x108>)
     d3a:	681b      	ldr	r3, [r3, #0]
     d3c:	685a      	ldr	r2, [r3, #4]
     d3e:	4b1d      	ldr	r3, [pc, #116]	; (db4 <FreeRTOS_CLIProcessCommand+0x108>)
     d40:	601a      	str	r2, [r3, #0]
     d42:	4b1c      	ldr	r3, [pc, #112]	; (db4 <FreeRTOS_CLIProcessCommand+0x108>)
     d44:	681b      	ldr	r3, [r3, #0]
     d46:	2b00      	cmp	r3, #0
     d48:	d1c0      	bne.n	ccc <FreeRTOS_CLIProcessCommand+0x20>
     d4a:	e000      	b.n	d4e <FreeRTOS_CLIProcessCommand+0xa2>
     d4c:	46c0      	nop			; (mov r8, r8)
     d4e:	4b19      	ldr	r3, [pc, #100]	; (db4 <FreeRTOS_CLIProcessCommand+0x108>)
     d50:	681b      	ldr	r3, [r3, #0]
     d52:	2b00      	cmp	r3, #0
     d54:	d00c      	beq.n	d70 <FreeRTOS_CLIProcessCommand+0xc4>
     d56:	69fb      	ldr	r3, [r7, #28]
     d58:	2b00      	cmp	r3, #0
     d5a:	d109      	bne.n	d70 <FreeRTOS_CLIProcessCommand+0xc4>
     d5c:	687a      	ldr	r2, [r7, #4]
     d5e:	491a      	ldr	r1, [pc, #104]	; (dc8 <FreeRTOS_CLIProcessCommand+0x11c>)
     d60:	68bb      	ldr	r3, [r7, #8]
     d62:	0018      	movs	r0, r3
     d64:	4b19      	ldr	r3, [pc, #100]	; (dcc <FreeRTOS_CLIProcessCommand+0x120>)
     d66:	4798      	blx	r3
     d68:	4b12      	ldr	r3, [pc, #72]	; (db4 <FreeRTOS_CLIProcessCommand+0x108>)
     d6a:	2200      	movs	r2, #0
     d6c:	601a      	str	r2, [r3, #0]
     d6e:	e01c      	b.n	daa <FreeRTOS_CLIProcessCommand+0xfe>
     d70:	4b10      	ldr	r3, [pc, #64]	; (db4 <FreeRTOS_CLIProcessCommand+0x108>)
     d72:	681b      	ldr	r3, [r3, #0]
     d74:	2b00      	cmp	r3, #0
     d76:	d010      	beq.n	d9a <FreeRTOS_CLIProcessCommand+0xee>
     d78:	4b0e      	ldr	r3, [pc, #56]	; (db4 <FreeRTOS_CLIProcessCommand+0x108>)
     d7a:	681b      	ldr	r3, [r3, #0]
     d7c:	681b      	ldr	r3, [r3, #0]
     d7e:	689b      	ldr	r3, [r3, #8]
     d80:	68fa      	ldr	r2, [r7, #12]
     d82:	6879      	ldr	r1, [r7, #4]
     d84:	68b8      	ldr	r0, [r7, #8]
     d86:	4798      	blx	r3
     d88:	0003      	movs	r3, r0
     d8a:	61fb      	str	r3, [r7, #28]
     d8c:	69fb      	ldr	r3, [r7, #28]
     d8e:	2b00      	cmp	r3, #0
     d90:	d10b      	bne.n	daa <FreeRTOS_CLIProcessCommand+0xfe>
     d92:	4b08      	ldr	r3, [pc, #32]	; (db4 <FreeRTOS_CLIProcessCommand+0x108>)
     d94:	2200      	movs	r2, #0
     d96:	601a      	str	r2, [r3, #0]
     d98:	e007      	b.n	daa <FreeRTOS_CLIProcessCommand+0xfe>
     d9a:	687a      	ldr	r2, [r7, #4]
     d9c:	490c      	ldr	r1, [pc, #48]	; (dd0 <FreeRTOS_CLIProcessCommand+0x124>)
     d9e:	68bb      	ldr	r3, [r7, #8]
     da0:	0018      	movs	r0, r3
     da2:	4b0a      	ldr	r3, [pc, #40]	; (dcc <FreeRTOS_CLIProcessCommand+0x120>)
     da4:	4798      	blx	r3
     da6:	2300      	movs	r3, #0
     da8:	61fb      	str	r3, [r7, #28]
     daa:	69fb      	ldr	r3, [r7, #28]
     dac:	0018      	movs	r0, r3
     dae:	46bd      	mov	sp, r7
     db0:	b008      	add	sp, #32
     db2:	bd80      	pop	{r7, pc}
     db4:	20000210 	.word	0x20000210
     db8:	20000004 	.word	0x20000004
     dbc:	00005b21 	.word	0x00005b21
     dc0:	00005b2f 	.word	0x00005b2f
     dc4:	00000e35 	.word	0x00000e35
     dc8:	000062e4 	.word	0x000062e4
     dcc:	00005b51 	.word	0x00005b51
     dd0:	0000633c 	.word	0x0000633c

00000dd4 <prvHelpCommand>:
     dd4:	b580      	push	{r7, lr}
     dd6:	b086      	sub	sp, #24
     dd8:	af00      	add	r7, sp, #0
     dda:	60f8      	str	r0, [r7, #12]
     ddc:	60b9      	str	r1, [r7, #8]
     dde:	607a      	str	r2, [r7, #4]
     de0:	4b11      	ldr	r3, [pc, #68]	; (e28 <prvHelpCommand+0x54>)
     de2:	681b      	ldr	r3, [r3, #0]
     de4:	2b00      	cmp	r3, #0
     de6:	d102      	bne.n	dee <prvHelpCommand+0x1a>
     de8:	4b0f      	ldr	r3, [pc, #60]	; (e28 <prvHelpCommand+0x54>)
     dea:	4a10      	ldr	r2, [pc, #64]	; (e2c <prvHelpCommand+0x58>)
     dec:	601a      	str	r2, [r3, #0]
     dee:	4b0e      	ldr	r3, [pc, #56]	; (e28 <prvHelpCommand+0x54>)
     df0:	681b      	ldr	r3, [r3, #0]
     df2:	681b      	ldr	r3, [r3, #0]
     df4:	6859      	ldr	r1, [r3, #4]
     df6:	68ba      	ldr	r2, [r7, #8]
     df8:	68fb      	ldr	r3, [r7, #12]
     dfa:	0018      	movs	r0, r3
     dfc:	4b0c      	ldr	r3, [pc, #48]	; (e30 <prvHelpCommand+0x5c>)
     dfe:	4798      	blx	r3
     e00:	4b09      	ldr	r3, [pc, #36]	; (e28 <prvHelpCommand+0x54>)
     e02:	681b      	ldr	r3, [r3, #0]
     e04:	685a      	ldr	r2, [r3, #4]
     e06:	4b08      	ldr	r3, [pc, #32]	; (e28 <prvHelpCommand+0x54>)
     e08:	601a      	str	r2, [r3, #0]
     e0a:	4b07      	ldr	r3, [pc, #28]	; (e28 <prvHelpCommand+0x54>)
     e0c:	681b      	ldr	r3, [r3, #0]
     e0e:	2b00      	cmp	r3, #0
     e10:	d102      	bne.n	e18 <prvHelpCommand+0x44>
     e12:	2300      	movs	r3, #0
     e14:	617b      	str	r3, [r7, #20]
     e16:	e001      	b.n	e1c <prvHelpCommand+0x48>
     e18:	2301      	movs	r3, #1
     e1a:	617b      	str	r3, [r7, #20]
     e1c:	697b      	ldr	r3, [r7, #20]
     e1e:	0018      	movs	r0, r3
     e20:	46bd      	mov	sp, r7
     e22:	b006      	add	sp, #24
     e24:	bd80      	pop	{r7, pc}
     e26:	46c0      	nop			; (mov r8, r8)
     e28:	20000214 	.word	0x20000214
     e2c:	20000004 	.word	0x20000004
     e30:	00005b51 	.word	0x00005b51

00000e34 <prvGetNumberOfParameters>:
     e34:	b580      	push	{r7, lr}
     e36:	b084      	sub	sp, #16
     e38:	af00      	add	r7, sp, #0
     e3a:	6078      	str	r0, [r7, #4]
     e3c:	230f      	movs	r3, #15
     e3e:	18fb      	adds	r3, r7, r3
     e40:	2200      	movs	r2, #0
     e42:	701a      	strb	r2, [r3, #0]
     e44:	2300      	movs	r3, #0
     e46:	60bb      	str	r3, [r7, #8]
     e48:	e018      	b.n	e7c <prvGetNumberOfParameters+0x48>
     e4a:	687b      	ldr	r3, [r7, #4]
     e4c:	781b      	ldrb	r3, [r3, #0]
     e4e:	2b20      	cmp	r3, #32
     e50:	d10f      	bne.n	e72 <prvGetNumberOfParameters+0x3e>
     e52:	68bb      	ldr	r3, [r7, #8]
     e54:	2b01      	cmp	r3, #1
     e56:	d00e      	beq.n	e76 <prvGetNumberOfParameters+0x42>
     e58:	230f      	movs	r3, #15
     e5a:	18fb      	adds	r3, r7, r3
     e5c:	781b      	ldrb	r3, [r3, #0]
     e5e:	b25b      	sxtb	r3, r3
     e60:	b2db      	uxtb	r3, r3
     e62:	3301      	adds	r3, #1
     e64:	b2da      	uxtb	r2, r3
     e66:	230f      	movs	r3, #15
     e68:	18fb      	adds	r3, r7, r3
     e6a:	701a      	strb	r2, [r3, #0]
     e6c:	2301      	movs	r3, #1
     e6e:	60bb      	str	r3, [r7, #8]
     e70:	e001      	b.n	e76 <prvGetNumberOfParameters+0x42>
     e72:	2300      	movs	r3, #0
     e74:	60bb      	str	r3, [r7, #8]
     e76:	687b      	ldr	r3, [r7, #4]
     e78:	3301      	adds	r3, #1
     e7a:	607b      	str	r3, [r7, #4]
     e7c:	687b      	ldr	r3, [r7, #4]
     e7e:	781b      	ldrb	r3, [r3, #0]
     e80:	2b00      	cmp	r3, #0
     e82:	d1e2      	bne.n	e4a <prvGetNumberOfParameters+0x16>
     e84:	68bb      	ldr	r3, [r7, #8]
     e86:	2b01      	cmp	r3, #1
     e88:	d109      	bne.n	e9e <prvGetNumberOfParameters+0x6a>
     e8a:	230f      	movs	r3, #15
     e8c:	18fb      	adds	r3, r7, r3
     e8e:	781b      	ldrb	r3, [r3, #0]
     e90:	b25b      	sxtb	r3, r3
     e92:	b2db      	uxtb	r3, r3
     e94:	3b01      	subs	r3, #1
     e96:	b2da      	uxtb	r2, r3
     e98:	230f      	movs	r3, #15
     e9a:	18fb      	adds	r3, r7, r3
     e9c:	701a      	strb	r2, [r3, #0]
     e9e:	230f      	movs	r3, #15
     ea0:	18fb      	adds	r3, r7, r3
     ea2:	781b      	ldrb	r3, [r3, #0]
     ea4:	b25b      	sxtb	r3, r3
     ea6:	0018      	movs	r0, r3
     ea8:	46bd      	mov	sp, r7
     eaa:	b004      	add	sp, #16
     eac:	bd80      	pop	{r7, pc}

00000eae <vListInitialise>:
     eae:	b580      	push	{r7, lr}
     eb0:	b082      	sub	sp, #8
     eb2:	af00      	add	r7, sp, #0
     eb4:	6078      	str	r0, [r7, #4]
     eb6:	687b      	ldr	r3, [r7, #4]
     eb8:	3308      	adds	r3, #8
     eba:	001a      	movs	r2, r3
     ebc:	687b      	ldr	r3, [r7, #4]
     ebe:	605a      	str	r2, [r3, #4]
     ec0:	687b      	ldr	r3, [r7, #4]
     ec2:	2201      	movs	r2, #1
     ec4:	4252      	negs	r2, r2
     ec6:	609a      	str	r2, [r3, #8]
     ec8:	687b      	ldr	r3, [r7, #4]
     eca:	3308      	adds	r3, #8
     ecc:	001a      	movs	r2, r3
     ece:	687b      	ldr	r3, [r7, #4]
     ed0:	60da      	str	r2, [r3, #12]
     ed2:	687b      	ldr	r3, [r7, #4]
     ed4:	3308      	adds	r3, #8
     ed6:	001a      	movs	r2, r3
     ed8:	687b      	ldr	r3, [r7, #4]
     eda:	611a      	str	r2, [r3, #16]
     edc:	687b      	ldr	r3, [r7, #4]
     ede:	2200      	movs	r2, #0
     ee0:	601a      	str	r2, [r3, #0]
     ee2:	46c0      	nop			; (mov r8, r8)
     ee4:	46bd      	mov	sp, r7
     ee6:	b002      	add	sp, #8
     ee8:	bd80      	pop	{r7, pc}

00000eea <vListInitialiseItem>:
     eea:	b580      	push	{r7, lr}
     eec:	b082      	sub	sp, #8
     eee:	af00      	add	r7, sp, #0
     ef0:	6078      	str	r0, [r7, #4]
     ef2:	687b      	ldr	r3, [r7, #4]
     ef4:	2200      	movs	r2, #0
     ef6:	611a      	str	r2, [r3, #16]
     ef8:	46c0      	nop			; (mov r8, r8)
     efa:	46bd      	mov	sp, r7
     efc:	b002      	add	sp, #8
     efe:	bd80      	pop	{r7, pc}

00000f00 <vListInsertEnd>:
     f00:	b580      	push	{r7, lr}
     f02:	b084      	sub	sp, #16
     f04:	af00      	add	r7, sp, #0
     f06:	6078      	str	r0, [r7, #4]
     f08:	6039      	str	r1, [r7, #0]
     f0a:	687b      	ldr	r3, [r7, #4]
     f0c:	685b      	ldr	r3, [r3, #4]
     f0e:	60fb      	str	r3, [r7, #12]
     f10:	683b      	ldr	r3, [r7, #0]
     f12:	68fa      	ldr	r2, [r7, #12]
     f14:	605a      	str	r2, [r3, #4]
     f16:	68fb      	ldr	r3, [r7, #12]
     f18:	689a      	ldr	r2, [r3, #8]
     f1a:	683b      	ldr	r3, [r7, #0]
     f1c:	609a      	str	r2, [r3, #8]
     f1e:	68fb      	ldr	r3, [r7, #12]
     f20:	689b      	ldr	r3, [r3, #8]
     f22:	683a      	ldr	r2, [r7, #0]
     f24:	605a      	str	r2, [r3, #4]
     f26:	68fb      	ldr	r3, [r7, #12]
     f28:	683a      	ldr	r2, [r7, #0]
     f2a:	609a      	str	r2, [r3, #8]
     f2c:	683b      	ldr	r3, [r7, #0]
     f2e:	687a      	ldr	r2, [r7, #4]
     f30:	611a      	str	r2, [r3, #16]
     f32:	687b      	ldr	r3, [r7, #4]
     f34:	681b      	ldr	r3, [r3, #0]
     f36:	1c5a      	adds	r2, r3, #1
     f38:	687b      	ldr	r3, [r7, #4]
     f3a:	601a      	str	r2, [r3, #0]
     f3c:	46c0      	nop			; (mov r8, r8)
     f3e:	46bd      	mov	sp, r7
     f40:	b004      	add	sp, #16
     f42:	bd80      	pop	{r7, pc}

00000f44 <vListInsert>:
     f44:	b580      	push	{r7, lr}
     f46:	b084      	sub	sp, #16
     f48:	af00      	add	r7, sp, #0
     f4a:	6078      	str	r0, [r7, #4]
     f4c:	6039      	str	r1, [r7, #0]
     f4e:	683b      	ldr	r3, [r7, #0]
     f50:	681b      	ldr	r3, [r3, #0]
     f52:	60bb      	str	r3, [r7, #8]
     f54:	68bb      	ldr	r3, [r7, #8]
     f56:	3301      	adds	r3, #1
     f58:	d103      	bne.n	f62 <vListInsert+0x1e>
     f5a:	687b      	ldr	r3, [r7, #4]
     f5c:	691b      	ldr	r3, [r3, #16]
     f5e:	60fb      	str	r3, [r7, #12]
     f60:	e00c      	b.n	f7c <vListInsert+0x38>
     f62:	687b      	ldr	r3, [r7, #4]
     f64:	3308      	adds	r3, #8
     f66:	60fb      	str	r3, [r7, #12]
     f68:	e002      	b.n	f70 <vListInsert+0x2c>
     f6a:	68fb      	ldr	r3, [r7, #12]
     f6c:	685b      	ldr	r3, [r3, #4]
     f6e:	60fb      	str	r3, [r7, #12]
     f70:	68fb      	ldr	r3, [r7, #12]
     f72:	685b      	ldr	r3, [r3, #4]
     f74:	681a      	ldr	r2, [r3, #0]
     f76:	68bb      	ldr	r3, [r7, #8]
     f78:	429a      	cmp	r2, r3
     f7a:	d9f6      	bls.n	f6a <vListInsert+0x26>
     f7c:	68fb      	ldr	r3, [r7, #12]
     f7e:	685a      	ldr	r2, [r3, #4]
     f80:	683b      	ldr	r3, [r7, #0]
     f82:	605a      	str	r2, [r3, #4]
     f84:	683b      	ldr	r3, [r7, #0]
     f86:	685b      	ldr	r3, [r3, #4]
     f88:	683a      	ldr	r2, [r7, #0]
     f8a:	609a      	str	r2, [r3, #8]
     f8c:	683b      	ldr	r3, [r7, #0]
     f8e:	68fa      	ldr	r2, [r7, #12]
     f90:	609a      	str	r2, [r3, #8]
     f92:	68fb      	ldr	r3, [r7, #12]
     f94:	683a      	ldr	r2, [r7, #0]
     f96:	605a      	str	r2, [r3, #4]
     f98:	683b      	ldr	r3, [r7, #0]
     f9a:	687a      	ldr	r2, [r7, #4]
     f9c:	611a      	str	r2, [r3, #16]
     f9e:	687b      	ldr	r3, [r7, #4]
     fa0:	681b      	ldr	r3, [r3, #0]
     fa2:	1c5a      	adds	r2, r3, #1
     fa4:	687b      	ldr	r3, [r7, #4]
     fa6:	601a      	str	r2, [r3, #0]
     fa8:	46c0      	nop			; (mov r8, r8)
     faa:	46bd      	mov	sp, r7
     fac:	b004      	add	sp, #16
     fae:	bd80      	pop	{r7, pc}

00000fb0 <uxListRemove>:
     fb0:	b580      	push	{r7, lr}
     fb2:	b084      	sub	sp, #16
     fb4:	af00      	add	r7, sp, #0
     fb6:	6078      	str	r0, [r7, #4]
     fb8:	687b      	ldr	r3, [r7, #4]
     fba:	691b      	ldr	r3, [r3, #16]
     fbc:	60fb      	str	r3, [r7, #12]
     fbe:	687b      	ldr	r3, [r7, #4]
     fc0:	685b      	ldr	r3, [r3, #4]
     fc2:	687a      	ldr	r2, [r7, #4]
     fc4:	6892      	ldr	r2, [r2, #8]
     fc6:	609a      	str	r2, [r3, #8]
     fc8:	687b      	ldr	r3, [r7, #4]
     fca:	689b      	ldr	r3, [r3, #8]
     fcc:	687a      	ldr	r2, [r7, #4]
     fce:	6852      	ldr	r2, [r2, #4]
     fd0:	605a      	str	r2, [r3, #4]
     fd2:	68fb      	ldr	r3, [r7, #12]
     fd4:	685a      	ldr	r2, [r3, #4]
     fd6:	687b      	ldr	r3, [r7, #4]
     fd8:	429a      	cmp	r2, r3
     fda:	d103      	bne.n	fe4 <uxListRemove+0x34>
     fdc:	687b      	ldr	r3, [r7, #4]
     fde:	689a      	ldr	r2, [r3, #8]
     fe0:	68fb      	ldr	r3, [r7, #12]
     fe2:	605a      	str	r2, [r3, #4]
     fe4:	687b      	ldr	r3, [r7, #4]
     fe6:	2200      	movs	r2, #0
     fe8:	611a      	str	r2, [r3, #16]
     fea:	68fb      	ldr	r3, [r7, #12]
     fec:	681b      	ldr	r3, [r3, #0]
     fee:	1e5a      	subs	r2, r3, #1
     ff0:	68fb      	ldr	r3, [r7, #12]
     ff2:	601a      	str	r2, [r3, #0]
     ff4:	68fb      	ldr	r3, [r7, #12]
     ff6:	681b      	ldr	r3, [r3, #0]
     ff8:	0018      	movs	r0, r3
     ffa:	46bd      	mov	sp, r7
     ffc:	b004      	add	sp, #16
     ffe:	bd80      	pop	{r7, pc}

00001000 <pxPortInitialiseStack>:
    1000:	b580      	push	{r7, lr}
    1002:	b084      	sub	sp, #16
    1004:	af00      	add	r7, sp, #0
    1006:	60f8      	str	r0, [r7, #12]
    1008:	60b9      	str	r1, [r7, #8]
    100a:	607a      	str	r2, [r7, #4]
    100c:	68fb      	ldr	r3, [r7, #12]
    100e:	3b04      	subs	r3, #4
    1010:	60fb      	str	r3, [r7, #12]
    1012:	68fb      	ldr	r3, [r7, #12]
    1014:	2280      	movs	r2, #128	; 0x80
    1016:	0452      	lsls	r2, r2, #17
    1018:	601a      	str	r2, [r3, #0]
    101a:	68fb      	ldr	r3, [r7, #12]
    101c:	3b04      	subs	r3, #4
    101e:	60fb      	str	r3, [r7, #12]
    1020:	68ba      	ldr	r2, [r7, #8]
    1022:	68fb      	ldr	r3, [r7, #12]
    1024:	601a      	str	r2, [r3, #0]
    1026:	68fb      	ldr	r3, [r7, #12]
    1028:	3b04      	subs	r3, #4
    102a:	60fb      	str	r3, [r7, #12]
    102c:	4a08      	ldr	r2, [pc, #32]	; (1050 <pxPortInitialiseStack+0x50>)
    102e:	68fb      	ldr	r3, [r7, #12]
    1030:	601a      	str	r2, [r3, #0]
    1032:	68fb      	ldr	r3, [r7, #12]
    1034:	3b14      	subs	r3, #20
    1036:	60fb      	str	r3, [r7, #12]
    1038:	687a      	ldr	r2, [r7, #4]
    103a:	68fb      	ldr	r3, [r7, #12]
    103c:	601a      	str	r2, [r3, #0]
    103e:	68fb      	ldr	r3, [r7, #12]
    1040:	3b20      	subs	r3, #32
    1042:	60fb      	str	r3, [r7, #12]
    1044:	68fb      	ldr	r3, [r7, #12]
    1046:	0018      	movs	r0, r3
    1048:	46bd      	mov	sp, r7
    104a:	b004      	add	sp, #16
    104c:	bd80      	pop	{r7, pc}
    104e:	46c0      	nop			; (mov r8, r8)
    1050:	00001055 	.word	0x00001055

00001054 <prvTaskExitError>:
    1054:	b580      	push	{r7, lr}
    1056:	b082      	sub	sp, #8
    1058:	af00      	add	r7, sp, #0
    105a:	2300      	movs	r3, #0
    105c:	607b      	str	r3, [r7, #4]
    105e:	4b07      	ldr	r3, [pc, #28]	; (107c <prvTaskExitError+0x28>)
    1060:	681b      	ldr	r3, [r3, #0]
    1062:	3301      	adds	r3, #1
    1064:	d001      	beq.n	106a <prvTaskExitError+0x16>
    1066:	b672      	cpsid	i
    1068:	e7fe      	b.n	1068 <prvTaskExitError+0x14>
    106a:	b672      	cpsid	i
    106c:	46c0      	nop			; (mov r8, r8)
    106e:	687b      	ldr	r3, [r7, #4]
    1070:	2b00      	cmp	r3, #0
    1072:	d0fc      	beq.n	106e <prvTaskExitError+0x1a>
    1074:	46c0      	nop			; (mov r8, r8)
    1076:	46bd      	mov	sp, r7
    1078:	b002      	add	sp, #8
    107a:	bd80      	pop	{r7, pc}
    107c:	20000010 	.word	0x20000010

00001080 <SVC_Handler>:
    1080:	b580      	push	{r7, lr}
    1082:	af00      	add	r7, sp, #0
    1084:	46c0      	nop			; (mov r8, r8)
    1086:	46bd      	mov	sp, r7
    1088:	bd80      	pop	{r7, pc}
    108a:	0000      	movs	r0, r0
    108c:	0000      	movs	r0, r0
	...

00001090 <vPortStartFirstTask>:
    1090:	4a0b      	ldr	r2, [pc, #44]	; (10c0 <pxCurrentTCBConst2>)
    1092:	6813      	ldr	r3, [r2, #0]
    1094:	6818      	ldr	r0, [r3, #0]
    1096:	3020      	adds	r0, #32
    1098:	f380 8809 	msr	PSP, r0
    109c:	2002      	movs	r0, #2
    109e:	f380 8814 	msr	CONTROL, r0
    10a2:	f3bf 8f6f 	isb	sy
    10a6:	bc3f      	pop	{r0, r1, r2, r3, r4, r5}
    10a8:	46ae      	mov	lr, r5
    10aa:	bc08      	pop	{r3}
    10ac:	bc04      	pop	{r2}
    10ae:	b662      	cpsie	i
    10b0:	4718      	bx	r3
    10b2:	46c0      	nop			; (mov r8, r8)
    10b4:	46c0      	nop			; (mov r8, r8)
    10b6:	46c0      	nop			; (mov r8, r8)
    10b8:	46c0      	nop			; (mov r8, r8)
    10ba:	46c0      	nop			; (mov r8, r8)
    10bc:	46c0      	nop			; (mov r8, r8)
    10be:	46c0      	nop			; (mov r8, r8)

000010c0 <pxCurrentTCBConst2>:
    10c0:	20003100 	.word	0x20003100
    10c4:	46c0      	nop			; (mov r8, r8)
    10c6:	46c0      	nop			; (mov r8, r8)

000010c8 <xPortStartScheduler>:
    10c8:	b580      	push	{r7, lr}
    10ca:	af00      	add	r7, sp, #0
    10cc:	4b0e      	ldr	r3, [pc, #56]	; (1108 <xPortStartScheduler+0x40>)
    10ce:	4a0e      	ldr	r2, [pc, #56]	; (1108 <xPortStartScheduler+0x40>)
    10d0:	6812      	ldr	r2, [r2, #0]
    10d2:	21ff      	movs	r1, #255	; 0xff
    10d4:	0409      	lsls	r1, r1, #16
    10d6:	430a      	orrs	r2, r1
    10d8:	601a      	str	r2, [r3, #0]
    10da:	4b0b      	ldr	r3, [pc, #44]	; (1108 <xPortStartScheduler+0x40>)
    10dc:	4a0a      	ldr	r2, [pc, #40]	; (1108 <xPortStartScheduler+0x40>)
    10de:	6812      	ldr	r2, [r2, #0]
    10e0:	21ff      	movs	r1, #255	; 0xff
    10e2:	0609      	lsls	r1, r1, #24
    10e4:	430a      	orrs	r2, r1
    10e6:	601a      	str	r2, [r3, #0]
    10e8:	4b08      	ldr	r3, [pc, #32]	; (110c <xPortStartScheduler+0x44>)
    10ea:	4798      	blx	r3
    10ec:	4b08      	ldr	r3, [pc, #32]	; (1110 <xPortStartScheduler+0x48>)
    10ee:	2200      	movs	r2, #0
    10f0:	601a      	str	r2, [r3, #0]
    10f2:	4b08      	ldr	r3, [pc, #32]	; (1114 <xPortStartScheduler+0x4c>)
    10f4:	4798      	blx	r3
    10f6:	4b08      	ldr	r3, [pc, #32]	; (1118 <xPortStartScheduler+0x50>)
    10f8:	4798      	blx	r3
    10fa:	4b08      	ldr	r3, [pc, #32]	; (111c <xPortStartScheduler+0x54>)
    10fc:	4798      	blx	r3
    10fe:	2300      	movs	r3, #0
    1100:	0018      	movs	r0, r3
    1102:	46bd      	mov	sp, r7
    1104:	bd80      	pop	{r7, pc}
    1106:	46c0      	nop			; (mov r8, r8)
    1108:	e000ed20 	.word	0xe000ed20
    110c:	00001239 	.word	0x00001239
    1110:	20000010 	.word	0x20000010
    1114:	00001091 	.word	0x00001091
    1118:	00002535 	.word	0x00002535
    111c:	00001055 	.word	0x00001055

00001120 <vPortYield>:
    1120:	b580      	push	{r7, lr}
    1122:	af00      	add	r7, sp, #0
    1124:	4b05      	ldr	r3, [pc, #20]	; (113c <vPortYield+0x1c>)
    1126:	2280      	movs	r2, #128	; 0x80
    1128:	0552      	lsls	r2, r2, #21
    112a:	601a      	str	r2, [r3, #0]
    112c:	f3bf 8f4f 	dsb	sy
    1130:	f3bf 8f6f 	isb	sy
    1134:	46c0      	nop			; (mov r8, r8)
    1136:	46bd      	mov	sp, r7
    1138:	bd80      	pop	{r7, pc}
    113a:	46c0      	nop			; (mov r8, r8)
    113c:	e000ed04 	.word	0xe000ed04

00001140 <vPortEnterCritical>:
    1140:	b580      	push	{r7, lr}
    1142:	af00      	add	r7, sp, #0
    1144:	b672      	cpsid	i
    1146:	4b06      	ldr	r3, [pc, #24]	; (1160 <vPortEnterCritical+0x20>)
    1148:	681b      	ldr	r3, [r3, #0]
    114a:	1c5a      	adds	r2, r3, #1
    114c:	4b04      	ldr	r3, [pc, #16]	; (1160 <vPortEnterCritical+0x20>)
    114e:	601a      	str	r2, [r3, #0]
    1150:	f3bf 8f4f 	dsb	sy
    1154:	f3bf 8f6f 	isb	sy
    1158:	46c0      	nop			; (mov r8, r8)
    115a:	46bd      	mov	sp, r7
    115c:	bd80      	pop	{r7, pc}
    115e:	46c0      	nop			; (mov r8, r8)
    1160:	20000010 	.word	0x20000010

00001164 <vPortExitCritical>:
    1164:	b580      	push	{r7, lr}
    1166:	af00      	add	r7, sp, #0
    1168:	4b09      	ldr	r3, [pc, #36]	; (1190 <vPortExitCritical+0x2c>)
    116a:	681b      	ldr	r3, [r3, #0]
    116c:	2b00      	cmp	r3, #0
    116e:	d101      	bne.n	1174 <vPortExitCritical+0x10>
    1170:	b672      	cpsid	i
    1172:	e7fe      	b.n	1172 <vPortExitCritical+0xe>
    1174:	4b06      	ldr	r3, [pc, #24]	; (1190 <vPortExitCritical+0x2c>)
    1176:	681b      	ldr	r3, [r3, #0]
    1178:	1e5a      	subs	r2, r3, #1
    117a:	4b05      	ldr	r3, [pc, #20]	; (1190 <vPortExitCritical+0x2c>)
    117c:	601a      	str	r2, [r3, #0]
    117e:	4b04      	ldr	r3, [pc, #16]	; (1190 <vPortExitCritical+0x2c>)
    1180:	681b      	ldr	r3, [r3, #0]
    1182:	2b00      	cmp	r3, #0
    1184:	d100      	bne.n	1188 <vPortExitCritical+0x24>
    1186:	b662      	cpsie	i
    1188:	46c0      	nop			; (mov r8, r8)
    118a:	46bd      	mov	sp, r7
    118c:	bd80      	pop	{r7, pc}
    118e:	46c0      	nop			; (mov r8, r8)
    1190:	20000010 	.word	0x20000010

00001194 <ulSetInterruptMaskFromISR>:
    1194:	f3ef 8010 	mrs	r0, PRIMASK
    1198:	b672      	cpsid	i
    119a:	4770      	bx	lr
    119c:	46c0      	nop			; (mov r8, r8)
    119e:	0018      	movs	r0, r3

000011a0 <vClearInterruptMaskFromISR>:
    11a0:	f380 8810 	msr	PRIMASK, r0
    11a4:	4770      	bx	lr
    11a6:	46c0      	nop			; (mov r8, r8)
	...

000011b0 <PendSV_Handler>:
    11b0:	f3ef 8009 	mrs	r0, PSP
    11b4:	4b0e      	ldr	r3, [pc, #56]	; (11f0 <pxCurrentTCBConst>)
    11b6:	681a      	ldr	r2, [r3, #0]
    11b8:	3820      	subs	r0, #32
    11ba:	6010      	str	r0, [r2, #0]
    11bc:	c0f0      	stmia	r0!, {r4, r5, r6, r7}
    11be:	4644      	mov	r4, r8
    11c0:	464d      	mov	r5, r9
    11c2:	4656      	mov	r6, sl
    11c4:	465f      	mov	r7, fp
    11c6:	c0f0      	stmia	r0!, {r4, r5, r6, r7}
    11c8:	b508      	push	{r3, lr}
    11ca:	b672      	cpsid	i
    11cc:	f001 f9b2 	bl	2534 <vTaskSwitchContext>
    11d0:	b662      	cpsie	i
    11d2:	bc0c      	pop	{r2, r3}
    11d4:	6811      	ldr	r1, [r2, #0]
    11d6:	6808      	ldr	r0, [r1, #0]
    11d8:	3010      	adds	r0, #16
    11da:	c8f0      	ldmia	r0!, {r4, r5, r6, r7}
    11dc:	46a0      	mov	r8, r4
    11de:	46a9      	mov	r9, r5
    11e0:	46b2      	mov	sl, r6
    11e2:	46bb      	mov	fp, r7
    11e4:	f380 8809 	msr	PSP, r0
    11e8:	3820      	subs	r0, #32
    11ea:	c8f0      	ldmia	r0!, {r4, r5, r6, r7}
    11ec:	4718      	bx	r3
    11ee:	46c0      	nop			; (mov r8, r8)

000011f0 <pxCurrentTCBConst>:
    11f0:	20003100 	.word	0x20003100
    11f4:	46c0      	nop			; (mov r8, r8)
    11f6:	46c0      	nop			; (mov r8, r8)

000011f8 <SysTick_Handler>:
    11f8:	b580      	push	{r7, lr}
    11fa:	b082      	sub	sp, #8
    11fc:	af00      	add	r7, sp, #0
    11fe:	4b0a      	ldr	r3, [pc, #40]	; (1228 <SysTick_Handler+0x30>)
    1200:	4798      	blx	r3
    1202:	0003      	movs	r3, r0
    1204:	607b      	str	r3, [r7, #4]
    1206:	4b09      	ldr	r3, [pc, #36]	; (122c <SysTick_Handler+0x34>)
    1208:	4798      	blx	r3
    120a:	1e03      	subs	r3, r0, #0
    120c:	d003      	beq.n	1216 <SysTick_Handler+0x1e>
    120e:	4b08      	ldr	r3, [pc, #32]	; (1230 <SysTick_Handler+0x38>)
    1210:	2280      	movs	r2, #128	; 0x80
    1212:	0552      	lsls	r2, r2, #21
    1214:	601a      	str	r2, [r3, #0]
    1216:	687b      	ldr	r3, [r7, #4]
    1218:	0018      	movs	r0, r3
    121a:	4b06      	ldr	r3, [pc, #24]	; (1234 <SysTick_Handler+0x3c>)
    121c:	4798      	blx	r3
    121e:	46c0      	nop			; (mov r8, r8)
    1220:	46bd      	mov	sp, r7
    1222:	b002      	add	sp, #8
    1224:	bd80      	pop	{r7, pc}
    1226:	46c0      	nop			; (mov r8, r8)
    1228:	00001195 	.word	0x00001195
    122c:	000023c1 	.word	0x000023c1
    1230:	e000ed04 	.word	0xe000ed04
    1234:	000011a1 	.word	0x000011a1

00001238 <prvSetupTimerInterrupt>:
    1238:	b5b0      	push	{r4, r5, r7, lr}
    123a:	af00      	add	r7, sp, #0
    123c:	4b0b      	ldr	r3, [pc, #44]	; (126c <prvSetupTimerInterrupt+0x34>)
    123e:	2200      	movs	r2, #0
    1240:	601a      	str	r2, [r3, #0]
    1242:	4b0b      	ldr	r3, [pc, #44]	; (1270 <prvSetupTimerInterrupt+0x38>)
    1244:	2200      	movs	r2, #0
    1246:	601a      	str	r2, [r3, #0]
    1248:	4c0a      	ldr	r4, [pc, #40]	; (1274 <prvSetupTimerInterrupt+0x3c>)
    124a:	2000      	movs	r0, #0
    124c:	4b0a      	ldr	r3, [pc, #40]	; (1278 <prvSetupTimerInterrupt+0x40>)
    124e:	4798      	blx	r3
    1250:	4b0a      	ldr	r3, [pc, #40]	; (127c <prvSetupTimerInterrupt+0x44>)
    1252:	22fa      	movs	r2, #250	; 0xfa
    1254:	0091      	lsls	r1, r2, #2
    1256:	4798      	blx	r3
    1258:	0003      	movs	r3, r0
    125a:	3b01      	subs	r3, #1
    125c:	6023      	str	r3, [r4, #0]
    125e:	4b03      	ldr	r3, [pc, #12]	; (126c <prvSetupTimerInterrupt+0x34>)
    1260:	2207      	movs	r2, #7
    1262:	601a      	str	r2, [r3, #0]
    1264:	46c0      	nop			; (mov r8, r8)
    1266:	46bd      	mov	sp, r7
    1268:	bdb0      	pop	{r4, r5, r7, pc}
    126a:	46c0      	nop			; (mov r8, r8)
    126c:	e000e010 	.word	0xe000e010
    1270:	e000e018 	.word	0xe000e018
    1274:	e000e014 	.word	0xe000e014
    1278:	000052b9 	.word	0x000052b9
    127c:	000056dd 	.word	0x000056dd

00001280 <pvPortMalloc>:
    1280:	b580      	push	{r7, lr}
    1282:	b084      	sub	sp, #16
    1284:	af00      	add	r7, sp, #0
    1286:	6078      	str	r0, [r7, #4]
    1288:	2300      	movs	r3, #0
    128a:	60fb      	str	r3, [r7, #12]
    128c:	687b      	ldr	r3, [r7, #4]
    128e:	2207      	movs	r2, #7
    1290:	4013      	ands	r3, r2
    1292:	d004      	beq.n	129e <pvPortMalloc+0x1e>
    1294:	687b      	ldr	r3, [r7, #4]
    1296:	2207      	movs	r2, #7
    1298:	4393      	bics	r3, r2
    129a:	3308      	adds	r3, #8
    129c:	607b      	str	r3, [r7, #4]
    129e:	4b19      	ldr	r3, [pc, #100]	; (1304 <pvPortMalloc+0x84>)
    12a0:	4798      	blx	r3
    12a2:	4b19      	ldr	r3, [pc, #100]	; (1308 <pvPortMalloc+0x88>)
    12a4:	681b      	ldr	r3, [r3, #0]
    12a6:	2b00      	cmp	r3, #0
    12a8:	d105      	bne.n	12b6 <pvPortMalloc+0x36>
    12aa:	4b18      	ldr	r3, [pc, #96]	; (130c <pvPortMalloc+0x8c>)
    12ac:	2207      	movs	r2, #7
    12ae:	4393      	bics	r3, r2
    12b0:	001a      	movs	r2, r3
    12b2:	4b15      	ldr	r3, [pc, #84]	; (1308 <pvPortMalloc+0x88>)
    12b4:	601a      	str	r2, [r3, #0]
    12b6:	4b16      	ldr	r3, [pc, #88]	; (1310 <pvPortMalloc+0x90>)
    12b8:	681a      	ldr	r2, [r3, #0]
    12ba:	687b      	ldr	r3, [r7, #4]
    12bc:	18d3      	adds	r3, r2, r3
    12be:	4a15      	ldr	r2, [pc, #84]	; (1314 <pvPortMalloc+0x94>)
    12c0:	4293      	cmp	r3, r2
    12c2:	d813      	bhi.n	12ec <pvPortMalloc+0x6c>
    12c4:	4b12      	ldr	r3, [pc, #72]	; (1310 <pvPortMalloc+0x90>)
    12c6:	681a      	ldr	r2, [r3, #0]
    12c8:	687b      	ldr	r3, [r7, #4]
    12ca:	18d2      	adds	r2, r2, r3
    12cc:	4b10      	ldr	r3, [pc, #64]	; (1310 <pvPortMalloc+0x90>)
    12ce:	681b      	ldr	r3, [r3, #0]
    12d0:	429a      	cmp	r2, r3
    12d2:	d90b      	bls.n	12ec <pvPortMalloc+0x6c>
    12d4:	4b0c      	ldr	r3, [pc, #48]	; (1308 <pvPortMalloc+0x88>)
    12d6:	681a      	ldr	r2, [r3, #0]
    12d8:	4b0d      	ldr	r3, [pc, #52]	; (1310 <pvPortMalloc+0x90>)
    12da:	681b      	ldr	r3, [r3, #0]
    12dc:	18d3      	adds	r3, r2, r3
    12de:	60fb      	str	r3, [r7, #12]
    12e0:	4b0b      	ldr	r3, [pc, #44]	; (1310 <pvPortMalloc+0x90>)
    12e2:	681a      	ldr	r2, [r3, #0]
    12e4:	687b      	ldr	r3, [r7, #4]
    12e6:	18d2      	adds	r2, r2, r3
    12e8:	4b09      	ldr	r3, [pc, #36]	; (1310 <pvPortMalloc+0x90>)
    12ea:	601a      	str	r2, [r3, #0]
    12ec:	4b0a      	ldr	r3, [pc, #40]	; (1318 <pvPortMalloc+0x98>)
    12ee:	4798      	blx	r3
    12f0:	68fb      	ldr	r3, [r7, #12]
    12f2:	2b00      	cmp	r3, #0
    12f4:	d101      	bne.n	12fa <pvPortMalloc+0x7a>
    12f6:	4b09      	ldr	r3, [pc, #36]	; (131c <pvPortMalloc+0x9c>)
    12f8:	4798      	blx	r3
    12fa:	68fb      	ldr	r3, [r7, #12]
    12fc:	0018      	movs	r0, r3
    12fe:	46bd      	mov	sp, r7
    1300:	b004      	add	sp, #16
    1302:	bd80      	pop	{r7, pc}
    1304:	00002259 	.word	0x00002259
    1308:	200030fc 	.word	0x200030fc
    130c:	20000220 	.word	0x20000220
    1310:	200030f8 	.word	0x200030f8
    1314:	00002ed7 	.word	0x00002ed7
    1318:	00002271 	.word	0x00002271
    131c:	000056ad 	.word	0x000056ad

00001320 <vPortFree>:
    1320:	b580      	push	{r7, lr}
    1322:	b082      	sub	sp, #8
    1324:	af00      	add	r7, sp, #0
    1326:	6078      	str	r0, [r7, #4]
    1328:	687b      	ldr	r3, [r7, #4]
    132a:	2b00      	cmp	r3, #0
    132c:	d001      	beq.n	1332 <vPortFree+0x12>
    132e:	b672      	cpsid	i
    1330:	e7fe      	b.n	1330 <vPortFree+0x10>
    1332:	46c0      	nop			; (mov r8, r8)
    1334:	46bd      	mov	sp, r7
    1336:	b002      	add	sp, #8
    1338:	bd80      	pop	{r7, pc}
	...

0000133c <xPortGetFreeHeapSize>:
    133c:	b580      	push	{r7, lr}
    133e:	af00      	add	r7, sp, #0
    1340:	4b03      	ldr	r3, [pc, #12]	; (1350 <xPortGetFreeHeapSize+0x14>)
    1342:	681b      	ldr	r3, [r3, #0]
    1344:	4a03      	ldr	r2, [pc, #12]	; (1354 <xPortGetFreeHeapSize+0x18>)
    1346:	1ad3      	subs	r3, r2, r3
    1348:	0018      	movs	r0, r3
    134a:	46bd      	mov	sp, r7
    134c:	bd80      	pop	{r7, pc}
    134e:	46c0      	nop			; (mov r8, r8)
    1350:	200030f8 	.word	0x200030f8
    1354:	00002ed8 	.word	0x00002ed8

00001358 <xQueueGenericReset>:
    1358:	b580      	push	{r7, lr}
    135a:	b084      	sub	sp, #16
    135c:	af00      	add	r7, sp, #0
    135e:	6078      	str	r0, [r7, #4]
    1360:	6039      	str	r1, [r7, #0]
    1362:	687b      	ldr	r3, [r7, #4]
    1364:	60fb      	str	r3, [r7, #12]
    1366:	68fb      	ldr	r3, [r7, #12]
    1368:	2b00      	cmp	r3, #0
    136a:	d101      	bne.n	1370 <xQueueGenericReset+0x18>
    136c:	b672      	cpsid	i
    136e:	e7fe      	b.n	136e <xQueueGenericReset+0x16>
    1370:	4b23      	ldr	r3, [pc, #140]	; (1400 <xQueueGenericReset+0xa8>)
    1372:	4798      	blx	r3
    1374:	68fb      	ldr	r3, [r7, #12]
    1376:	681a      	ldr	r2, [r3, #0]
    1378:	68fb      	ldr	r3, [r7, #12]
    137a:	6bd9      	ldr	r1, [r3, #60]	; 0x3c
    137c:	68fb      	ldr	r3, [r7, #12]
    137e:	6c1b      	ldr	r3, [r3, #64]	; 0x40
    1380:	434b      	muls	r3, r1
    1382:	18d2      	adds	r2, r2, r3
    1384:	68fb      	ldr	r3, [r7, #12]
    1386:	605a      	str	r2, [r3, #4]
    1388:	68fb      	ldr	r3, [r7, #12]
    138a:	2200      	movs	r2, #0
    138c:	639a      	str	r2, [r3, #56]	; 0x38
    138e:	68fb      	ldr	r3, [r7, #12]
    1390:	681a      	ldr	r2, [r3, #0]
    1392:	68fb      	ldr	r3, [r7, #12]
    1394:	609a      	str	r2, [r3, #8]
    1396:	68fb      	ldr	r3, [r7, #12]
    1398:	681a      	ldr	r2, [r3, #0]
    139a:	68fb      	ldr	r3, [r7, #12]
    139c:	6bdb      	ldr	r3, [r3, #60]	; 0x3c
    139e:	1e59      	subs	r1, r3, #1
    13a0:	68fb      	ldr	r3, [r7, #12]
    13a2:	6c1b      	ldr	r3, [r3, #64]	; 0x40
    13a4:	434b      	muls	r3, r1
    13a6:	18d2      	adds	r2, r2, r3
    13a8:	68fb      	ldr	r3, [r7, #12]
    13aa:	60da      	str	r2, [r3, #12]
    13ac:	68fb      	ldr	r3, [r7, #12]
    13ae:	2244      	movs	r2, #68	; 0x44
    13b0:	21ff      	movs	r1, #255	; 0xff
    13b2:	5499      	strb	r1, [r3, r2]
    13b4:	68fb      	ldr	r3, [r7, #12]
    13b6:	2245      	movs	r2, #69	; 0x45
    13b8:	21ff      	movs	r1, #255	; 0xff
    13ba:	5499      	strb	r1, [r3, r2]
    13bc:	683b      	ldr	r3, [r7, #0]
    13be:	2b00      	cmp	r3, #0
    13c0:	d10d      	bne.n	13de <xQueueGenericReset+0x86>
    13c2:	68fb      	ldr	r3, [r7, #12]
    13c4:	691b      	ldr	r3, [r3, #16]
    13c6:	2b00      	cmp	r3, #0
    13c8:	d013      	beq.n	13f2 <xQueueGenericReset+0x9a>
    13ca:	68fb      	ldr	r3, [r7, #12]
    13cc:	3310      	adds	r3, #16
    13ce:	0018      	movs	r0, r3
    13d0:	4b0c      	ldr	r3, [pc, #48]	; (1404 <xQueueGenericReset+0xac>)
    13d2:	4798      	blx	r3
    13d4:	1e03      	subs	r3, r0, #0
    13d6:	d00c      	beq.n	13f2 <xQueueGenericReset+0x9a>
    13d8:	4b0b      	ldr	r3, [pc, #44]	; (1408 <xQueueGenericReset+0xb0>)
    13da:	4798      	blx	r3
    13dc:	e009      	b.n	13f2 <xQueueGenericReset+0x9a>
    13de:	68fb      	ldr	r3, [r7, #12]
    13e0:	3310      	adds	r3, #16
    13e2:	0018      	movs	r0, r3
    13e4:	4b09      	ldr	r3, [pc, #36]	; (140c <xQueueGenericReset+0xb4>)
    13e6:	4798      	blx	r3
    13e8:	68fb      	ldr	r3, [r7, #12]
    13ea:	3324      	adds	r3, #36	; 0x24
    13ec:	0018      	movs	r0, r3
    13ee:	4b07      	ldr	r3, [pc, #28]	; (140c <xQueueGenericReset+0xb4>)
    13f0:	4798      	blx	r3
    13f2:	4b07      	ldr	r3, [pc, #28]	; (1410 <xQueueGenericReset+0xb8>)
    13f4:	4798      	blx	r3
    13f6:	2301      	movs	r3, #1
    13f8:	0018      	movs	r0, r3
    13fa:	46bd      	mov	sp, r7
    13fc:	b004      	add	sp, #16
    13fe:	bd80      	pop	{r7, pc}
    1400:	00001141 	.word	0x00001141
    1404:	00002695 	.word	0x00002695
    1408:	00001121 	.word	0x00001121
    140c:	00000eaf 	.word	0x00000eaf
    1410:	00001165 	.word	0x00001165

00001414 <xQueueGenericCreate>:
    1414:	b590      	push	{r4, r7, lr}
    1416:	b08b      	sub	sp, #44	; 0x2c
    1418:	af02      	add	r7, sp, #8
    141a:	60f8      	str	r0, [r7, #12]
    141c:	60b9      	str	r1, [r7, #8]
    141e:	1dfb      	adds	r3, r7, #7
    1420:	701a      	strb	r2, [r3, #0]
    1422:	68fb      	ldr	r3, [r7, #12]
    1424:	2b00      	cmp	r3, #0
    1426:	d101      	bne.n	142c <xQueueGenericCreate+0x18>
    1428:	b672      	cpsid	i
    142a:	e7fe      	b.n	142a <xQueueGenericCreate+0x16>
    142c:	68bb      	ldr	r3, [r7, #8]
    142e:	2b00      	cmp	r3, #0
    1430:	d102      	bne.n	1438 <xQueueGenericCreate+0x24>
    1432:	2300      	movs	r3, #0
    1434:	61fb      	str	r3, [r7, #28]
    1436:	e003      	b.n	1440 <xQueueGenericCreate+0x2c>
    1438:	68fb      	ldr	r3, [r7, #12]
    143a:	68ba      	ldr	r2, [r7, #8]
    143c:	4353      	muls	r3, r2
    143e:	61fb      	str	r3, [r7, #28]
    1440:	69fb      	ldr	r3, [r7, #28]
    1442:	3354      	adds	r3, #84	; 0x54
    1444:	0018      	movs	r0, r3
    1446:	4b0c      	ldr	r3, [pc, #48]	; (1478 <xQueueGenericCreate+0x64>)
    1448:	4798      	blx	r3
    144a:	0003      	movs	r3, r0
    144c:	61bb      	str	r3, [r7, #24]
    144e:	69bb      	ldr	r3, [r7, #24]
    1450:	2b00      	cmp	r3, #0
    1452:	d00c      	beq.n	146e <xQueueGenericCreate+0x5a>
    1454:	69bb      	ldr	r3, [r7, #24]
    1456:	3354      	adds	r3, #84	; 0x54
    1458:	617b      	str	r3, [r7, #20]
    145a:	1dfb      	adds	r3, r7, #7
    145c:	781c      	ldrb	r4, [r3, #0]
    145e:	697a      	ldr	r2, [r7, #20]
    1460:	68b9      	ldr	r1, [r7, #8]
    1462:	68f8      	ldr	r0, [r7, #12]
    1464:	69bb      	ldr	r3, [r7, #24]
    1466:	9300      	str	r3, [sp, #0]
    1468:	0023      	movs	r3, r4
    146a:	4c04      	ldr	r4, [pc, #16]	; (147c <xQueueGenericCreate+0x68>)
    146c:	47a0      	blx	r4
    146e:	69bb      	ldr	r3, [r7, #24]
    1470:	0018      	movs	r0, r3
    1472:	46bd      	mov	sp, r7
    1474:	b009      	add	sp, #36	; 0x24
    1476:	bd90      	pop	{r4, r7, pc}
    1478:	00001281 	.word	0x00001281
    147c:	00001481 	.word	0x00001481

00001480 <prvInitialiseNewQueue>:
    1480:	b580      	push	{r7, lr}
    1482:	b084      	sub	sp, #16
    1484:	af00      	add	r7, sp, #0
    1486:	60f8      	str	r0, [r7, #12]
    1488:	60b9      	str	r1, [r7, #8]
    148a:	607a      	str	r2, [r7, #4]
    148c:	001a      	movs	r2, r3
    148e:	1cfb      	adds	r3, r7, #3
    1490:	701a      	strb	r2, [r3, #0]
    1492:	68bb      	ldr	r3, [r7, #8]
    1494:	2b00      	cmp	r3, #0
    1496:	d103      	bne.n	14a0 <prvInitialiseNewQueue+0x20>
    1498:	69bb      	ldr	r3, [r7, #24]
    149a:	69ba      	ldr	r2, [r7, #24]
    149c:	601a      	str	r2, [r3, #0]
    149e:	e002      	b.n	14a6 <prvInitialiseNewQueue+0x26>
    14a0:	69bb      	ldr	r3, [r7, #24]
    14a2:	687a      	ldr	r2, [r7, #4]
    14a4:	601a      	str	r2, [r3, #0]
    14a6:	69bb      	ldr	r3, [r7, #24]
    14a8:	68fa      	ldr	r2, [r7, #12]
    14aa:	63da      	str	r2, [r3, #60]	; 0x3c
    14ac:	69bb      	ldr	r3, [r7, #24]
    14ae:	68ba      	ldr	r2, [r7, #8]
    14b0:	641a      	str	r2, [r3, #64]	; 0x40
    14b2:	69bb      	ldr	r3, [r7, #24]
    14b4:	2101      	movs	r1, #1
    14b6:	0018      	movs	r0, r3
    14b8:	4b06      	ldr	r3, [pc, #24]	; (14d4 <prvInitialiseNewQueue+0x54>)
    14ba:	4798      	blx	r3
    14bc:	69bb      	ldr	r3, [r7, #24]
    14be:	1cfa      	adds	r2, r7, #3
    14c0:	2150      	movs	r1, #80	; 0x50
    14c2:	7812      	ldrb	r2, [r2, #0]
    14c4:	545a      	strb	r2, [r3, r1]
    14c6:	69bb      	ldr	r3, [r7, #24]
    14c8:	2200      	movs	r2, #0
    14ca:	649a      	str	r2, [r3, #72]	; 0x48
    14cc:	46c0      	nop			; (mov r8, r8)
    14ce:	46bd      	mov	sp, r7
    14d0:	b004      	add	sp, #16
    14d2:	bd80      	pop	{r7, pc}
    14d4:	00001359 	.word	0x00001359

000014d8 <xQueueGenericSend>:
    14d8:	b580      	push	{r7, lr}
    14da:	b08a      	sub	sp, #40	; 0x28
    14dc:	af00      	add	r7, sp, #0
    14de:	60f8      	str	r0, [r7, #12]
    14e0:	60b9      	str	r1, [r7, #8]
    14e2:	607a      	str	r2, [r7, #4]
    14e4:	603b      	str	r3, [r7, #0]
    14e6:	2300      	movs	r3, #0
    14e8:	627b      	str	r3, [r7, #36]	; 0x24
    14ea:	68fb      	ldr	r3, [r7, #12]
    14ec:	623b      	str	r3, [r7, #32]
    14ee:	6a3b      	ldr	r3, [r7, #32]
    14f0:	2b00      	cmp	r3, #0
    14f2:	d101      	bne.n	14f8 <xQueueGenericSend+0x20>
    14f4:	b672      	cpsid	i
    14f6:	e7fe      	b.n	14f6 <xQueueGenericSend+0x1e>
    14f8:	68bb      	ldr	r3, [r7, #8]
    14fa:	2b00      	cmp	r3, #0
    14fc:	d103      	bne.n	1506 <xQueueGenericSend+0x2e>
    14fe:	6a3b      	ldr	r3, [r7, #32]
    1500:	6c1b      	ldr	r3, [r3, #64]	; 0x40
    1502:	2b00      	cmp	r3, #0
    1504:	d101      	bne.n	150a <xQueueGenericSend+0x32>
    1506:	2301      	movs	r3, #1
    1508:	e000      	b.n	150c <xQueueGenericSend+0x34>
    150a:	2300      	movs	r3, #0
    150c:	2b00      	cmp	r3, #0
    150e:	d101      	bne.n	1514 <xQueueGenericSend+0x3c>
    1510:	b672      	cpsid	i
    1512:	e7fe      	b.n	1512 <xQueueGenericSend+0x3a>
    1514:	683b      	ldr	r3, [r7, #0]
    1516:	2b02      	cmp	r3, #2
    1518:	d103      	bne.n	1522 <xQueueGenericSend+0x4a>
    151a:	6a3b      	ldr	r3, [r7, #32]
    151c:	6bdb      	ldr	r3, [r3, #60]	; 0x3c
    151e:	2b01      	cmp	r3, #1
    1520:	d101      	bne.n	1526 <xQueueGenericSend+0x4e>
    1522:	2301      	movs	r3, #1
    1524:	e000      	b.n	1528 <xQueueGenericSend+0x50>
    1526:	2300      	movs	r3, #0
    1528:	2b00      	cmp	r3, #0
    152a:	d101      	bne.n	1530 <xQueueGenericSend+0x58>
    152c:	b672      	cpsid	i
    152e:	e7fe      	b.n	152e <xQueueGenericSend+0x56>
    1530:	4b53      	ldr	r3, [pc, #332]	; (1680 <xQueueGenericSend+0x1a8>)
    1532:	4798      	blx	r3
    1534:	1e03      	subs	r3, r0, #0
    1536:	d102      	bne.n	153e <xQueueGenericSend+0x66>
    1538:	687b      	ldr	r3, [r7, #4]
    153a:	2b00      	cmp	r3, #0
    153c:	d101      	bne.n	1542 <xQueueGenericSend+0x6a>
    153e:	2301      	movs	r3, #1
    1540:	e000      	b.n	1544 <xQueueGenericSend+0x6c>
    1542:	2300      	movs	r3, #0
    1544:	2b00      	cmp	r3, #0
    1546:	d101      	bne.n	154c <xQueueGenericSend+0x74>
    1548:	b672      	cpsid	i
    154a:	e7fe      	b.n	154a <xQueueGenericSend+0x72>
    154c:	4b4d      	ldr	r3, [pc, #308]	; (1684 <xQueueGenericSend+0x1ac>)
    154e:	4798      	blx	r3
    1550:	6a3b      	ldr	r3, [r7, #32]
    1552:	6b9a      	ldr	r2, [r3, #56]	; 0x38
    1554:	6a3b      	ldr	r3, [r7, #32]
    1556:	6bdb      	ldr	r3, [r3, #60]	; 0x3c
    1558:	429a      	cmp	r2, r3
    155a:	d302      	bcc.n	1562 <xQueueGenericSend+0x8a>
    155c:	683b      	ldr	r3, [r7, #0]
    155e:	2b02      	cmp	r3, #2
    1560:	d12d      	bne.n	15be <xQueueGenericSend+0xe6>
    1562:	683a      	ldr	r2, [r7, #0]
    1564:	68b9      	ldr	r1, [r7, #8]
    1566:	6a3b      	ldr	r3, [r7, #32]
    1568:	0018      	movs	r0, r3
    156a:	4b47      	ldr	r3, [pc, #284]	; (1688 <xQueueGenericSend+0x1b0>)
    156c:	4798      	blx	r3
    156e:	0003      	movs	r3, r0
    1570:	61fb      	str	r3, [r7, #28]
    1572:	6a3b      	ldr	r3, [r7, #32]
    1574:	6c9b      	ldr	r3, [r3, #72]	; 0x48
    1576:	2b00      	cmp	r3, #0
    1578:	d00a      	beq.n	1590 <xQueueGenericSend+0xb8>
    157a:	683a      	ldr	r2, [r7, #0]
    157c:	6a3b      	ldr	r3, [r7, #32]
    157e:	0011      	movs	r1, r2
    1580:	0018      	movs	r0, r3
    1582:	4b42      	ldr	r3, [pc, #264]	; (168c <xQueueGenericSend+0x1b4>)
    1584:	4798      	blx	r3
    1586:	1e03      	subs	r3, r0, #0
    1588:	d015      	beq.n	15b6 <xQueueGenericSend+0xde>
    158a:	4b41      	ldr	r3, [pc, #260]	; (1690 <xQueueGenericSend+0x1b8>)
    158c:	4798      	blx	r3
    158e:	e012      	b.n	15b6 <xQueueGenericSend+0xde>
    1590:	6a3b      	ldr	r3, [r7, #32]
    1592:	6a5b      	ldr	r3, [r3, #36]	; 0x24
    1594:	2b00      	cmp	r3, #0
    1596:	d009      	beq.n	15ac <xQueueGenericSend+0xd4>
    1598:	6a3b      	ldr	r3, [r7, #32]
    159a:	3324      	adds	r3, #36	; 0x24
    159c:	0018      	movs	r0, r3
    159e:	4b3d      	ldr	r3, [pc, #244]	; (1694 <xQueueGenericSend+0x1bc>)
    15a0:	4798      	blx	r3
    15a2:	1e03      	subs	r3, r0, #0
    15a4:	d007      	beq.n	15b6 <xQueueGenericSend+0xde>
    15a6:	4b3a      	ldr	r3, [pc, #232]	; (1690 <xQueueGenericSend+0x1b8>)
    15a8:	4798      	blx	r3
    15aa:	e004      	b.n	15b6 <xQueueGenericSend+0xde>
    15ac:	69fb      	ldr	r3, [r7, #28]
    15ae:	2b00      	cmp	r3, #0
    15b0:	d001      	beq.n	15b6 <xQueueGenericSend+0xde>
    15b2:	4b37      	ldr	r3, [pc, #220]	; (1690 <xQueueGenericSend+0x1b8>)
    15b4:	4798      	blx	r3
    15b6:	4b38      	ldr	r3, [pc, #224]	; (1698 <xQueueGenericSend+0x1c0>)
    15b8:	4798      	blx	r3
    15ba:	2301      	movs	r3, #1
    15bc:	e05c      	b.n	1678 <xQueueGenericSend+0x1a0>
    15be:	687b      	ldr	r3, [r7, #4]
    15c0:	2b00      	cmp	r3, #0
    15c2:	d103      	bne.n	15cc <xQueueGenericSend+0xf4>
    15c4:	4b34      	ldr	r3, [pc, #208]	; (1698 <xQueueGenericSend+0x1c0>)
    15c6:	4798      	blx	r3
    15c8:	2300      	movs	r3, #0
    15ca:	e055      	b.n	1678 <xQueueGenericSend+0x1a0>
    15cc:	6a7b      	ldr	r3, [r7, #36]	; 0x24
    15ce:	2b00      	cmp	r3, #0
    15d0:	d106      	bne.n	15e0 <xQueueGenericSend+0x108>
    15d2:	2314      	movs	r3, #20
    15d4:	18fb      	adds	r3, r7, r3
    15d6:	0018      	movs	r0, r3
    15d8:	4b30      	ldr	r3, [pc, #192]	; (169c <xQueueGenericSend+0x1c4>)
    15da:	4798      	blx	r3
    15dc:	2301      	movs	r3, #1
    15de:	627b      	str	r3, [r7, #36]	; 0x24
    15e0:	4b2d      	ldr	r3, [pc, #180]	; (1698 <xQueueGenericSend+0x1c0>)
    15e2:	4798      	blx	r3
    15e4:	4b2e      	ldr	r3, [pc, #184]	; (16a0 <xQueueGenericSend+0x1c8>)
    15e6:	4798      	blx	r3
    15e8:	4b26      	ldr	r3, [pc, #152]	; (1684 <xQueueGenericSend+0x1ac>)
    15ea:	4798      	blx	r3
    15ec:	6a3b      	ldr	r3, [r7, #32]
    15ee:	2244      	movs	r2, #68	; 0x44
    15f0:	5c9b      	ldrb	r3, [r3, r2]
    15f2:	b25b      	sxtb	r3, r3
    15f4:	3301      	adds	r3, #1
    15f6:	d103      	bne.n	1600 <xQueueGenericSend+0x128>
    15f8:	6a3b      	ldr	r3, [r7, #32]
    15fa:	2244      	movs	r2, #68	; 0x44
    15fc:	2100      	movs	r1, #0
    15fe:	5499      	strb	r1, [r3, r2]
    1600:	6a3b      	ldr	r3, [r7, #32]
    1602:	2245      	movs	r2, #69	; 0x45
    1604:	5c9b      	ldrb	r3, [r3, r2]
    1606:	b25b      	sxtb	r3, r3
    1608:	3301      	adds	r3, #1
    160a:	d103      	bne.n	1614 <xQueueGenericSend+0x13c>
    160c:	6a3b      	ldr	r3, [r7, #32]
    160e:	2245      	movs	r2, #69	; 0x45
    1610:	2100      	movs	r1, #0
    1612:	5499      	strb	r1, [r3, r2]
    1614:	4b20      	ldr	r3, [pc, #128]	; (1698 <xQueueGenericSend+0x1c0>)
    1616:	4798      	blx	r3
    1618:	1d3a      	adds	r2, r7, #4
    161a:	2314      	movs	r3, #20
    161c:	18fb      	adds	r3, r7, r3
    161e:	0011      	movs	r1, r2
    1620:	0018      	movs	r0, r3
    1622:	4b20      	ldr	r3, [pc, #128]	; (16a4 <xQueueGenericSend+0x1cc>)
    1624:	4798      	blx	r3
    1626:	1e03      	subs	r3, r0, #0
    1628:	d11f      	bne.n	166a <xQueueGenericSend+0x192>
    162a:	6a3b      	ldr	r3, [r7, #32]
    162c:	0018      	movs	r0, r3
    162e:	4b1e      	ldr	r3, [pc, #120]	; (16a8 <xQueueGenericSend+0x1d0>)
    1630:	4798      	blx	r3
    1632:	1e03      	subs	r3, r0, #0
    1634:	d012      	beq.n	165c <xQueueGenericSend+0x184>
    1636:	6a3b      	ldr	r3, [r7, #32]
    1638:	3310      	adds	r3, #16
    163a:	687a      	ldr	r2, [r7, #4]
    163c:	0011      	movs	r1, r2
    163e:	0018      	movs	r0, r3
    1640:	4b1a      	ldr	r3, [pc, #104]	; (16ac <xQueueGenericSend+0x1d4>)
    1642:	4798      	blx	r3
    1644:	6a3b      	ldr	r3, [r7, #32]
    1646:	0018      	movs	r0, r3
    1648:	4b19      	ldr	r3, [pc, #100]	; (16b0 <xQueueGenericSend+0x1d8>)
    164a:	4798      	blx	r3
    164c:	4b19      	ldr	r3, [pc, #100]	; (16b4 <xQueueGenericSend+0x1dc>)
    164e:	4798      	blx	r3
    1650:	1e03      	subs	r3, r0, #0
    1652:	d000      	beq.n	1656 <xQueueGenericSend+0x17e>
    1654:	e77a      	b.n	154c <xQueueGenericSend+0x74>
    1656:	4b0e      	ldr	r3, [pc, #56]	; (1690 <xQueueGenericSend+0x1b8>)
    1658:	4798      	blx	r3
    165a:	e777      	b.n	154c <xQueueGenericSend+0x74>
    165c:	6a3b      	ldr	r3, [r7, #32]
    165e:	0018      	movs	r0, r3
    1660:	4b13      	ldr	r3, [pc, #76]	; (16b0 <xQueueGenericSend+0x1d8>)
    1662:	4798      	blx	r3
    1664:	4b13      	ldr	r3, [pc, #76]	; (16b4 <xQueueGenericSend+0x1dc>)
    1666:	4798      	blx	r3
    1668:	e770      	b.n	154c <xQueueGenericSend+0x74>
    166a:	6a3b      	ldr	r3, [r7, #32]
    166c:	0018      	movs	r0, r3
    166e:	4b10      	ldr	r3, [pc, #64]	; (16b0 <xQueueGenericSend+0x1d8>)
    1670:	4798      	blx	r3
    1672:	4b10      	ldr	r3, [pc, #64]	; (16b4 <xQueueGenericSend+0x1dc>)
    1674:	4798      	blx	r3
    1676:	2300      	movs	r3, #0
    1678:	0018      	movs	r0, r3
    167a:	46bd      	mov	sp, r7
    167c:	b00a      	add	sp, #40	; 0x28
    167e:	bd80      	pop	{r7, pc}
    1680:	000029cd 	.word	0x000029cd
    1684:	00001141 	.word	0x00001141
    1688:	00001b99 	.word	0x00001b99
    168c:	00001e9d 	.word	0x00001e9d
    1690:	00001121 	.word	0x00001121
    1694:	00002695 	.word	0x00002695
    1698:	00001165 	.word	0x00001165
    169c:	00002755 	.word	0x00002755
    16a0:	00002259 	.word	0x00002259
    16a4:	0000277d 	.word	0x0000277d
    16a8:	00001ded 	.word	0x00001ded
    16ac:	000025fd 	.word	0x000025fd
    16b0:	00001cc9 	.word	0x00001cc9
    16b4:	00002271 	.word	0x00002271

000016b8 <xQueueGenericSendFromISR>:
    16b8:	b580      	push	{r7, lr}
    16ba:	b088      	sub	sp, #32
    16bc:	af00      	add	r7, sp, #0
    16be:	60f8      	str	r0, [r7, #12]
    16c0:	60b9      	str	r1, [r7, #8]
    16c2:	607a      	str	r2, [r7, #4]
    16c4:	603b      	str	r3, [r7, #0]
    16c6:	68fb      	ldr	r3, [r7, #12]
    16c8:	61bb      	str	r3, [r7, #24]
    16ca:	69bb      	ldr	r3, [r7, #24]
    16cc:	2b00      	cmp	r3, #0
    16ce:	d101      	bne.n	16d4 <xQueueGenericSendFromISR+0x1c>
    16d0:	b672      	cpsid	i
    16d2:	e7fe      	b.n	16d2 <xQueueGenericSendFromISR+0x1a>
    16d4:	68bb      	ldr	r3, [r7, #8]
    16d6:	2b00      	cmp	r3, #0
    16d8:	d103      	bne.n	16e2 <xQueueGenericSendFromISR+0x2a>
    16da:	69bb      	ldr	r3, [r7, #24]
    16dc:	6c1b      	ldr	r3, [r3, #64]	; 0x40
    16de:	2b00      	cmp	r3, #0
    16e0:	d101      	bne.n	16e6 <xQueueGenericSendFromISR+0x2e>
    16e2:	2301      	movs	r3, #1
    16e4:	e000      	b.n	16e8 <xQueueGenericSendFromISR+0x30>
    16e6:	2300      	movs	r3, #0
    16e8:	2b00      	cmp	r3, #0
    16ea:	d101      	bne.n	16f0 <xQueueGenericSendFromISR+0x38>
    16ec:	b672      	cpsid	i
    16ee:	e7fe      	b.n	16ee <xQueueGenericSendFromISR+0x36>
    16f0:	683b      	ldr	r3, [r7, #0]
    16f2:	2b02      	cmp	r3, #2
    16f4:	d103      	bne.n	16fe <xQueueGenericSendFromISR+0x46>
    16f6:	69bb      	ldr	r3, [r7, #24]
    16f8:	6bdb      	ldr	r3, [r3, #60]	; 0x3c
    16fa:	2b01      	cmp	r3, #1
    16fc:	d101      	bne.n	1702 <xQueueGenericSendFromISR+0x4a>
    16fe:	2301      	movs	r3, #1
    1700:	e000      	b.n	1704 <xQueueGenericSendFromISR+0x4c>
    1702:	2300      	movs	r3, #0
    1704:	2b00      	cmp	r3, #0
    1706:	d101      	bne.n	170c <xQueueGenericSendFromISR+0x54>
    1708:	b672      	cpsid	i
    170a:	e7fe      	b.n	170a <xQueueGenericSendFromISR+0x52>
    170c:	4b2d      	ldr	r3, [pc, #180]	; (17c4 <xQueueGenericSendFromISR+0x10c>)
    170e:	4798      	blx	r3
    1710:	0003      	movs	r3, r0
    1712:	617b      	str	r3, [r7, #20]
    1714:	69bb      	ldr	r3, [r7, #24]
    1716:	6b9a      	ldr	r2, [r3, #56]	; 0x38
    1718:	69bb      	ldr	r3, [r7, #24]
    171a:	6bdb      	ldr	r3, [r3, #60]	; 0x3c
    171c:	429a      	cmp	r2, r3
    171e:	d302      	bcc.n	1726 <xQueueGenericSendFromISR+0x6e>
    1720:	683b      	ldr	r3, [r7, #0]
    1722:	2b02      	cmp	r3, #2
    1724:	d142      	bne.n	17ac <xQueueGenericSendFromISR+0xf4>
    1726:	2313      	movs	r3, #19
    1728:	18fb      	adds	r3, r7, r3
    172a:	69ba      	ldr	r2, [r7, #24]
    172c:	2145      	movs	r1, #69	; 0x45
    172e:	5c52      	ldrb	r2, [r2, r1]
    1730:	701a      	strb	r2, [r3, #0]
    1732:	683a      	ldr	r2, [r7, #0]
    1734:	68b9      	ldr	r1, [r7, #8]
    1736:	69bb      	ldr	r3, [r7, #24]
    1738:	0018      	movs	r0, r3
    173a:	4b23      	ldr	r3, [pc, #140]	; (17c8 <xQueueGenericSendFromISR+0x110>)
    173c:	4798      	blx	r3
    173e:	2313      	movs	r3, #19
    1740:	18fb      	adds	r3, r7, r3
    1742:	781b      	ldrb	r3, [r3, #0]
    1744:	b25b      	sxtb	r3, r3
    1746:	3301      	adds	r3, #1
    1748:	d124      	bne.n	1794 <xQueueGenericSendFromISR+0xdc>
    174a:	69bb      	ldr	r3, [r7, #24]
    174c:	6c9b      	ldr	r3, [r3, #72]	; 0x48
    174e:	2b00      	cmp	r3, #0
    1750:	d00e      	beq.n	1770 <xQueueGenericSendFromISR+0xb8>
    1752:	683a      	ldr	r2, [r7, #0]
    1754:	69bb      	ldr	r3, [r7, #24]
    1756:	0011      	movs	r1, r2
    1758:	0018      	movs	r0, r3
    175a:	4b1c      	ldr	r3, [pc, #112]	; (17cc <xQueueGenericSendFromISR+0x114>)
    175c:	4798      	blx	r3
    175e:	1e03      	subs	r3, r0, #0
    1760:	d021      	beq.n	17a6 <xQueueGenericSendFromISR+0xee>
    1762:	687b      	ldr	r3, [r7, #4]
    1764:	2b00      	cmp	r3, #0
    1766:	d01e      	beq.n	17a6 <xQueueGenericSendFromISR+0xee>
    1768:	687b      	ldr	r3, [r7, #4]
    176a:	2201      	movs	r2, #1
    176c:	601a      	str	r2, [r3, #0]
    176e:	e01a      	b.n	17a6 <xQueueGenericSendFromISR+0xee>
    1770:	69bb      	ldr	r3, [r7, #24]
    1772:	6a5b      	ldr	r3, [r3, #36]	; 0x24
    1774:	2b00      	cmp	r3, #0
    1776:	d016      	beq.n	17a6 <xQueueGenericSendFromISR+0xee>
    1778:	69bb      	ldr	r3, [r7, #24]
    177a:	3324      	adds	r3, #36	; 0x24
    177c:	0018      	movs	r0, r3
    177e:	4b14      	ldr	r3, [pc, #80]	; (17d0 <xQueueGenericSendFromISR+0x118>)
    1780:	4798      	blx	r3
    1782:	1e03      	subs	r3, r0, #0
    1784:	d00f      	beq.n	17a6 <xQueueGenericSendFromISR+0xee>
    1786:	687b      	ldr	r3, [r7, #4]
    1788:	2b00      	cmp	r3, #0
    178a:	d00c      	beq.n	17a6 <xQueueGenericSendFromISR+0xee>
    178c:	687b      	ldr	r3, [r7, #4]
    178e:	2201      	movs	r2, #1
    1790:	601a      	str	r2, [r3, #0]
    1792:	e008      	b.n	17a6 <xQueueGenericSendFromISR+0xee>
    1794:	2313      	movs	r3, #19
    1796:	18fb      	adds	r3, r7, r3
    1798:	781b      	ldrb	r3, [r3, #0]
    179a:	3301      	adds	r3, #1
    179c:	b2db      	uxtb	r3, r3
    179e:	b259      	sxtb	r1, r3
    17a0:	69bb      	ldr	r3, [r7, #24]
    17a2:	2245      	movs	r2, #69	; 0x45
    17a4:	5499      	strb	r1, [r3, r2]
    17a6:	2301      	movs	r3, #1
    17a8:	61fb      	str	r3, [r7, #28]
    17aa:	e001      	b.n	17b0 <xQueueGenericSendFromISR+0xf8>
    17ac:	2300      	movs	r3, #0
    17ae:	61fb      	str	r3, [r7, #28]
    17b0:	697b      	ldr	r3, [r7, #20]
    17b2:	0018      	movs	r0, r3
    17b4:	4b07      	ldr	r3, [pc, #28]	; (17d4 <xQueueGenericSendFromISR+0x11c>)
    17b6:	4798      	blx	r3
    17b8:	69fb      	ldr	r3, [r7, #28]
    17ba:	0018      	movs	r0, r3
    17bc:	46bd      	mov	sp, r7
    17be:	b008      	add	sp, #32
    17c0:	bd80      	pop	{r7, pc}
    17c2:	46c0      	nop			; (mov r8, r8)
    17c4:	00001195 	.word	0x00001195
    17c8:	00001b99 	.word	0x00001b99
    17cc:	00001e9d 	.word	0x00001e9d
    17d0:	00002695 	.word	0x00002695
    17d4:	000011a1 	.word	0x000011a1

000017d8 <xQueueReceive>:
    17d8:	b580      	push	{r7, lr}
    17da:	b08a      	sub	sp, #40	; 0x28
    17dc:	af00      	add	r7, sp, #0
    17de:	60f8      	str	r0, [r7, #12]
    17e0:	60b9      	str	r1, [r7, #8]
    17e2:	607a      	str	r2, [r7, #4]
    17e4:	2300      	movs	r3, #0
    17e6:	627b      	str	r3, [r7, #36]	; 0x24
    17e8:	68fb      	ldr	r3, [r7, #12]
    17ea:	623b      	str	r3, [r7, #32]
    17ec:	6a3b      	ldr	r3, [r7, #32]
    17ee:	2b00      	cmp	r3, #0
    17f0:	d101      	bne.n	17f6 <xQueueReceive+0x1e>
    17f2:	b672      	cpsid	i
    17f4:	e7fe      	b.n	17f4 <xQueueReceive+0x1c>
    17f6:	68bb      	ldr	r3, [r7, #8]
    17f8:	2b00      	cmp	r3, #0
    17fa:	d103      	bne.n	1804 <xQueueReceive+0x2c>
    17fc:	6a3b      	ldr	r3, [r7, #32]
    17fe:	6c1b      	ldr	r3, [r3, #64]	; 0x40
    1800:	2b00      	cmp	r3, #0
    1802:	d101      	bne.n	1808 <xQueueReceive+0x30>
    1804:	2301      	movs	r3, #1
    1806:	e000      	b.n	180a <xQueueReceive+0x32>
    1808:	2300      	movs	r3, #0
    180a:	2b00      	cmp	r3, #0
    180c:	d101      	bne.n	1812 <xQueueReceive+0x3a>
    180e:	b672      	cpsid	i
    1810:	e7fe      	b.n	1810 <xQueueReceive+0x38>
    1812:	4b4c      	ldr	r3, [pc, #304]	; (1944 <xQueueReceive+0x16c>)
    1814:	4798      	blx	r3
    1816:	1e03      	subs	r3, r0, #0
    1818:	d102      	bne.n	1820 <xQueueReceive+0x48>
    181a:	687b      	ldr	r3, [r7, #4]
    181c:	2b00      	cmp	r3, #0
    181e:	d101      	bne.n	1824 <xQueueReceive+0x4c>
    1820:	2301      	movs	r3, #1
    1822:	e000      	b.n	1826 <xQueueReceive+0x4e>
    1824:	2300      	movs	r3, #0
    1826:	2b00      	cmp	r3, #0
    1828:	d101      	bne.n	182e <xQueueReceive+0x56>
    182a:	b672      	cpsid	i
    182c:	e7fe      	b.n	182c <xQueueReceive+0x54>
    182e:	4b46      	ldr	r3, [pc, #280]	; (1948 <xQueueReceive+0x170>)
    1830:	4798      	blx	r3
    1832:	6a3b      	ldr	r3, [r7, #32]
    1834:	6b9b      	ldr	r3, [r3, #56]	; 0x38
    1836:	61fb      	str	r3, [r7, #28]
    1838:	69fb      	ldr	r3, [r7, #28]
    183a:	2b00      	cmp	r3, #0
    183c:	d01a      	beq.n	1874 <xQueueReceive+0x9c>
    183e:	68ba      	ldr	r2, [r7, #8]
    1840:	6a3b      	ldr	r3, [r7, #32]
    1842:	0011      	movs	r1, r2
    1844:	0018      	movs	r0, r3
    1846:	4b41      	ldr	r3, [pc, #260]	; (194c <xQueueReceive+0x174>)
    1848:	4798      	blx	r3
    184a:	69fb      	ldr	r3, [r7, #28]
    184c:	1e5a      	subs	r2, r3, #1
    184e:	6a3b      	ldr	r3, [r7, #32]
    1850:	639a      	str	r2, [r3, #56]	; 0x38
    1852:	6a3b      	ldr	r3, [r7, #32]
    1854:	691b      	ldr	r3, [r3, #16]
    1856:	2b00      	cmp	r3, #0
    1858:	d008      	beq.n	186c <xQueueReceive+0x94>
    185a:	6a3b      	ldr	r3, [r7, #32]
    185c:	3310      	adds	r3, #16
    185e:	0018      	movs	r0, r3
    1860:	4b3b      	ldr	r3, [pc, #236]	; (1950 <xQueueReceive+0x178>)
    1862:	4798      	blx	r3
    1864:	1e03      	subs	r3, r0, #0
    1866:	d001      	beq.n	186c <xQueueReceive+0x94>
    1868:	4b3a      	ldr	r3, [pc, #232]	; (1954 <xQueueReceive+0x17c>)
    186a:	4798      	blx	r3
    186c:	4b3a      	ldr	r3, [pc, #232]	; (1958 <xQueueReceive+0x180>)
    186e:	4798      	blx	r3
    1870:	2301      	movs	r3, #1
    1872:	e062      	b.n	193a <xQueueReceive+0x162>
    1874:	687b      	ldr	r3, [r7, #4]
    1876:	2b00      	cmp	r3, #0
    1878:	d103      	bne.n	1882 <xQueueReceive+0xaa>
    187a:	4b37      	ldr	r3, [pc, #220]	; (1958 <xQueueReceive+0x180>)
    187c:	4798      	blx	r3
    187e:	2300      	movs	r3, #0
    1880:	e05b      	b.n	193a <xQueueReceive+0x162>
    1882:	6a7b      	ldr	r3, [r7, #36]	; 0x24
    1884:	2b00      	cmp	r3, #0
    1886:	d106      	bne.n	1896 <xQueueReceive+0xbe>
    1888:	2314      	movs	r3, #20
    188a:	18fb      	adds	r3, r7, r3
    188c:	0018      	movs	r0, r3
    188e:	4b33      	ldr	r3, [pc, #204]	; (195c <xQueueReceive+0x184>)
    1890:	4798      	blx	r3
    1892:	2301      	movs	r3, #1
    1894:	627b      	str	r3, [r7, #36]	; 0x24
    1896:	4b30      	ldr	r3, [pc, #192]	; (1958 <xQueueReceive+0x180>)
    1898:	4798      	blx	r3
    189a:	4b31      	ldr	r3, [pc, #196]	; (1960 <xQueueReceive+0x188>)
    189c:	4798      	blx	r3
    189e:	4b2a      	ldr	r3, [pc, #168]	; (1948 <xQueueReceive+0x170>)
    18a0:	4798      	blx	r3
    18a2:	6a3b      	ldr	r3, [r7, #32]
    18a4:	2244      	movs	r2, #68	; 0x44
    18a6:	5c9b      	ldrb	r3, [r3, r2]
    18a8:	b25b      	sxtb	r3, r3
    18aa:	3301      	adds	r3, #1
    18ac:	d103      	bne.n	18b6 <xQueueReceive+0xde>
    18ae:	6a3b      	ldr	r3, [r7, #32]
    18b0:	2244      	movs	r2, #68	; 0x44
    18b2:	2100      	movs	r1, #0
    18b4:	5499      	strb	r1, [r3, r2]
    18b6:	6a3b      	ldr	r3, [r7, #32]
    18b8:	2245      	movs	r2, #69	; 0x45
    18ba:	5c9b      	ldrb	r3, [r3, r2]
    18bc:	b25b      	sxtb	r3, r3
    18be:	3301      	adds	r3, #1
    18c0:	d103      	bne.n	18ca <xQueueReceive+0xf2>
    18c2:	6a3b      	ldr	r3, [r7, #32]
    18c4:	2245      	movs	r2, #69	; 0x45
    18c6:	2100      	movs	r1, #0
    18c8:	5499      	strb	r1, [r3, r2]
    18ca:	4b23      	ldr	r3, [pc, #140]	; (1958 <xQueueReceive+0x180>)
    18cc:	4798      	blx	r3
    18ce:	1d3a      	adds	r2, r7, #4
    18d0:	2314      	movs	r3, #20
    18d2:	18fb      	adds	r3, r7, r3
    18d4:	0011      	movs	r1, r2
    18d6:	0018      	movs	r0, r3
    18d8:	4b22      	ldr	r3, [pc, #136]	; (1964 <xQueueReceive+0x18c>)
    18da:	4798      	blx	r3
    18dc:	1e03      	subs	r3, r0, #0
    18de:	d11e      	bne.n	191e <xQueueReceive+0x146>
    18e0:	6a3b      	ldr	r3, [r7, #32]
    18e2:	0018      	movs	r0, r3
    18e4:	4b20      	ldr	r3, [pc, #128]	; (1968 <xQueueReceive+0x190>)
    18e6:	4798      	blx	r3
    18e8:	1e03      	subs	r3, r0, #0
    18ea:	d011      	beq.n	1910 <xQueueReceive+0x138>
    18ec:	6a3b      	ldr	r3, [r7, #32]
    18ee:	3324      	adds	r3, #36	; 0x24
    18f0:	687a      	ldr	r2, [r7, #4]
    18f2:	0011      	movs	r1, r2
    18f4:	0018      	movs	r0, r3
    18f6:	4b1d      	ldr	r3, [pc, #116]	; (196c <xQueueReceive+0x194>)
    18f8:	4798      	blx	r3
    18fa:	6a3b      	ldr	r3, [r7, #32]
    18fc:	0018      	movs	r0, r3
    18fe:	4b1c      	ldr	r3, [pc, #112]	; (1970 <xQueueReceive+0x198>)
    1900:	4798      	blx	r3
    1902:	4b1c      	ldr	r3, [pc, #112]	; (1974 <xQueueReceive+0x19c>)
    1904:	4798      	blx	r3
    1906:	1e03      	subs	r3, r0, #0
    1908:	d191      	bne.n	182e <xQueueReceive+0x56>
    190a:	4b12      	ldr	r3, [pc, #72]	; (1954 <xQueueReceive+0x17c>)
    190c:	4798      	blx	r3
    190e:	e78e      	b.n	182e <xQueueReceive+0x56>
    1910:	6a3b      	ldr	r3, [r7, #32]
    1912:	0018      	movs	r0, r3
    1914:	4b16      	ldr	r3, [pc, #88]	; (1970 <xQueueReceive+0x198>)
    1916:	4798      	blx	r3
    1918:	4b16      	ldr	r3, [pc, #88]	; (1974 <xQueueReceive+0x19c>)
    191a:	4798      	blx	r3
    191c:	e787      	b.n	182e <xQueueReceive+0x56>
    191e:	6a3b      	ldr	r3, [r7, #32]
    1920:	0018      	movs	r0, r3
    1922:	4b13      	ldr	r3, [pc, #76]	; (1970 <xQueueReceive+0x198>)
    1924:	4798      	blx	r3
    1926:	4b13      	ldr	r3, [pc, #76]	; (1974 <xQueueReceive+0x19c>)
    1928:	4798      	blx	r3
    192a:	6a3b      	ldr	r3, [r7, #32]
    192c:	0018      	movs	r0, r3
    192e:	4b0e      	ldr	r3, [pc, #56]	; (1968 <xQueueReceive+0x190>)
    1930:	4798      	blx	r3
    1932:	1e03      	subs	r3, r0, #0
    1934:	d100      	bne.n	1938 <xQueueReceive+0x160>
    1936:	e77a      	b.n	182e <xQueueReceive+0x56>
    1938:	2300      	movs	r3, #0
    193a:	0018      	movs	r0, r3
    193c:	46bd      	mov	sp, r7
    193e:	b00a      	add	sp, #40	; 0x28
    1940:	bd80      	pop	{r7, pc}
    1942:	46c0      	nop			; (mov r8, r8)
    1944:	000029cd 	.word	0x000029cd
    1948:	00001141 	.word	0x00001141
    194c:	00001c79 	.word	0x00001c79
    1950:	00002695 	.word	0x00002695
    1954:	00001121 	.word	0x00001121
    1958:	00001165 	.word	0x00001165
    195c:	00002755 	.word	0x00002755
    1960:	00002259 	.word	0x00002259
    1964:	0000277d 	.word	0x0000277d
    1968:	00001db9 	.word	0x00001db9
    196c:	000025fd 	.word	0x000025fd
    1970:	00001cc9 	.word	0x00001cc9
    1974:	00002271 	.word	0x00002271

00001978 <xQueueSemaphoreTake>:
    1978:	b580      	push	{r7, lr}
    197a:	b08a      	sub	sp, #40	; 0x28
    197c:	af00      	add	r7, sp, #0
    197e:	6078      	str	r0, [r7, #4]
    1980:	6039      	str	r1, [r7, #0]
    1982:	2300      	movs	r3, #0
    1984:	627b      	str	r3, [r7, #36]	; 0x24
    1986:	687b      	ldr	r3, [r7, #4]
    1988:	61fb      	str	r3, [r7, #28]
    198a:	2300      	movs	r3, #0
    198c:	623b      	str	r3, [r7, #32]
    198e:	69fb      	ldr	r3, [r7, #28]
    1990:	2b00      	cmp	r3, #0
    1992:	d101      	bne.n	1998 <xQueueSemaphoreTake+0x20>
    1994:	b672      	cpsid	i
    1996:	e7fe      	b.n	1996 <xQueueSemaphoreTake+0x1e>
    1998:	69fb      	ldr	r3, [r7, #28]
    199a:	6c1b      	ldr	r3, [r3, #64]	; 0x40
    199c:	2b00      	cmp	r3, #0
    199e:	d001      	beq.n	19a4 <xQueueSemaphoreTake+0x2c>
    19a0:	b672      	cpsid	i
    19a2:	e7fe      	b.n	19a2 <xQueueSemaphoreTake+0x2a>
    19a4:	4b61      	ldr	r3, [pc, #388]	; (1b2c <xQueueSemaphoreTake+0x1b4>)
    19a6:	4798      	blx	r3
    19a8:	1e03      	subs	r3, r0, #0
    19aa:	d102      	bne.n	19b2 <xQueueSemaphoreTake+0x3a>
    19ac:	683b      	ldr	r3, [r7, #0]
    19ae:	2b00      	cmp	r3, #0
    19b0:	d101      	bne.n	19b6 <xQueueSemaphoreTake+0x3e>
    19b2:	2301      	movs	r3, #1
    19b4:	e000      	b.n	19b8 <xQueueSemaphoreTake+0x40>
    19b6:	2300      	movs	r3, #0
    19b8:	2b00      	cmp	r3, #0
    19ba:	d101      	bne.n	19c0 <xQueueSemaphoreTake+0x48>
    19bc:	b672      	cpsid	i
    19be:	e7fe      	b.n	19be <xQueueSemaphoreTake+0x46>
    19c0:	4b5b      	ldr	r3, [pc, #364]	; (1b30 <xQueueSemaphoreTake+0x1b8>)
    19c2:	4798      	blx	r3
    19c4:	69fb      	ldr	r3, [r7, #28]
    19c6:	6b9b      	ldr	r3, [r3, #56]	; 0x38
    19c8:	61bb      	str	r3, [r7, #24]
    19ca:	69bb      	ldr	r3, [r7, #24]
    19cc:	2b00      	cmp	r3, #0
    19ce:	d01d      	beq.n	1a0c <xQueueSemaphoreTake+0x94>
    19d0:	69bb      	ldr	r3, [r7, #24]
    19d2:	1e5a      	subs	r2, r3, #1
    19d4:	69fb      	ldr	r3, [r7, #28]
    19d6:	639a      	str	r2, [r3, #56]	; 0x38
    19d8:	69fb      	ldr	r3, [r7, #28]
    19da:	681b      	ldr	r3, [r3, #0]
    19dc:	2b00      	cmp	r3, #0
    19de:	d104      	bne.n	19ea <xQueueSemaphoreTake+0x72>
    19e0:	4b54      	ldr	r3, [pc, #336]	; (1b34 <xQueueSemaphoreTake+0x1bc>)
    19e2:	4798      	blx	r3
    19e4:	0002      	movs	r2, r0
    19e6:	69fb      	ldr	r3, [r7, #28]
    19e8:	605a      	str	r2, [r3, #4]
    19ea:	69fb      	ldr	r3, [r7, #28]
    19ec:	691b      	ldr	r3, [r3, #16]
    19ee:	2b00      	cmp	r3, #0
    19f0:	d008      	beq.n	1a04 <xQueueSemaphoreTake+0x8c>
    19f2:	69fb      	ldr	r3, [r7, #28]
    19f4:	3310      	adds	r3, #16
    19f6:	0018      	movs	r0, r3
    19f8:	4b4f      	ldr	r3, [pc, #316]	; (1b38 <xQueueSemaphoreTake+0x1c0>)
    19fa:	4798      	blx	r3
    19fc:	1e03      	subs	r3, r0, #0
    19fe:	d001      	beq.n	1a04 <xQueueSemaphoreTake+0x8c>
    1a00:	4b4e      	ldr	r3, [pc, #312]	; (1b3c <xQueueSemaphoreTake+0x1c4>)
    1a02:	4798      	blx	r3
    1a04:	4b4e      	ldr	r3, [pc, #312]	; (1b40 <xQueueSemaphoreTake+0x1c8>)
    1a06:	4798      	blx	r3
    1a08:	2301      	movs	r3, #1
    1a0a:	e08b      	b.n	1b24 <xQueueSemaphoreTake+0x1ac>
    1a0c:	683b      	ldr	r3, [r7, #0]
    1a0e:	2b00      	cmp	r3, #0
    1a10:	d108      	bne.n	1a24 <xQueueSemaphoreTake+0xac>
    1a12:	6a3b      	ldr	r3, [r7, #32]
    1a14:	2b00      	cmp	r3, #0
    1a16:	d001      	beq.n	1a1c <xQueueSemaphoreTake+0xa4>
    1a18:	b672      	cpsid	i
    1a1a:	e7fe      	b.n	1a1a <xQueueSemaphoreTake+0xa2>
    1a1c:	4b48      	ldr	r3, [pc, #288]	; (1b40 <xQueueSemaphoreTake+0x1c8>)
    1a1e:	4798      	blx	r3
    1a20:	2300      	movs	r3, #0
    1a22:	e07f      	b.n	1b24 <xQueueSemaphoreTake+0x1ac>
    1a24:	6a7b      	ldr	r3, [r7, #36]	; 0x24
    1a26:	2b00      	cmp	r3, #0
    1a28:	d106      	bne.n	1a38 <xQueueSemaphoreTake+0xc0>
    1a2a:	230c      	movs	r3, #12
    1a2c:	18fb      	adds	r3, r7, r3
    1a2e:	0018      	movs	r0, r3
    1a30:	4b44      	ldr	r3, [pc, #272]	; (1b44 <xQueueSemaphoreTake+0x1cc>)
    1a32:	4798      	blx	r3
    1a34:	2301      	movs	r3, #1
    1a36:	627b      	str	r3, [r7, #36]	; 0x24
    1a38:	4b41      	ldr	r3, [pc, #260]	; (1b40 <xQueueSemaphoreTake+0x1c8>)
    1a3a:	4798      	blx	r3
    1a3c:	4b42      	ldr	r3, [pc, #264]	; (1b48 <xQueueSemaphoreTake+0x1d0>)
    1a3e:	4798      	blx	r3
    1a40:	4b3b      	ldr	r3, [pc, #236]	; (1b30 <xQueueSemaphoreTake+0x1b8>)
    1a42:	4798      	blx	r3
    1a44:	69fb      	ldr	r3, [r7, #28]
    1a46:	2244      	movs	r2, #68	; 0x44
    1a48:	5c9b      	ldrb	r3, [r3, r2]
    1a4a:	b25b      	sxtb	r3, r3
    1a4c:	3301      	adds	r3, #1
    1a4e:	d103      	bne.n	1a58 <xQueueSemaphoreTake+0xe0>
    1a50:	69fb      	ldr	r3, [r7, #28]
    1a52:	2244      	movs	r2, #68	; 0x44
    1a54:	2100      	movs	r1, #0
    1a56:	5499      	strb	r1, [r3, r2]
    1a58:	69fb      	ldr	r3, [r7, #28]
    1a5a:	2245      	movs	r2, #69	; 0x45
    1a5c:	5c9b      	ldrb	r3, [r3, r2]
    1a5e:	b25b      	sxtb	r3, r3
    1a60:	3301      	adds	r3, #1
    1a62:	d103      	bne.n	1a6c <xQueueSemaphoreTake+0xf4>
    1a64:	69fb      	ldr	r3, [r7, #28]
    1a66:	2245      	movs	r2, #69	; 0x45
    1a68:	2100      	movs	r1, #0
    1a6a:	5499      	strb	r1, [r3, r2]
    1a6c:	4b34      	ldr	r3, [pc, #208]	; (1b40 <xQueueSemaphoreTake+0x1c8>)
    1a6e:	4798      	blx	r3
    1a70:	003a      	movs	r2, r7
    1a72:	230c      	movs	r3, #12
    1a74:	18fb      	adds	r3, r7, r3
    1a76:	0011      	movs	r1, r2
    1a78:	0018      	movs	r0, r3
    1a7a:	4b34      	ldr	r3, [pc, #208]	; (1b4c <xQueueSemaphoreTake+0x1d4>)
    1a7c:	4798      	blx	r3
    1a7e:	1e03      	subs	r3, r0, #0
    1a80:	d12e      	bne.n	1ae0 <xQueueSemaphoreTake+0x168>
    1a82:	69fb      	ldr	r3, [r7, #28]
    1a84:	0018      	movs	r0, r3
    1a86:	4b32      	ldr	r3, [pc, #200]	; (1b50 <xQueueSemaphoreTake+0x1d8>)
    1a88:	4798      	blx	r3
    1a8a:	1e03      	subs	r3, r0, #0
    1a8c:	d021      	beq.n	1ad2 <xQueueSemaphoreTake+0x15a>
    1a8e:	69fb      	ldr	r3, [r7, #28]
    1a90:	681b      	ldr	r3, [r3, #0]
    1a92:	2b00      	cmp	r3, #0
    1a94:	d10a      	bne.n	1aac <xQueueSemaphoreTake+0x134>
    1a96:	4b26      	ldr	r3, [pc, #152]	; (1b30 <xQueueSemaphoreTake+0x1b8>)
    1a98:	4798      	blx	r3
    1a9a:	69fb      	ldr	r3, [r7, #28]
    1a9c:	685b      	ldr	r3, [r3, #4]
    1a9e:	0018      	movs	r0, r3
    1aa0:	4b2c      	ldr	r3, [pc, #176]	; (1b54 <xQueueSemaphoreTake+0x1dc>)
    1aa2:	4798      	blx	r3
    1aa4:	0003      	movs	r3, r0
    1aa6:	623b      	str	r3, [r7, #32]
    1aa8:	4b25      	ldr	r3, [pc, #148]	; (1b40 <xQueueSemaphoreTake+0x1c8>)
    1aaa:	4798      	blx	r3
    1aac:	69fb      	ldr	r3, [r7, #28]
    1aae:	3324      	adds	r3, #36	; 0x24
    1ab0:	683a      	ldr	r2, [r7, #0]
    1ab2:	0011      	movs	r1, r2
    1ab4:	0018      	movs	r0, r3
    1ab6:	4b28      	ldr	r3, [pc, #160]	; (1b58 <xQueueSemaphoreTake+0x1e0>)
    1ab8:	4798      	blx	r3
    1aba:	69fb      	ldr	r3, [r7, #28]
    1abc:	0018      	movs	r0, r3
    1abe:	4b27      	ldr	r3, [pc, #156]	; (1b5c <xQueueSemaphoreTake+0x1e4>)
    1ac0:	4798      	blx	r3
    1ac2:	4b27      	ldr	r3, [pc, #156]	; (1b60 <xQueueSemaphoreTake+0x1e8>)
    1ac4:	4798      	blx	r3
    1ac6:	1e03      	subs	r3, r0, #0
    1ac8:	d000      	beq.n	1acc <xQueueSemaphoreTake+0x154>
    1aca:	e779      	b.n	19c0 <xQueueSemaphoreTake+0x48>
    1acc:	4b1b      	ldr	r3, [pc, #108]	; (1b3c <xQueueSemaphoreTake+0x1c4>)
    1ace:	4798      	blx	r3
    1ad0:	e776      	b.n	19c0 <xQueueSemaphoreTake+0x48>
    1ad2:	69fb      	ldr	r3, [r7, #28]
    1ad4:	0018      	movs	r0, r3
    1ad6:	4b21      	ldr	r3, [pc, #132]	; (1b5c <xQueueSemaphoreTake+0x1e4>)
    1ad8:	4798      	blx	r3
    1ada:	4b21      	ldr	r3, [pc, #132]	; (1b60 <xQueueSemaphoreTake+0x1e8>)
    1adc:	4798      	blx	r3
    1ade:	e76f      	b.n	19c0 <xQueueSemaphoreTake+0x48>
    1ae0:	69fb      	ldr	r3, [r7, #28]
    1ae2:	0018      	movs	r0, r3
    1ae4:	4b1d      	ldr	r3, [pc, #116]	; (1b5c <xQueueSemaphoreTake+0x1e4>)
    1ae6:	4798      	blx	r3
    1ae8:	4b1d      	ldr	r3, [pc, #116]	; (1b60 <xQueueSemaphoreTake+0x1e8>)
    1aea:	4798      	blx	r3
    1aec:	69fb      	ldr	r3, [r7, #28]
    1aee:	0018      	movs	r0, r3
    1af0:	4b17      	ldr	r3, [pc, #92]	; (1b50 <xQueueSemaphoreTake+0x1d8>)
    1af2:	4798      	blx	r3
    1af4:	1e03      	subs	r3, r0, #0
    1af6:	d100      	bne.n	1afa <xQueueSemaphoreTake+0x182>
    1af8:	e762      	b.n	19c0 <xQueueSemaphoreTake+0x48>
    1afa:	6a3b      	ldr	r3, [r7, #32]
    1afc:	2b00      	cmp	r3, #0
    1afe:	d010      	beq.n	1b22 <xQueueSemaphoreTake+0x1aa>
    1b00:	4b0b      	ldr	r3, [pc, #44]	; (1b30 <xQueueSemaphoreTake+0x1b8>)
    1b02:	4798      	blx	r3
    1b04:	69fb      	ldr	r3, [r7, #28]
    1b06:	0018      	movs	r0, r3
    1b08:	4b16      	ldr	r3, [pc, #88]	; (1b64 <xQueueSemaphoreTake+0x1ec>)
    1b0a:	4798      	blx	r3
    1b0c:	0003      	movs	r3, r0
    1b0e:	617b      	str	r3, [r7, #20]
    1b10:	69fb      	ldr	r3, [r7, #28]
    1b12:	685b      	ldr	r3, [r3, #4]
    1b14:	697a      	ldr	r2, [r7, #20]
    1b16:	0011      	movs	r1, r2
    1b18:	0018      	movs	r0, r3
    1b1a:	4b13      	ldr	r3, [pc, #76]	; (1b68 <xQueueSemaphoreTake+0x1f0>)
    1b1c:	4798      	blx	r3
    1b1e:	4b08      	ldr	r3, [pc, #32]	; (1b40 <xQueueSemaphoreTake+0x1c8>)
    1b20:	4798      	blx	r3
    1b22:	2300      	movs	r3, #0
    1b24:	0018      	movs	r0, r3
    1b26:	46bd      	mov	sp, r7
    1b28:	b00a      	add	sp, #40	; 0x28
    1b2a:	bd80      	pop	{r7, pc}
    1b2c:	000029cd 	.word	0x000029cd
    1b30:	00001141 	.word	0x00001141
    1b34:	00002c99 	.word	0x00002c99
    1b38:	00002695 	.word	0x00002695
    1b3c:	00001121 	.word	0x00001121
    1b40:	00001165 	.word	0x00001165
    1b44:	00002755 	.word	0x00002755
    1b48:	00002259 	.word	0x00002259
    1b4c:	0000277d 	.word	0x0000277d
    1b50:	00001db9 	.word	0x00001db9
    1b54:	00002a05 	.word	0x00002a05
    1b58:	000025fd 	.word	0x000025fd
    1b5c:	00001cc9 	.word	0x00001cc9
    1b60:	00002271 	.word	0x00002271
    1b64:	00001b6d 	.word	0x00001b6d
    1b68:	00002ba9 	.word	0x00002ba9

00001b6c <prvGetDisinheritPriorityAfterTimeout>:
    1b6c:	b580      	push	{r7, lr}
    1b6e:	b084      	sub	sp, #16
    1b70:	af00      	add	r7, sp, #0
    1b72:	6078      	str	r0, [r7, #4]
    1b74:	687b      	ldr	r3, [r7, #4]
    1b76:	6a5b      	ldr	r3, [r3, #36]	; 0x24
    1b78:	2b00      	cmp	r3, #0
    1b7a:	d006      	beq.n	1b8a <prvGetDisinheritPriorityAfterTimeout+0x1e>
    1b7c:	687b      	ldr	r3, [r7, #4]
    1b7e:	6b1b      	ldr	r3, [r3, #48]	; 0x30
    1b80:	681b      	ldr	r3, [r3, #0]
    1b82:	2205      	movs	r2, #5
    1b84:	1ad3      	subs	r3, r2, r3
    1b86:	60fb      	str	r3, [r7, #12]
    1b88:	e001      	b.n	1b8e <prvGetDisinheritPriorityAfterTimeout+0x22>
    1b8a:	2300      	movs	r3, #0
    1b8c:	60fb      	str	r3, [r7, #12]
    1b8e:	68fb      	ldr	r3, [r7, #12]
    1b90:	0018      	movs	r0, r3
    1b92:	46bd      	mov	sp, r7
    1b94:	b004      	add	sp, #16
    1b96:	bd80      	pop	{r7, pc}

00001b98 <prvCopyDataToQueue>:
    1b98:	b580      	push	{r7, lr}
    1b9a:	b086      	sub	sp, #24
    1b9c:	af00      	add	r7, sp, #0
    1b9e:	60f8      	str	r0, [r7, #12]
    1ba0:	60b9      	str	r1, [r7, #8]
    1ba2:	607a      	str	r2, [r7, #4]
    1ba4:	2300      	movs	r3, #0
    1ba6:	617b      	str	r3, [r7, #20]
    1ba8:	68fb      	ldr	r3, [r7, #12]
    1baa:	6b9b      	ldr	r3, [r3, #56]	; 0x38
    1bac:	613b      	str	r3, [r7, #16]
    1bae:	68fb      	ldr	r3, [r7, #12]
    1bb0:	6c1b      	ldr	r3, [r3, #64]	; 0x40
    1bb2:	2b00      	cmp	r3, #0
    1bb4:	d10e      	bne.n	1bd4 <prvCopyDataToQueue+0x3c>
    1bb6:	68fb      	ldr	r3, [r7, #12]
    1bb8:	681b      	ldr	r3, [r3, #0]
    1bba:	2b00      	cmp	r3, #0
    1bbc:	d14e      	bne.n	1c5c <prvCopyDataToQueue+0xc4>
    1bbe:	68fb      	ldr	r3, [r7, #12]
    1bc0:	685b      	ldr	r3, [r3, #4]
    1bc2:	0018      	movs	r0, r3
    1bc4:	4b2a      	ldr	r3, [pc, #168]	; (1c70 <prvCopyDataToQueue+0xd8>)
    1bc6:	4798      	blx	r3
    1bc8:	0003      	movs	r3, r0
    1bca:	617b      	str	r3, [r7, #20]
    1bcc:	68fb      	ldr	r3, [r7, #12]
    1bce:	2200      	movs	r2, #0
    1bd0:	605a      	str	r2, [r3, #4]
    1bd2:	e043      	b.n	1c5c <prvCopyDataToQueue+0xc4>
    1bd4:	687b      	ldr	r3, [r7, #4]
    1bd6:	2b00      	cmp	r3, #0
    1bd8:	d119      	bne.n	1c0e <prvCopyDataToQueue+0x76>
    1bda:	68fb      	ldr	r3, [r7, #12]
    1bdc:	6898      	ldr	r0, [r3, #8]
    1bde:	68fb      	ldr	r3, [r7, #12]
    1be0:	6c1a      	ldr	r2, [r3, #64]	; 0x40
    1be2:	68bb      	ldr	r3, [r7, #8]
    1be4:	0019      	movs	r1, r3
    1be6:	4b23      	ldr	r3, [pc, #140]	; (1c74 <prvCopyDataToQueue+0xdc>)
    1be8:	4798      	blx	r3
    1bea:	68fb      	ldr	r3, [r7, #12]
    1bec:	689a      	ldr	r2, [r3, #8]
    1bee:	68fb      	ldr	r3, [r7, #12]
    1bf0:	6c1b      	ldr	r3, [r3, #64]	; 0x40
    1bf2:	18d2      	adds	r2, r2, r3
    1bf4:	68fb      	ldr	r3, [r7, #12]
    1bf6:	609a      	str	r2, [r3, #8]
    1bf8:	68fb      	ldr	r3, [r7, #12]
    1bfa:	689a      	ldr	r2, [r3, #8]
    1bfc:	68fb      	ldr	r3, [r7, #12]
    1bfe:	685b      	ldr	r3, [r3, #4]
    1c00:	429a      	cmp	r2, r3
    1c02:	d32b      	bcc.n	1c5c <prvCopyDataToQueue+0xc4>
    1c04:	68fb      	ldr	r3, [r7, #12]
    1c06:	681a      	ldr	r2, [r3, #0]
    1c08:	68fb      	ldr	r3, [r7, #12]
    1c0a:	609a      	str	r2, [r3, #8]
    1c0c:	e026      	b.n	1c5c <prvCopyDataToQueue+0xc4>
    1c0e:	68fb      	ldr	r3, [r7, #12]
    1c10:	68d8      	ldr	r0, [r3, #12]
    1c12:	68fb      	ldr	r3, [r7, #12]
    1c14:	6c1a      	ldr	r2, [r3, #64]	; 0x40
    1c16:	68bb      	ldr	r3, [r7, #8]
    1c18:	0019      	movs	r1, r3
    1c1a:	4b16      	ldr	r3, [pc, #88]	; (1c74 <prvCopyDataToQueue+0xdc>)
    1c1c:	4798      	blx	r3
    1c1e:	68fb      	ldr	r3, [r7, #12]
    1c20:	68da      	ldr	r2, [r3, #12]
    1c22:	68fb      	ldr	r3, [r7, #12]
    1c24:	6c1b      	ldr	r3, [r3, #64]	; 0x40
    1c26:	425b      	negs	r3, r3
    1c28:	18d2      	adds	r2, r2, r3
    1c2a:	68fb      	ldr	r3, [r7, #12]
    1c2c:	60da      	str	r2, [r3, #12]
    1c2e:	68fb      	ldr	r3, [r7, #12]
    1c30:	68da      	ldr	r2, [r3, #12]
    1c32:	68fb      	ldr	r3, [r7, #12]
    1c34:	681b      	ldr	r3, [r3, #0]
    1c36:	429a      	cmp	r2, r3
    1c38:	d207      	bcs.n	1c4a <prvCopyDataToQueue+0xb2>
    1c3a:	68fb      	ldr	r3, [r7, #12]
    1c3c:	685a      	ldr	r2, [r3, #4]
    1c3e:	68fb      	ldr	r3, [r7, #12]
    1c40:	6c1b      	ldr	r3, [r3, #64]	; 0x40
    1c42:	425b      	negs	r3, r3
    1c44:	18d2      	adds	r2, r2, r3
    1c46:	68fb      	ldr	r3, [r7, #12]
    1c48:	60da      	str	r2, [r3, #12]
    1c4a:	687b      	ldr	r3, [r7, #4]
    1c4c:	2b02      	cmp	r3, #2
    1c4e:	d105      	bne.n	1c5c <prvCopyDataToQueue+0xc4>
    1c50:	693b      	ldr	r3, [r7, #16]
    1c52:	2b00      	cmp	r3, #0
    1c54:	d002      	beq.n	1c5c <prvCopyDataToQueue+0xc4>
    1c56:	693b      	ldr	r3, [r7, #16]
    1c58:	3b01      	subs	r3, #1
    1c5a:	613b      	str	r3, [r7, #16]
    1c5c:	693b      	ldr	r3, [r7, #16]
    1c5e:	1c5a      	adds	r2, r3, #1
    1c60:	68fb      	ldr	r3, [r7, #12]
    1c62:	639a      	str	r2, [r3, #56]	; 0x38
    1c64:	697b      	ldr	r3, [r7, #20]
    1c66:	0018      	movs	r0, r3
    1c68:	46bd      	mov	sp, r7
    1c6a:	b006      	add	sp, #24
    1c6c:	bd80      	pop	{r7, pc}
    1c6e:	46c0      	nop			; (mov r8, r8)
    1c70:	00002ae9 	.word	0x00002ae9
    1c74:	000058a5 	.word	0x000058a5

00001c78 <prvCopyDataFromQueue>:
    1c78:	b580      	push	{r7, lr}
    1c7a:	b082      	sub	sp, #8
    1c7c:	af00      	add	r7, sp, #0
    1c7e:	6078      	str	r0, [r7, #4]
    1c80:	6039      	str	r1, [r7, #0]
    1c82:	687b      	ldr	r3, [r7, #4]
    1c84:	6c1b      	ldr	r3, [r3, #64]	; 0x40
    1c86:	2b00      	cmp	r3, #0
    1c88:	d018      	beq.n	1cbc <prvCopyDataFromQueue+0x44>
    1c8a:	687b      	ldr	r3, [r7, #4]
    1c8c:	68da      	ldr	r2, [r3, #12]
    1c8e:	687b      	ldr	r3, [r7, #4]
    1c90:	6c1b      	ldr	r3, [r3, #64]	; 0x40
    1c92:	18d2      	adds	r2, r2, r3
    1c94:	687b      	ldr	r3, [r7, #4]
    1c96:	60da      	str	r2, [r3, #12]
    1c98:	687b      	ldr	r3, [r7, #4]
    1c9a:	68da      	ldr	r2, [r3, #12]
    1c9c:	687b      	ldr	r3, [r7, #4]
    1c9e:	685b      	ldr	r3, [r3, #4]
    1ca0:	429a      	cmp	r2, r3
    1ca2:	d303      	bcc.n	1cac <prvCopyDataFromQueue+0x34>
    1ca4:	687b      	ldr	r3, [r7, #4]
    1ca6:	681a      	ldr	r2, [r3, #0]
    1ca8:	687b      	ldr	r3, [r7, #4]
    1caa:	60da      	str	r2, [r3, #12]
    1cac:	687b      	ldr	r3, [r7, #4]
    1cae:	68d9      	ldr	r1, [r3, #12]
    1cb0:	687b      	ldr	r3, [r7, #4]
    1cb2:	6c1a      	ldr	r2, [r3, #64]	; 0x40
    1cb4:	683b      	ldr	r3, [r7, #0]
    1cb6:	0018      	movs	r0, r3
    1cb8:	4b02      	ldr	r3, [pc, #8]	; (1cc4 <prvCopyDataFromQueue+0x4c>)
    1cba:	4798      	blx	r3
    1cbc:	46c0      	nop			; (mov r8, r8)
    1cbe:	46bd      	mov	sp, r7
    1cc0:	b002      	add	sp, #8
    1cc2:	bd80      	pop	{r7, pc}
    1cc4:	000058a5 	.word	0x000058a5

00001cc8 <prvUnlockQueue>:
    1cc8:	b580      	push	{r7, lr}
    1cca:	b084      	sub	sp, #16
    1ccc:	af00      	add	r7, sp, #0
    1cce:	6078      	str	r0, [r7, #4]
    1cd0:	4b34      	ldr	r3, [pc, #208]	; (1da4 <prvUnlockQueue+0xdc>)
    1cd2:	4798      	blx	r3
    1cd4:	230f      	movs	r3, #15
    1cd6:	18fb      	adds	r3, r7, r3
    1cd8:	687a      	ldr	r2, [r7, #4]
    1cda:	2145      	movs	r1, #69	; 0x45
    1cdc:	5c52      	ldrb	r2, [r2, r1]
    1cde:	701a      	strb	r2, [r3, #0]
    1ce0:	e022      	b.n	1d28 <prvUnlockQueue+0x60>
    1ce2:	687b      	ldr	r3, [r7, #4]
    1ce4:	6c9b      	ldr	r3, [r3, #72]	; 0x48
    1ce6:	2b00      	cmp	r3, #0
    1ce8:	d009      	beq.n	1cfe <prvUnlockQueue+0x36>
    1cea:	687b      	ldr	r3, [r7, #4]
    1cec:	2100      	movs	r1, #0
    1cee:	0018      	movs	r0, r3
    1cf0:	4b2d      	ldr	r3, [pc, #180]	; (1da8 <prvUnlockQueue+0xe0>)
    1cf2:	4798      	blx	r3
    1cf4:	1e03      	subs	r3, r0, #0
    1cf6:	d00f      	beq.n	1d18 <prvUnlockQueue+0x50>
    1cf8:	4b2c      	ldr	r3, [pc, #176]	; (1dac <prvUnlockQueue+0xe4>)
    1cfa:	4798      	blx	r3
    1cfc:	e00c      	b.n	1d18 <prvUnlockQueue+0x50>
    1cfe:	687b      	ldr	r3, [r7, #4]
    1d00:	6a5b      	ldr	r3, [r3, #36]	; 0x24
    1d02:	2b00      	cmp	r3, #0
    1d04:	d017      	beq.n	1d36 <prvUnlockQueue+0x6e>
    1d06:	687b      	ldr	r3, [r7, #4]
    1d08:	3324      	adds	r3, #36	; 0x24
    1d0a:	0018      	movs	r0, r3
    1d0c:	4b28      	ldr	r3, [pc, #160]	; (1db0 <prvUnlockQueue+0xe8>)
    1d0e:	4798      	blx	r3
    1d10:	1e03      	subs	r3, r0, #0
    1d12:	d001      	beq.n	1d18 <prvUnlockQueue+0x50>
    1d14:	4b25      	ldr	r3, [pc, #148]	; (1dac <prvUnlockQueue+0xe4>)
    1d16:	4798      	blx	r3
    1d18:	230f      	movs	r3, #15
    1d1a:	18fb      	adds	r3, r7, r3
    1d1c:	781b      	ldrb	r3, [r3, #0]
    1d1e:	3b01      	subs	r3, #1
    1d20:	b2da      	uxtb	r2, r3
    1d22:	230f      	movs	r3, #15
    1d24:	18fb      	adds	r3, r7, r3
    1d26:	701a      	strb	r2, [r3, #0]
    1d28:	230f      	movs	r3, #15
    1d2a:	18fb      	adds	r3, r7, r3
    1d2c:	781b      	ldrb	r3, [r3, #0]
    1d2e:	b25b      	sxtb	r3, r3
    1d30:	2b00      	cmp	r3, #0
    1d32:	dcd6      	bgt.n	1ce2 <prvUnlockQueue+0x1a>
    1d34:	e000      	b.n	1d38 <prvUnlockQueue+0x70>
    1d36:	46c0      	nop			; (mov r8, r8)
    1d38:	687b      	ldr	r3, [r7, #4]
    1d3a:	2245      	movs	r2, #69	; 0x45
    1d3c:	21ff      	movs	r1, #255	; 0xff
    1d3e:	5499      	strb	r1, [r3, r2]
    1d40:	4b1c      	ldr	r3, [pc, #112]	; (1db4 <prvUnlockQueue+0xec>)
    1d42:	4798      	blx	r3
    1d44:	4b17      	ldr	r3, [pc, #92]	; (1da4 <prvUnlockQueue+0xdc>)
    1d46:	4798      	blx	r3
    1d48:	230e      	movs	r3, #14
    1d4a:	18fb      	adds	r3, r7, r3
    1d4c:	687a      	ldr	r2, [r7, #4]
    1d4e:	2144      	movs	r1, #68	; 0x44
    1d50:	5c52      	ldrb	r2, [r2, r1]
    1d52:	701a      	strb	r2, [r3, #0]
    1d54:	e014      	b.n	1d80 <prvUnlockQueue+0xb8>
    1d56:	687b      	ldr	r3, [r7, #4]
    1d58:	691b      	ldr	r3, [r3, #16]
    1d5a:	2b00      	cmp	r3, #0
    1d5c:	d017      	beq.n	1d8e <prvUnlockQueue+0xc6>
    1d5e:	687b      	ldr	r3, [r7, #4]
    1d60:	3310      	adds	r3, #16
    1d62:	0018      	movs	r0, r3
    1d64:	4b12      	ldr	r3, [pc, #72]	; (1db0 <prvUnlockQueue+0xe8>)
    1d66:	4798      	blx	r3
    1d68:	1e03      	subs	r3, r0, #0
    1d6a:	d001      	beq.n	1d70 <prvUnlockQueue+0xa8>
    1d6c:	4b0f      	ldr	r3, [pc, #60]	; (1dac <prvUnlockQueue+0xe4>)
    1d6e:	4798      	blx	r3
    1d70:	230e      	movs	r3, #14
    1d72:	18fb      	adds	r3, r7, r3
    1d74:	781b      	ldrb	r3, [r3, #0]
    1d76:	3b01      	subs	r3, #1
    1d78:	b2da      	uxtb	r2, r3
    1d7a:	230e      	movs	r3, #14
    1d7c:	18fb      	adds	r3, r7, r3
    1d7e:	701a      	strb	r2, [r3, #0]
    1d80:	230e      	movs	r3, #14
    1d82:	18fb      	adds	r3, r7, r3
    1d84:	781b      	ldrb	r3, [r3, #0]
    1d86:	b25b      	sxtb	r3, r3
    1d88:	2b00      	cmp	r3, #0
    1d8a:	dce4      	bgt.n	1d56 <prvUnlockQueue+0x8e>
    1d8c:	e000      	b.n	1d90 <prvUnlockQueue+0xc8>
    1d8e:	46c0      	nop			; (mov r8, r8)
    1d90:	687b      	ldr	r3, [r7, #4]
    1d92:	2244      	movs	r2, #68	; 0x44
    1d94:	21ff      	movs	r1, #255	; 0xff
    1d96:	5499      	strb	r1, [r3, r2]
    1d98:	4b06      	ldr	r3, [pc, #24]	; (1db4 <prvUnlockQueue+0xec>)
    1d9a:	4798      	blx	r3
    1d9c:	46c0      	nop			; (mov r8, r8)
    1d9e:	46bd      	mov	sp, r7
    1da0:	b004      	add	sp, #16
    1da2:	bd80      	pop	{r7, pc}
    1da4:	00001141 	.word	0x00001141
    1da8:	00001e9d 	.word	0x00001e9d
    1dac:	00002829 	.word	0x00002829
    1db0:	00002695 	.word	0x00002695
    1db4:	00001165 	.word	0x00001165

00001db8 <prvIsQueueEmpty>:
    1db8:	b580      	push	{r7, lr}
    1dba:	b084      	sub	sp, #16
    1dbc:	af00      	add	r7, sp, #0
    1dbe:	6078      	str	r0, [r7, #4]
    1dc0:	4b08      	ldr	r3, [pc, #32]	; (1de4 <prvIsQueueEmpty+0x2c>)
    1dc2:	4798      	blx	r3
    1dc4:	687b      	ldr	r3, [r7, #4]
    1dc6:	6b9b      	ldr	r3, [r3, #56]	; 0x38
    1dc8:	2b00      	cmp	r3, #0
    1dca:	d102      	bne.n	1dd2 <prvIsQueueEmpty+0x1a>
    1dcc:	2301      	movs	r3, #1
    1dce:	60fb      	str	r3, [r7, #12]
    1dd0:	e001      	b.n	1dd6 <prvIsQueueEmpty+0x1e>
    1dd2:	2300      	movs	r3, #0
    1dd4:	60fb      	str	r3, [r7, #12]
    1dd6:	4b04      	ldr	r3, [pc, #16]	; (1de8 <prvIsQueueEmpty+0x30>)
    1dd8:	4798      	blx	r3
    1dda:	68fb      	ldr	r3, [r7, #12]
    1ddc:	0018      	movs	r0, r3
    1dde:	46bd      	mov	sp, r7
    1de0:	b004      	add	sp, #16
    1de2:	bd80      	pop	{r7, pc}
    1de4:	00001141 	.word	0x00001141
    1de8:	00001165 	.word	0x00001165

00001dec <prvIsQueueFull>:
    1dec:	b580      	push	{r7, lr}
    1dee:	b084      	sub	sp, #16
    1df0:	af00      	add	r7, sp, #0
    1df2:	6078      	str	r0, [r7, #4]
    1df4:	4b09      	ldr	r3, [pc, #36]	; (1e1c <prvIsQueueFull+0x30>)
    1df6:	4798      	blx	r3
    1df8:	687b      	ldr	r3, [r7, #4]
    1dfa:	6b9a      	ldr	r2, [r3, #56]	; 0x38
    1dfc:	687b      	ldr	r3, [r7, #4]
    1dfe:	6bdb      	ldr	r3, [r3, #60]	; 0x3c
    1e00:	429a      	cmp	r2, r3
    1e02:	d102      	bne.n	1e0a <prvIsQueueFull+0x1e>
    1e04:	2301      	movs	r3, #1
    1e06:	60fb      	str	r3, [r7, #12]
    1e08:	e001      	b.n	1e0e <prvIsQueueFull+0x22>
    1e0a:	2300      	movs	r3, #0
    1e0c:	60fb      	str	r3, [r7, #12]
    1e0e:	4b04      	ldr	r3, [pc, #16]	; (1e20 <prvIsQueueFull+0x34>)
    1e10:	4798      	blx	r3
    1e12:	68fb      	ldr	r3, [r7, #12]
    1e14:	0018      	movs	r0, r3
    1e16:	46bd      	mov	sp, r7
    1e18:	b004      	add	sp, #16
    1e1a:	bd80      	pop	{r7, pc}
    1e1c:	00001141 	.word	0x00001141
    1e20:	00001165 	.word	0x00001165

00001e24 <vQueueWaitForMessageRestricted>:
    1e24:	b580      	push	{r7, lr}
    1e26:	b086      	sub	sp, #24
    1e28:	af00      	add	r7, sp, #0
    1e2a:	60f8      	str	r0, [r7, #12]
    1e2c:	60b9      	str	r1, [r7, #8]
    1e2e:	607a      	str	r2, [r7, #4]
    1e30:	68fb      	ldr	r3, [r7, #12]
    1e32:	617b      	str	r3, [r7, #20]
    1e34:	4b15      	ldr	r3, [pc, #84]	; (1e8c <vQueueWaitForMessageRestricted+0x68>)
    1e36:	4798      	blx	r3
    1e38:	697b      	ldr	r3, [r7, #20]
    1e3a:	2244      	movs	r2, #68	; 0x44
    1e3c:	5c9b      	ldrb	r3, [r3, r2]
    1e3e:	b25b      	sxtb	r3, r3
    1e40:	3301      	adds	r3, #1
    1e42:	d103      	bne.n	1e4c <vQueueWaitForMessageRestricted+0x28>
    1e44:	697b      	ldr	r3, [r7, #20]
    1e46:	2244      	movs	r2, #68	; 0x44
    1e48:	2100      	movs	r1, #0
    1e4a:	5499      	strb	r1, [r3, r2]
    1e4c:	697b      	ldr	r3, [r7, #20]
    1e4e:	2245      	movs	r2, #69	; 0x45
    1e50:	5c9b      	ldrb	r3, [r3, r2]
    1e52:	b25b      	sxtb	r3, r3
    1e54:	3301      	adds	r3, #1
    1e56:	d103      	bne.n	1e60 <vQueueWaitForMessageRestricted+0x3c>
    1e58:	697b      	ldr	r3, [r7, #20]
    1e5a:	2245      	movs	r2, #69	; 0x45
    1e5c:	2100      	movs	r1, #0
    1e5e:	5499      	strb	r1, [r3, r2]
    1e60:	4b0b      	ldr	r3, [pc, #44]	; (1e90 <vQueueWaitForMessageRestricted+0x6c>)
    1e62:	4798      	blx	r3
    1e64:	697b      	ldr	r3, [r7, #20]
    1e66:	6b9b      	ldr	r3, [r3, #56]	; 0x38
    1e68:	2b00      	cmp	r3, #0
    1e6a:	d106      	bne.n	1e7a <vQueueWaitForMessageRestricted+0x56>
    1e6c:	697b      	ldr	r3, [r7, #20]
    1e6e:	3324      	adds	r3, #36	; 0x24
    1e70:	687a      	ldr	r2, [r7, #4]
    1e72:	68b9      	ldr	r1, [r7, #8]
    1e74:	0018      	movs	r0, r3
    1e76:	4b07      	ldr	r3, [pc, #28]	; (1e94 <vQueueWaitForMessageRestricted+0x70>)
    1e78:	4798      	blx	r3
    1e7a:	697b      	ldr	r3, [r7, #20]
    1e7c:	0018      	movs	r0, r3
    1e7e:	4b06      	ldr	r3, [pc, #24]	; (1e98 <vQueueWaitForMessageRestricted+0x74>)
    1e80:	4798      	blx	r3
    1e82:	46c0      	nop			; (mov r8, r8)
    1e84:	46bd      	mov	sp, r7
    1e86:	b006      	add	sp, #24
    1e88:	bd80      	pop	{r7, pc}
    1e8a:	46c0      	nop			; (mov r8, r8)
    1e8c:	00001141 	.word	0x00001141
    1e90:	00001165 	.word	0x00001165
    1e94:	00002641 	.word	0x00002641
    1e98:	00001cc9 	.word	0x00001cc9

00001e9c <prvNotifyQueueSetContainer>:
    1e9c:	b580      	push	{r7, lr}
    1e9e:	b086      	sub	sp, #24
    1ea0:	af00      	add	r7, sp, #0
    1ea2:	6078      	str	r0, [r7, #4]
    1ea4:	6039      	str	r1, [r7, #0]
    1ea6:	687b      	ldr	r3, [r7, #4]
    1ea8:	6c9b      	ldr	r3, [r3, #72]	; 0x48
    1eaa:	613b      	str	r3, [r7, #16]
    1eac:	2300      	movs	r3, #0
    1eae:	617b      	str	r3, [r7, #20]
    1eb0:	693b      	ldr	r3, [r7, #16]
    1eb2:	2b00      	cmp	r3, #0
    1eb4:	d101      	bne.n	1eba <prvNotifyQueueSetContainer+0x1e>
    1eb6:	b672      	cpsid	i
    1eb8:	e7fe      	b.n	1eb8 <prvNotifyQueueSetContainer+0x1c>
    1eba:	693b      	ldr	r3, [r7, #16]
    1ebc:	6b9a      	ldr	r2, [r3, #56]	; 0x38
    1ebe:	693b      	ldr	r3, [r7, #16]
    1ec0:	6bdb      	ldr	r3, [r3, #60]	; 0x3c
    1ec2:	429a      	cmp	r2, r3
    1ec4:	d301      	bcc.n	1eca <prvNotifyQueueSetContainer+0x2e>
    1ec6:	b672      	cpsid	i
    1ec8:	e7fe      	b.n	1ec8 <prvNotifyQueueSetContainer+0x2c>
    1eca:	693b      	ldr	r3, [r7, #16]
    1ecc:	6b9a      	ldr	r2, [r3, #56]	; 0x38
    1ece:	693b      	ldr	r3, [r7, #16]
    1ed0:	6bdb      	ldr	r3, [r3, #60]	; 0x3c
    1ed2:	429a      	cmp	r2, r3
    1ed4:	d22a      	bcs.n	1f2c <prvNotifyQueueSetContainer+0x90>
    1ed6:	230f      	movs	r3, #15
    1ed8:	18fb      	adds	r3, r7, r3
    1eda:	693a      	ldr	r2, [r7, #16]
    1edc:	2145      	movs	r1, #69	; 0x45
    1ede:	5c52      	ldrb	r2, [r2, r1]
    1ee0:	701a      	strb	r2, [r3, #0]
    1ee2:	683a      	ldr	r2, [r7, #0]
    1ee4:	1d39      	adds	r1, r7, #4
    1ee6:	693b      	ldr	r3, [r7, #16]
    1ee8:	0018      	movs	r0, r3
    1eea:	4b13      	ldr	r3, [pc, #76]	; (1f38 <prvNotifyQueueSetContainer+0x9c>)
    1eec:	4798      	blx	r3
    1eee:	0003      	movs	r3, r0
    1ef0:	617b      	str	r3, [r7, #20]
    1ef2:	230f      	movs	r3, #15
    1ef4:	18fb      	adds	r3, r7, r3
    1ef6:	781b      	ldrb	r3, [r3, #0]
    1ef8:	b25b      	sxtb	r3, r3
    1efa:	3301      	adds	r3, #1
    1efc:	d10d      	bne.n	1f1a <prvNotifyQueueSetContainer+0x7e>
    1efe:	693b      	ldr	r3, [r7, #16]
    1f00:	6a5b      	ldr	r3, [r3, #36]	; 0x24
    1f02:	2b00      	cmp	r3, #0
    1f04:	d012      	beq.n	1f2c <prvNotifyQueueSetContainer+0x90>
    1f06:	693b      	ldr	r3, [r7, #16]
    1f08:	3324      	adds	r3, #36	; 0x24
    1f0a:	0018      	movs	r0, r3
    1f0c:	4b0b      	ldr	r3, [pc, #44]	; (1f3c <prvNotifyQueueSetContainer+0xa0>)
    1f0e:	4798      	blx	r3
    1f10:	1e03      	subs	r3, r0, #0
    1f12:	d00b      	beq.n	1f2c <prvNotifyQueueSetContainer+0x90>
    1f14:	2301      	movs	r3, #1
    1f16:	617b      	str	r3, [r7, #20]
    1f18:	e008      	b.n	1f2c <prvNotifyQueueSetContainer+0x90>
    1f1a:	230f      	movs	r3, #15
    1f1c:	18fb      	adds	r3, r7, r3
    1f1e:	781b      	ldrb	r3, [r3, #0]
    1f20:	3301      	adds	r3, #1
    1f22:	b2db      	uxtb	r3, r3
    1f24:	b259      	sxtb	r1, r3
    1f26:	693b      	ldr	r3, [r7, #16]
    1f28:	2245      	movs	r2, #69	; 0x45
    1f2a:	5499      	strb	r1, [r3, r2]
    1f2c:	697b      	ldr	r3, [r7, #20]
    1f2e:	0018      	movs	r0, r3
    1f30:	46bd      	mov	sp, r7
    1f32:	b006      	add	sp, #24
    1f34:	bd80      	pop	{r7, pc}
    1f36:	46c0      	nop			; (mov r8, r8)
    1f38:	00001b99 	.word	0x00001b99
    1f3c:	00002695 	.word	0x00002695

00001f40 <xTaskCreate>:
    1f40:	b590      	push	{r4, r7, lr}
    1f42:	b08d      	sub	sp, #52	; 0x34
    1f44:	af04      	add	r7, sp, #16
    1f46:	60f8      	str	r0, [r7, #12]
    1f48:	60b9      	str	r1, [r7, #8]
    1f4a:	603b      	str	r3, [r7, #0]
    1f4c:	1dbb      	adds	r3, r7, #6
    1f4e:	801a      	strh	r2, [r3, #0]
    1f50:	1dbb      	adds	r3, r7, #6
    1f52:	881b      	ldrh	r3, [r3, #0]
    1f54:	009b      	lsls	r3, r3, #2
    1f56:	0018      	movs	r0, r3
    1f58:	4b1d      	ldr	r3, [pc, #116]	; (1fd0 <xTaskCreate+0x90>)
    1f5a:	4798      	blx	r3
    1f5c:	0003      	movs	r3, r0
    1f5e:	617b      	str	r3, [r7, #20]
    1f60:	697b      	ldr	r3, [r7, #20]
    1f62:	2b00      	cmp	r3, #0
    1f64:	d010      	beq.n	1f88 <xTaskCreate+0x48>
    1f66:	2054      	movs	r0, #84	; 0x54
    1f68:	4b19      	ldr	r3, [pc, #100]	; (1fd0 <xTaskCreate+0x90>)
    1f6a:	4798      	blx	r3
    1f6c:	0003      	movs	r3, r0
    1f6e:	61fb      	str	r3, [r7, #28]
    1f70:	69fb      	ldr	r3, [r7, #28]
    1f72:	2b00      	cmp	r3, #0
    1f74:	d003      	beq.n	1f7e <xTaskCreate+0x3e>
    1f76:	69fb      	ldr	r3, [r7, #28]
    1f78:	697a      	ldr	r2, [r7, #20]
    1f7a:	631a      	str	r2, [r3, #48]	; 0x30
    1f7c:	e006      	b.n	1f8c <xTaskCreate+0x4c>
    1f7e:	697b      	ldr	r3, [r7, #20]
    1f80:	0018      	movs	r0, r3
    1f82:	4b14      	ldr	r3, [pc, #80]	; (1fd4 <xTaskCreate+0x94>)
    1f84:	4798      	blx	r3
    1f86:	e001      	b.n	1f8c <xTaskCreate+0x4c>
    1f88:	2300      	movs	r3, #0
    1f8a:	61fb      	str	r3, [r7, #28]
    1f8c:	69fb      	ldr	r3, [r7, #28]
    1f8e:	2b00      	cmp	r3, #0
    1f90:	d016      	beq.n	1fc0 <xTaskCreate+0x80>
    1f92:	1dbb      	adds	r3, r7, #6
    1f94:	881a      	ldrh	r2, [r3, #0]
    1f96:	683c      	ldr	r4, [r7, #0]
    1f98:	68b9      	ldr	r1, [r7, #8]
    1f9a:	68f8      	ldr	r0, [r7, #12]
    1f9c:	2300      	movs	r3, #0
    1f9e:	9303      	str	r3, [sp, #12]
    1fa0:	69fb      	ldr	r3, [r7, #28]
    1fa2:	9302      	str	r3, [sp, #8]
    1fa4:	6b7b      	ldr	r3, [r7, #52]	; 0x34
    1fa6:	9301      	str	r3, [sp, #4]
    1fa8:	6b3b      	ldr	r3, [r7, #48]	; 0x30
    1faa:	9300      	str	r3, [sp, #0]
    1fac:	0023      	movs	r3, r4
    1fae:	4c0a      	ldr	r4, [pc, #40]	; (1fd8 <xTaskCreate+0x98>)
    1fb0:	47a0      	blx	r4
    1fb2:	69fb      	ldr	r3, [r7, #28]
    1fb4:	0018      	movs	r0, r3
    1fb6:	4b09      	ldr	r3, [pc, #36]	; (1fdc <xTaskCreate+0x9c>)
    1fb8:	4798      	blx	r3
    1fba:	2301      	movs	r3, #1
    1fbc:	61bb      	str	r3, [r7, #24]
    1fbe:	e002      	b.n	1fc6 <xTaskCreate+0x86>
    1fc0:	2301      	movs	r3, #1
    1fc2:	425b      	negs	r3, r3
    1fc4:	61bb      	str	r3, [r7, #24]
    1fc6:	69bb      	ldr	r3, [r7, #24]
    1fc8:	0018      	movs	r0, r3
    1fca:	46bd      	mov	sp, r7
    1fcc:	b009      	add	sp, #36	; 0x24
    1fce:	bd90      	pop	{r4, r7, pc}
    1fd0:	00001281 	.word	0x00001281
    1fd4:	00001321 	.word	0x00001321
    1fd8:	00001fe1 	.word	0x00001fe1
    1fdc:	000020f1 	.word	0x000020f1

00001fe0 <prvInitialiseNewTask>:
    1fe0:	b580      	push	{r7, lr}
    1fe2:	b086      	sub	sp, #24
    1fe4:	af00      	add	r7, sp, #0
    1fe6:	60f8      	str	r0, [r7, #12]
    1fe8:	60b9      	str	r1, [r7, #8]
    1fea:	607a      	str	r2, [r7, #4]
    1fec:	603b      	str	r3, [r7, #0]
    1fee:	6abb      	ldr	r3, [r7, #40]	; 0x28
    1ff0:	6b18      	ldr	r0, [r3, #48]	; 0x30
    1ff2:	687b      	ldr	r3, [r7, #4]
    1ff4:	009b      	lsls	r3, r3, #2
    1ff6:	001a      	movs	r2, r3
    1ff8:	21a5      	movs	r1, #165	; 0xa5
    1ffa:	4b39      	ldr	r3, [pc, #228]	; (20e0 <STACK_SIZE+0xe0>)
    1ffc:	4798      	blx	r3
    1ffe:	6abb      	ldr	r3, [r7, #40]	; 0x28
    2000:	6b1a      	ldr	r2, [r3, #48]	; 0x30
    2002:	687b      	ldr	r3, [r7, #4]
    2004:	4937      	ldr	r1, [pc, #220]	; (20e4 <STACK_SIZE+0xe4>)
    2006:	468c      	mov	ip, r1
    2008:	4463      	add	r3, ip
    200a:	009b      	lsls	r3, r3, #2
    200c:	18d3      	adds	r3, r2, r3
    200e:	613b      	str	r3, [r7, #16]
    2010:	693b      	ldr	r3, [r7, #16]
    2012:	2207      	movs	r2, #7
    2014:	4393      	bics	r3, r2
    2016:	613b      	str	r3, [r7, #16]
    2018:	693b      	ldr	r3, [r7, #16]
    201a:	2207      	movs	r2, #7
    201c:	4013      	ands	r3, r2
    201e:	d001      	beq.n	2024 <STACK_SIZE+0x24>
    2020:	b672      	cpsid	i
    2022:	e7fe      	b.n	2022 <STACK_SIZE+0x22>
    2024:	2300      	movs	r3, #0
    2026:	617b      	str	r3, [r7, #20]
    2028:	e013      	b.n	2052 <STACK_SIZE+0x52>
    202a:	68ba      	ldr	r2, [r7, #8]
    202c:	697b      	ldr	r3, [r7, #20]
    202e:	18d3      	adds	r3, r2, r3
    2030:	7818      	ldrb	r0, [r3, #0]
    2032:	6aba      	ldr	r2, [r7, #40]	; 0x28
    2034:	2134      	movs	r1, #52	; 0x34
    2036:	697b      	ldr	r3, [r7, #20]
    2038:	18d3      	adds	r3, r2, r3
    203a:	185b      	adds	r3, r3, r1
    203c:	1c02      	adds	r2, r0, #0
    203e:	701a      	strb	r2, [r3, #0]
    2040:	68ba      	ldr	r2, [r7, #8]
    2042:	697b      	ldr	r3, [r7, #20]
    2044:	18d3      	adds	r3, r2, r3
    2046:	781b      	ldrb	r3, [r3, #0]
    2048:	2b00      	cmp	r3, #0
    204a:	d006      	beq.n	205a <STACK_SIZE+0x5a>
    204c:	697b      	ldr	r3, [r7, #20]
    204e:	3301      	adds	r3, #1
    2050:	617b      	str	r3, [r7, #20]
    2052:	697b      	ldr	r3, [r7, #20]
    2054:	2b07      	cmp	r3, #7
    2056:	d9e8      	bls.n	202a <STACK_SIZE+0x2a>
    2058:	e000      	b.n	205c <STACK_SIZE+0x5c>
    205a:	46c0      	nop			; (mov r8, r8)
    205c:	6abb      	ldr	r3, [r7, #40]	; 0x28
    205e:	223b      	movs	r2, #59	; 0x3b
    2060:	2100      	movs	r1, #0
    2062:	5499      	strb	r1, [r3, r2]
    2064:	6a3b      	ldr	r3, [r7, #32]
    2066:	2b04      	cmp	r3, #4
    2068:	d901      	bls.n	206e <STACK_SIZE+0x6e>
    206a:	2304      	movs	r3, #4
    206c:	623b      	str	r3, [r7, #32]
    206e:	6abb      	ldr	r3, [r7, #40]	; 0x28
    2070:	6a3a      	ldr	r2, [r7, #32]
    2072:	62da      	str	r2, [r3, #44]	; 0x2c
    2074:	6abb      	ldr	r3, [r7, #40]	; 0x28
    2076:	6a3a      	ldr	r2, [r7, #32]
    2078:	645a      	str	r2, [r3, #68]	; 0x44
    207a:	6abb      	ldr	r3, [r7, #40]	; 0x28
    207c:	2200      	movs	r2, #0
    207e:	649a      	str	r2, [r3, #72]	; 0x48
    2080:	6abb      	ldr	r3, [r7, #40]	; 0x28
    2082:	3304      	adds	r3, #4
    2084:	0018      	movs	r0, r3
    2086:	4b18      	ldr	r3, [pc, #96]	; (20e8 <STACK_SIZE+0xe8>)
    2088:	4798      	blx	r3
    208a:	6abb      	ldr	r3, [r7, #40]	; 0x28
    208c:	3318      	adds	r3, #24
    208e:	0018      	movs	r0, r3
    2090:	4b15      	ldr	r3, [pc, #84]	; (20e8 <STACK_SIZE+0xe8>)
    2092:	4798      	blx	r3
    2094:	6abb      	ldr	r3, [r7, #40]	; 0x28
    2096:	6aba      	ldr	r2, [r7, #40]	; 0x28
    2098:	611a      	str	r2, [r3, #16]
    209a:	6a3b      	ldr	r3, [r7, #32]
    209c:	2205      	movs	r2, #5
    209e:	1ad2      	subs	r2, r2, r3
    20a0:	6abb      	ldr	r3, [r7, #40]	; 0x28
    20a2:	619a      	str	r2, [r3, #24]
    20a4:	6abb      	ldr	r3, [r7, #40]	; 0x28
    20a6:	6aba      	ldr	r2, [r7, #40]	; 0x28
    20a8:	625a      	str	r2, [r3, #36]	; 0x24
    20aa:	6abb      	ldr	r3, [r7, #40]	; 0x28
    20ac:	2200      	movs	r2, #0
    20ae:	64da      	str	r2, [r3, #76]	; 0x4c
    20b0:	6abb      	ldr	r3, [r7, #40]	; 0x28
    20b2:	2250      	movs	r2, #80	; 0x50
    20b4:	2100      	movs	r1, #0
    20b6:	5499      	strb	r1, [r3, r2]
    20b8:	683a      	ldr	r2, [r7, #0]
    20ba:	68f9      	ldr	r1, [r7, #12]
    20bc:	693b      	ldr	r3, [r7, #16]
    20be:	0018      	movs	r0, r3
    20c0:	4b0a      	ldr	r3, [pc, #40]	; (20ec <STACK_SIZE+0xec>)
    20c2:	4798      	blx	r3
    20c4:	0002      	movs	r2, r0
    20c6:	6abb      	ldr	r3, [r7, #40]	; 0x28
    20c8:	601a      	str	r2, [r3, #0]
    20ca:	6a7b      	ldr	r3, [r7, #36]	; 0x24
    20cc:	2b00      	cmp	r3, #0
    20ce:	d002      	beq.n	20d6 <STACK_SIZE+0xd6>
    20d0:	6a7b      	ldr	r3, [r7, #36]	; 0x24
    20d2:	6aba      	ldr	r2, [r7, #40]	; 0x28
    20d4:	601a      	str	r2, [r3, #0]
    20d6:	46c0      	nop			; (mov r8, r8)
    20d8:	46bd      	mov	sp, r7
    20da:	b006      	add	sp, #24
    20dc:	bd80      	pop	{r7, pc}
    20de:	46c0      	nop			; (mov r8, r8)
    20e0:	000058b7 	.word	0x000058b7
    20e4:	3fffffff 	.word	0x3fffffff
    20e8:	00000eeb 	.word	0x00000eeb
    20ec:	00001001 	.word	0x00001001

000020f0 <prvAddNewTaskToReadyList>:
    20f0:	b580      	push	{r7, lr}
    20f2:	b082      	sub	sp, #8
    20f4:	af00      	add	r7, sp, #0
    20f6:	6078      	str	r0, [r7, #4]
    20f8:	4b2b      	ldr	r3, [pc, #172]	; (21a8 <prvAddNewTaskToReadyList+0xb8>)
    20fa:	4798      	blx	r3
    20fc:	4b2b      	ldr	r3, [pc, #172]	; (21ac <prvAddNewTaskToReadyList+0xbc>)
    20fe:	681b      	ldr	r3, [r3, #0]
    2100:	1c5a      	adds	r2, r3, #1
    2102:	4b2a      	ldr	r3, [pc, #168]	; (21ac <prvAddNewTaskToReadyList+0xbc>)
    2104:	601a      	str	r2, [r3, #0]
    2106:	4b2a      	ldr	r3, [pc, #168]	; (21b0 <prvAddNewTaskToReadyList+0xc0>)
    2108:	681b      	ldr	r3, [r3, #0]
    210a:	2b00      	cmp	r3, #0
    210c:	d109      	bne.n	2122 <prvAddNewTaskToReadyList+0x32>
    210e:	4b28      	ldr	r3, [pc, #160]	; (21b0 <prvAddNewTaskToReadyList+0xc0>)
    2110:	687a      	ldr	r2, [r7, #4]
    2112:	601a      	str	r2, [r3, #0]
    2114:	4b25      	ldr	r3, [pc, #148]	; (21ac <prvAddNewTaskToReadyList+0xbc>)
    2116:	681b      	ldr	r3, [r3, #0]
    2118:	2b01      	cmp	r3, #1
    211a:	d110      	bne.n	213e <prvAddNewTaskToReadyList+0x4e>
    211c:	4b25      	ldr	r3, [pc, #148]	; (21b4 <prvAddNewTaskToReadyList+0xc4>)
    211e:	4798      	blx	r3
    2120:	e00d      	b.n	213e <prvAddNewTaskToReadyList+0x4e>
    2122:	4b25      	ldr	r3, [pc, #148]	; (21b8 <prvAddNewTaskToReadyList+0xc8>)
    2124:	681b      	ldr	r3, [r3, #0]
    2126:	2b00      	cmp	r3, #0
    2128:	d109      	bne.n	213e <prvAddNewTaskToReadyList+0x4e>
    212a:	4b21      	ldr	r3, [pc, #132]	; (21b0 <prvAddNewTaskToReadyList+0xc0>)
    212c:	681b      	ldr	r3, [r3, #0]
    212e:	6ada      	ldr	r2, [r3, #44]	; 0x2c
    2130:	687b      	ldr	r3, [r7, #4]
    2132:	6adb      	ldr	r3, [r3, #44]	; 0x2c
    2134:	429a      	cmp	r2, r3
    2136:	d802      	bhi.n	213e <prvAddNewTaskToReadyList+0x4e>
    2138:	4b1d      	ldr	r3, [pc, #116]	; (21b0 <prvAddNewTaskToReadyList+0xc0>)
    213a:	687a      	ldr	r2, [r7, #4]
    213c:	601a      	str	r2, [r3, #0]
    213e:	4b1f      	ldr	r3, [pc, #124]	; (21bc <prvAddNewTaskToReadyList+0xcc>)
    2140:	681b      	ldr	r3, [r3, #0]
    2142:	1c5a      	adds	r2, r3, #1
    2144:	4b1d      	ldr	r3, [pc, #116]	; (21bc <prvAddNewTaskToReadyList+0xcc>)
    2146:	601a      	str	r2, [r3, #0]
    2148:	4b1c      	ldr	r3, [pc, #112]	; (21bc <prvAddNewTaskToReadyList+0xcc>)
    214a:	681a      	ldr	r2, [r3, #0]
    214c:	687b      	ldr	r3, [r7, #4]
    214e:	63da      	str	r2, [r3, #60]	; 0x3c
    2150:	687b      	ldr	r3, [r7, #4]
    2152:	6ada      	ldr	r2, [r3, #44]	; 0x2c
    2154:	4b1a      	ldr	r3, [pc, #104]	; (21c0 <prvAddNewTaskToReadyList+0xd0>)
    2156:	681b      	ldr	r3, [r3, #0]
    2158:	429a      	cmp	r2, r3
    215a:	d903      	bls.n	2164 <prvAddNewTaskToReadyList+0x74>
    215c:	687b      	ldr	r3, [r7, #4]
    215e:	6ada      	ldr	r2, [r3, #44]	; 0x2c
    2160:	4b17      	ldr	r3, [pc, #92]	; (21c0 <prvAddNewTaskToReadyList+0xd0>)
    2162:	601a      	str	r2, [r3, #0]
    2164:	687b      	ldr	r3, [r7, #4]
    2166:	6ada      	ldr	r2, [r3, #44]	; 0x2c
    2168:	0013      	movs	r3, r2
    216a:	009b      	lsls	r3, r3, #2
    216c:	189b      	adds	r3, r3, r2
    216e:	009b      	lsls	r3, r3, #2
    2170:	4a14      	ldr	r2, [pc, #80]	; (21c4 <prvAddNewTaskToReadyList+0xd4>)
    2172:	189a      	adds	r2, r3, r2
    2174:	687b      	ldr	r3, [r7, #4]
    2176:	3304      	adds	r3, #4
    2178:	0019      	movs	r1, r3
    217a:	0010      	movs	r0, r2
    217c:	4b12      	ldr	r3, [pc, #72]	; (21c8 <prvAddNewTaskToReadyList+0xd8>)
    217e:	4798      	blx	r3
    2180:	4b12      	ldr	r3, [pc, #72]	; (21cc <prvAddNewTaskToReadyList+0xdc>)
    2182:	4798      	blx	r3
    2184:	4b0c      	ldr	r3, [pc, #48]	; (21b8 <prvAddNewTaskToReadyList+0xc8>)
    2186:	681b      	ldr	r3, [r3, #0]
    2188:	2b00      	cmp	r3, #0
    218a:	d008      	beq.n	219e <prvAddNewTaskToReadyList+0xae>
    218c:	4b08      	ldr	r3, [pc, #32]	; (21b0 <prvAddNewTaskToReadyList+0xc0>)
    218e:	681b      	ldr	r3, [r3, #0]
    2190:	6ada      	ldr	r2, [r3, #44]	; 0x2c
    2192:	687b      	ldr	r3, [r7, #4]
    2194:	6adb      	ldr	r3, [r3, #44]	; 0x2c
    2196:	429a      	cmp	r2, r3
    2198:	d201      	bcs.n	219e <prvAddNewTaskToReadyList+0xae>
    219a:	4b0d      	ldr	r3, [pc, #52]	; (21d0 <prvAddNewTaskToReadyList+0xe0>)
    219c:	4798      	blx	r3
    219e:	46c0      	nop			; (mov r8, r8)
    21a0:	46bd      	mov	sp, r7
    21a2:	b002      	add	sp, #8
    21a4:	bd80      	pop	{r7, pc}
    21a6:	46c0      	nop			; (mov r8, r8)
    21a8:	00001141 	.word	0x00001141
    21ac:	200031d8 	.word	0x200031d8
    21b0:	20003100 	.word	0x20003100
    21b4:	00002865 	.word	0x00002865
    21b8:	200031e4 	.word	0x200031e4
    21bc:	200031f4 	.word	0x200031f4
    21c0:	200031e0 	.word	0x200031e0
    21c4:	20003104 	.word	0x20003104
    21c8:	00000f01 	.word	0x00000f01
    21cc:	00001165 	.word	0x00001165
    21d0:	00001121 	.word	0x00001121

000021d4 <vTaskStartScheduler>:
    21d4:	b590      	push	{r4, r7, lr}
    21d6:	b085      	sub	sp, #20
    21d8:	af02      	add	r7, sp, #8
    21da:	4916      	ldr	r1, [pc, #88]	; (2234 <vTaskStartScheduler+0x60>)
    21dc:	4816      	ldr	r0, [pc, #88]	; (2238 <vTaskStartScheduler+0x64>)
    21de:	4b17      	ldr	r3, [pc, #92]	; (223c <vTaskStartScheduler+0x68>)
    21e0:	9301      	str	r3, [sp, #4]
    21e2:	2300      	movs	r3, #0
    21e4:	9300      	str	r3, [sp, #0]
    21e6:	2300      	movs	r3, #0
    21e8:	2264      	movs	r2, #100	; 0x64
    21ea:	4c15      	ldr	r4, [pc, #84]	; (2240 <vTaskStartScheduler+0x6c>)
    21ec:	47a0      	blx	r4
    21ee:	0003      	movs	r3, r0
    21f0:	607b      	str	r3, [r7, #4]
    21f2:	687b      	ldr	r3, [r7, #4]
    21f4:	2b01      	cmp	r3, #1
    21f6:	d103      	bne.n	2200 <vTaskStartScheduler+0x2c>
    21f8:	4b12      	ldr	r3, [pc, #72]	; (2244 <vTaskStartScheduler+0x70>)
    21fa:	4798      	blx	r3
    21fc:	0003      	movs	r3, r0
    21fe:	607b      	str	r3, [r7, #4]
    2200:	687b      	ldr	r3, [r7, #4]
    2202:	2b01      	cmp	r3, #1
    2204:	d10d      	bne.n	2222 <vTaskStartScheduler+0x4e>
    2206:	b672      	cpsid	i
    2208:	4b0f      	ldr	r3, [pc, #60]	; (2248 <vTaskStartScheduler+0x74>)
    220a:	2201      	movs	r2, #1
    220c:	4252      	negs	r2, r2
    220e:	601a      	str	r2, [r3, #0]
    2210:	4b0e      	ldr	r3, [pc, #56]	; (224c <vTaskStartScheduler+0x78>)
    2212:	2201      	movs	r2, #1
    2214:	601a      	str	r2, [r3, #0]
    2216:	4b0e      	ldr	r3, [pc, #56]	; (2250 <vTaskStartScheduler+0x7c>)
    2218:	2200      	movs	r2, #0
    221a:	601a      	str	r2, [r3, #0]
    221c:	4b0d      	ldr	r3, [pc, #52]	; (2254 <vTaskStartScheduler+0x80>)
    221e:	4798      	blx	r3
    2220:	e004      	b.n	222c <vTaskStartScheduler+0x58>
    2222:	687b      	ldr	r3, [r7, #4]
    2224:	3301      	adds	r3, #1
    2226:	d101      	bne.n	222c <vTaskStartScheduler+0x58>
    2228:	b672      	cpsid	i
    222a:	e7fe      	b.n	222a <vTaskStartScheduler+0x56>
    222c:	46c0      	nop			; (mov r8, r8)
    222e:	46bd      	mov	sp, r7
    2230:	b003      	add	sp, #12
    2232:	bd90      	pop	{r4, r7, pc}
    2234:	0000639c 	.word	0x0000639c
    2238:	0000283d 	.word	0x0000283d
    223c:	200031fc 	.word	0x200031fc
    2240:	00001f41 	.word	0x00001f41
    2244:	00002d71 	.word	0x00002d71
    2248:	200031f8 	.word	0x200031f8
    224c:	200031e4 	.word	0x200031e4
    2250:	200031dc 	.word	0x200031dc
    2254:	000010c9 	.word	0x000010c9

00002258 <vTaskSuspendAll>:
    2258:	b580      	push	{r7, lr}
    225a:	af00      	add	r7, sp, #0
    225c:	4b03      	ldr	r3, [pc, #12]	; (226c <vTaskSuspendAll+0x14>)
    225e:	681b      	ldr	r3, [r3, #0]
    2260:	1c5a      	adds	r2, r3, #1
    2262:	4b02      	ldr	r3, [pc, #8]	; (226c <vTaskSuspendAll+0x14>)
    2264:	601a      	str	r2, [r3, #0]
    2266:	46c0      	nop			; (mov r8, r8)
    2268:	46bd      	mov	sp, r7
    226a:	bd80      	pop	{r7, pc}
    226c:	20003200 	.word	0x20003200

00002270 <xTaskResumeAll>:
    2270:	b580      	push	{r7, lr}
    2272:	b084      	sub	sp, #16
    2274:	af00      	add	r7, sp, #0
    2276:	2300      	movs	r3, #0
    2278:	60fb      	str	r3, [r7, #12]
    227a:	2300      	movs	r3, #0
    227c:	60bb      	str	r3, [r7, #8]
    227e:	4b3a      	ldr	r3, [pc, #232]	; (2368 <xTaskResumeAll+0xf8>)
    2280:	681b      	ldr	r3, [r3, #0]
    2282:	2b00      	cmp	r3, #0
    2284:	d101      	bne.n	228a <xTaskResumeAll+0x1a>
    2286:	b672      	cpsid	i
    2288:	e7fe      	b.n	2288 <xTaskResumeAll+0x18>
    228a:	4b38      	ldr	r3, [pc, #224]	; (236c <xTaskResumeAll+0xfc>)
    228c:	4798      	blx	r3
    228e:	4b36      	ldr	r3, [pc, #216]	; (2368 <xTaskResumeAll+0xf8>)
    2290:	681b      	ldr	r3, [r3, #0]
    2292:	1e5a      	subs	r2, r3, #1
    2294:	4b34      	ldr	r3, [pc, #208]	; (2368 <xTaskResumeAll+0xf8>)
    2296:	601a      	str	r2, [r3, #0]
    2298:	4b33      	ldr	r3, [pc, #204]	; (2368 <xTaskResumeAll+0xf8>)
    229a:	681b      	ldr	r3, [r3, #0]
    229c:	2b00      	cmp	r3, #0
    229e:	d15b      	bne.n	2358 <xTaskResumeAll+0xe8>
    22a0:	4b33      	ldr	r3, [pc, #204]	; (2370 <xTaskResumeAll+0x100>)
    22a2:	681b      	ldr	r3, [r3, #0]
    22a4:	2b00      	cmp	r3, #0
    22a6:	d057      	beq.n	2358 <xTaskResumeAll+0xe8>
    22a8:	e02f      	b.n	230a <xTaskResumeAll+0x9a>
    22aa:	4b32      	ldr	r3, [pc, #200]	; (2374 <xTaskResumeAll+0x104>)
    22ac:	68db      	ldr	r3, [r3, #12]
    22ae:	68db      	ldr	r3, [r3, #12]
    22b0:	60fb      	str	r3, [r7, #12]
    22b2:	68fb      	ldr	r3, [r7, #12]
    22b4:	3318      	adds	r3, #24
    22b6:	0018      	movs	r0, r3
    22b8:	4b2f      	ldr	r3, [pc, #188]	; (2378 <xTaskResumeAll+0x108>)
    22ba:	4798      	blx	r3
    22bc:	68fb      	ldr	r3, [r7, #12]
    22be:	3304      	adds	r3, #4
    22c0:	0018      	movs	r0, r3
    22c2:	4b2d      	ldr	r3, [pc, #180]	; (2378 <xTaskResumeAll+0x108>)
    22c4:	4798      	blx	r3
    22c6:	68fb      	ldr	r3, [r7, #12]
    22c8:	6ada      	ldr	r2, [r3, #44]	; 0x2c
    22ca:	4b2c      	ldr	r3, [pc, #176]	; (237c <xTaskResumeAll+0x10c>)
    22cc:	681b      	ldr	r3, [r3, #0]
    22ce:	429a      	cmp	r2, r3
    22d0:	d903      	bls.n	22da <xTaskResumeAll+0x6a>
    22d2:	68fb      	ldr	r3, [r7, #12]
    22d4:	6ada      	ldr	r2, [r3, #44]	; 0x2c
    22d6:	4b29      	ldr	r3, [pc, #164]	; (237c <xTaskResumeAll+0x10c>)
    22d8:	601a      	str	r2, [r3, #0]
    22da:	68fb      	ldr	r3, [r7, #12]
    22dc:	6ada      	ldr	r2, [r3, #44]	; 0x2c
    22de:	0013      	movs	r3, r2
    22e0:	009b      	lsls	r3, r3, #2
    22e2:	189b      	adds	r3, r3, r2
    22e4:	009b      	lsls	r3, r3, #2
    22e6:	4a26      	ldr	r2, [pc, #152]	; (2380 <xTaskResumeAll+0x110>)
    22e8:	189a      	adds	r2, r3, r2
    22ea:	68fb      	ldr	r3, [r7, #12]
    22ec:	3304      	adds	r3, #4
    22ee:	0019      	movs	r1, r3
    22f0:	0010      	movs	r0, r2
    22f2:	4b24      	ldr	r3, [pc, #144]	; (2384 <xTaskResumeAll+0x114>)
    22f4:	4798      	blx	r3
    22f6:	68fb      	ldr	r3, [r7, #12]
    22f8:	6ada      	ldr	r2, [r3, #44]	; 0x2c
    22fa:	4b23      	ldr	r3, [pc, #140]	; (2388 <xTaskResumeAll+0x118>)
    22fc:	681b      	ldr	r3, [r3, #0]
    22fe:	6adb      	ldr	r3, [r3, #44]	; 0x2c
    2300:	429a      	cmp	r2, r3
    2302:	d302      	bcc.n	230a <xTaskResumeAll+0x9a>
    2304:	4b21      	ldr	r3, [pc, #132]	; (238c <xTaskResumeAll+0x11c>)
    2306:	2201      	movs	r2, #1
    2308:	601a      	str	r2, [r3, #0]
    230a:	4b1a      	ldr	r3, [pc, #104]	; (2374 <xTaskResumeAll+0x104>)
    230c:	681b      	ldr	r3, [r3, #0]
    230e:	2b00      	cmp	r3, #0
    2310:	d1cb      	bne.n	22aa <xTaskResumeAll+0x3a>
    2312:	68fb      	ldr	r3, [r7, #12]
    2314:	2b00      	cmp	r3, #0
    2316:	d001      	beq.n	231c <xTaskResumeAll+0xac>
    2318:	4b1d      	ldr	r3, [pc, #116]	; (2390 <xTaskResumeAll+0x120>)
    231a:	4798      	blx	r3
    231c:	4b1d      	ldr	r3, [pc, #116]	; (2394 <xTaskResumeAll+0x124>)
    231e:	681b      	ldr	r3, [r3, #0]
    2320:	607b      	str	r3, [r7, #4]
    2322:	687b      	ldr	r3, [r7, #4]
    2324:	2b00      	cmp	r3, #0
    2326:	d00f      	beq.n	2348 <xTaskResumeAll+0xd8>
    2328:	4b1b      	ldr	r3, [pc, #108]	; (2398 <xTaskResumeAll+0x128>)
    232a:	4798      	blx	r3
    232c:	1e03      	subs	r3, r0, #0
    232e:	d002      	beq.n	2336 <xTaskResumeAll+0xc6>
    2330:	4b16      	ldr	r3, [pc, #88]	; (238c <xTaskResumeAll+0x11c>)
    2332:	2201      	movs	r2, #1
    2334:	601a      	str	r2, [r3, #0]
    2336:	687b      	ldr	r3, [r7, #4]
    2338:	3b01      	subs	r3, #1
    233a:	607b      	str	r3, [r7, #4]
    233c:	687b      	ldr	r3, [r7, #4]
    233e:	2b00      	cmp	r3, #0
    2340:	d1f2      	bne.n	2328 <xTaskResumeAll+0xb8>
    2342:	4b14      	ldr	r3, [pc, #80]	; (2394 <xTaskResumeAll+0x124>)
    2344:	2200      	movs	r2, #0
    2346:	601a      	str	r2, [r3, #0]
    2348:	4b10      	ldr	r3, [pc, #64]	; (238c <xTaskResumeAll+0x11c>)
    234a:	681b      	ldr	r3, [r3, #0]
    234c:	2b00      	cmp	r3, #0
    234e:	d003      	beq.n	2358 <xTaskResumeAll+0xe8>
    2350:	2301      	movs	r3, #1
    2352:	60bb      	str	r3, [r7, #8]
    2354:	4b11      	ldr	r3, [pc, #68]	; (239c <xTaskResumeAll+0x12c>)
    2356:	4798      	blx	r3
    2358:	4b11      	ldr	r3, [pc, #68]	; (23a0 <xTaskResumeAll+0x130>)
    235a:	4798      	blx	r3
    235c:	68bb      	ldr	r3, [r7, #8]
    235e:	0018      	movs	r0, r3
    2360:	46bd      	mov	sp, r7
    2362:	b004      	add	sp, #16
    2364:	bd80      	pop	{r7, pc}
    2366:	46c0      	nop			; (mov r8, r8)
    2368:	20003200 	.word	0x20003200
    236c:	00001141 	.word	0x00001141
    2370:	200031d8 	.word	0x200031d8
    2374:	20003198 	.word	0x20003198
    2378:	00000fb1 	.word	0x00000fb1
    237c:	200031e0 	.word	0x200031e0
    2380:	20003104 	.word	0x20003104
    2384:	00000f01 	.word	0x00000f01
    2388:	20003100 	.word	0x20003100
    238c:	200031ec 	.word	0x200031ec
    2390:	00002985 	.word	0x00002985
    2394:	200031e8 	.word	0x200031e8
    2398:	000023c1 	.word	0x000023c1
    239c:	00001121 	.word	0x00001121
    23a0:	00001165 	.word	0x00001165

000023a4 <xTaskGetTickCount>:
    23a4:	b580      	push	{r7, lr}
    23a6:	b082      	sub	sp, #8
    23a8:	af00      	add	r7, sp, #0
    23aa:	4b04      	ldr	r3, [pc, #16]	; (23bc <xTaskGetTickCount+0x18>)
    23ac:	681b      	ldr	r3, [r3, #0]
    23ae:	607b      	str	r3, [r7, #4]
    23b0:	687b      	ldr	r3, [r7, #4]
    23b2:	0018      	movs	r0, r3
    23b4:	46bd      	mov	sp, r7
    23b6:	b002      	add	sp, #8
    23b8:	bd80      	pop	{r7, pc}
    23ba:	46c0      	nop			; (mov r8, r8)
    23bc:	200031dc 	.word	0x200031dc

000023c0 <xTaskIncrementTick>:
    23c0:	b580      	push	{r7, lr}
    23c2:	b086      	sub	sp, #24
    23c4:	af00      	add	r7, sp, #0
    23c6:	2300      	movs	r3, #0
    23c8:	617b      	str	r3, [r7, #20]
    23ca:	4b4c      	ldr	r3, [pc, #304]	; (24fc <xTaskIncrementTick+0x13c>)
    23cc:	681b      	ldr	r3, [r3, #0]
    23ce:	2b00      	cmp	r3, #0
    23d0:	d000      	beq.n	23d4 <xTaskIncrementTick+0x14>
    23d2:	e083      	b.n	24dc <xTaskIncrementTick+0x11c>
    23d4:	4b4a      	ldr	r3, [pc, #296]	; (2500 <xTaskIncrementTick+0x140>)
    23d6:	681b      	ldr	r3, [r3, #0]
    23d8:	3301      	adds	r3, #1
    23da:	613b      	str	r3, [r7, #16]
    23dc:	4b48      	ldr	r3, [pc, #288]	; (2500 <xTaskIncrementTick+0x140>)
    23de:	693a      	ldr	r2, [r7, #16]
    23e0:	601a      	str	r2, [r3, #0]
    23e2:	693b      	ldr	r3, [r7, #16]
    23e4:	2b00      	cmp	r3, #0
    23e6:	d117      	bne.n	2418 <xTaskIncrementTick+0x58>
    23e8:	4b46      	ldr	r3, [pc, #280]	; (2504 <xTaskIncrementTick+0x144>)
    23ea:	681b      	ldr	r3, [r3, #0]
    23ec:	681b      	ldr	r3, [r3, #0]
    23ee:	2b00      	cmp	r3, #0
    23f0:	d001      	beq.n	23f6 <xTaskIncrementTick+0x36>
    23f2:	b672      	cpsid	i
    23f4:	e7fe      	b.n	23f4 <xTaskIncrementTick+0x34>
    23f6:	4b43      	ldr	r3, [pc, #268]	; (2504 <xTaskIncrementTick+0x144>)
    23f8:	681b      	ldr	r3, [r3, #0]
    23fa:	60fb      	str	r3, [r7, #12]
    23fc:	4b42      	ldr	r3, [pc, #264]	; (2508 <xTaskIncrementTick+0x148>)
    23fe:	681a      	ldr	r2, [r3, #0]
    2400:	4b40      	ldr	r3, [pc, #256]	; (2504 <xTaskIncrementTick+0x144>)
    2402:	601a      	str	r2, [r3, #0]
    2404:	4b40      	ldr	r3, [pc, #256]	; (2508 <xTaskIncrementTick+0x148>)
    2406:	68fa      	ldr	r2, [r7, #12]
    2408:	601a      	str	r2, [r3, #0]
    240a:	4b40      	ldr	r3, [pc, #256]	; (250c <xTaskIncrementTick+0x14c>)
    240c:	681b      	ldr	r3, [r3, #0]
    240e:	1c5a      	adds	r2, r3, #1
    2410:	4b3e      	ldr	r3, [pc, #248]	; (250c <xTaskIncrementTick+0x14c>)
    2412:	601a      	str	r2, [r3, #0]
    2414:	4b3e      	ldr	r3, [pc, #248]	; (2510 <xTaskIncrementTick+0x150>)
    2416:	4798      	blx	r3
    2418:	4b3e      	ldr	r3, [pc, #248]	; (2514 <xTaskIncrementTick+0x154>)
    241a:	681b      	ldr	r3, [r3, #0]
    241c:	693a      	ldr	r2, [r7, #16]
    241e:	429a      	cmp	r2, r3
    2420:	d34e      	bcc.n	24c0 <xTaskIncrementTick+0x100>
    2422:	4b38      	ldr	r3, [pc, #224]	; (2504 <xTaskIncrementTick+0x144>)
    2424:	681b      	ldr	r3, [r3, #0]
    2426:	681b      	ldr	r3, [r3, #0]
    2428:	2b00      	cmp	r3, #0
    242a:	d101      	bne.n	2430 <xTaskIncrementTick+0x70>
    242c:	2301      	movs	r3, #1
    242e:	e000      	b.n	2432 <xTaskIncrementTick+0x72>
    2430:	2300      	movs	r3, #0
    2432:	2b00      	cmp	r3, #0
    2434:	d004      	beq.n	2440 <xTaskIncrementTick+0x80>
    2436:	4b37      	ldr	r3, [pc, #220]	; (2514 <xTaskIncrementTick+0x154>)
    2438:	2201      	movs	r2, #1
    243a:	4252      	negs	r2, r2
    243c:	601a      	str	r2, [r3, #0]
    243e:	e03f      	b.n	24c0 <xTaskIncrementTick+0x100>
    2440:	4b30      	ldr	r3, [pc, #192]	; (2504 <xTaskIncrementTick+0x144>)
    2442:	681b      	ldr	r3, [r3, #0]
    2444:	68db      	ldr	r3, [r3, #12]
    2446:	68db      	ldr	r3, [r3, #12]
    2448:	60bb      	str	r3, [r7, #8]
    244a:	68bb      	ldr	r3, [r7, #8]
    244c:	685b      	ldr	r3, [r3, #4]
    244e:	607b      	str	r3, [r7, #4]
    2450:	693a      	ldr	r2, [r7, #16]
    2452:	687b      	ldr	r3, [r7, #4]
    2454:	429a      	cmp	r2, r3
    2456:	d203      	bcs.n	2460 <xTaskIncrementTick+0xa0>
    2458:	4b2e      	ldr	r3, [pc, #184]	; (2514 <xTaskIncrementTick+0x154>)
    245a:	687a      	ldr	r2, [r7, #4]
    245c:	601a      	str	r2, [r3, #0]
    245e:	e02f      	b.n	24c0 <xTaskIncrementTick+0x100>
    2460:	68bb      	ldr	r3, [r7, #8]
    2462:	3304      	adds	r3, #4
    2464:	0018      	movs	r0, r3
    2466:	4b2c      	ldr	r3, [pc, #176]	; (2518 <xTaskIncrementTick+0x158>)
    2468:	4798      	blx	r3
    246a:	68bb      	ldr	r3, [r7, #8]
    246c:	6a9b      	ldr	r3, [r3, #40]	; 0x28
    246e:	2b00      	cmp	r3, #0
    2470:	d004      	beq.n	247c <xTaskIncrementTick+0xbc>
    2472:	68bb      	ldr	r3, [r7, #8]
    2474:	3318      	adds	r3, #24
    2476:	0018      	movs	r0, r3
    2478:	4b27      	ldr	r3, [pc, #156]	; (2518 <xTaskIncrementTick+0x158>)
    247a:	4798      	blx	r3
    247c:	68bb      	ldr	r3, [r7, #8]
    247e:	6ada      	ldr	r2, [r3, #44]	; 0x2c
    2480:	4b26      	ldr	r3, [pc, #152]	; (251c <xTaskIncrementTick+0x15c>)
    2482:	681b      	ldr	r3, [r3, #0]
    2484:	429a      	cmp	r2, r3
    2486:	d903      	bls.n	2490 <xTaskIncrementTick+0xd0>
    2488:	68bb      	ldr	r3, [r7, #8]
    248a:	6ada      	ldr	r2, [r3, #44]	; 0x2c
    248c:	4b23      	ldr	r3, [pc, #140]	; (251c <xTaskIncrementTick+0x15c>)
    248e:	601a      	str	r2, [r3, #0]
    2490:	68bb      	ldr	r3, [r7, #8]
    2492:	6ada      	ldr	r2, [r3, #44]	; 0x2c
    2494:	0013      	movs	r3, r2
    2496:	009b      	lsls	r3, r3, #2
    2498:	189b      	adds	r3, r3, r2
    249a:	009b      	lsls	r3, r3, #2
    249c:	4a20      	ldr	r2, [pc, #128]	; (2520 <xTaskIncrementTick+0x160>)
    249e:	189a      	adds	r2, r3, r2
    24a0:	68bb      	ldr	r3, [r7, #8]
    24a2:	3304      	adds	r3, #4
    24a4:	0019      	movs	r1, r3
    24a6:	0010      	movs	r0, r2
    24a8:	4b1e      	ldr	r3, [pc, #120]	; (2524 <xTaskIncrementTick+0x164>)
    24aa:	4798      	blx	r3
    24ac:	68bb      	ldr	r3, [r7, #8]
    24ae:	6ada      	ldr	r2, [r3, #44]	; 0x2c
    24b0:	4b1d      	ldr	r3, [pc, #116]	; (2528 <xTaskIncrementTick+0x168>)
    24b2:	681b      	ldr	r3, [r3, #0]
    24b4:	6adb      	ldr	r3, [r3, #44]	; 0x2c
    24b6:	429a      	cmp	r2, r3
    24b8:	d3b3      	bcc.n	2422 <xTaskIncrementTick+0x62>
    24ba:	2301      	movs	r3, #1
    24bc:	617b      	str	r3, [r7, #20]
    24be:	e7b0      	b.n	2422 <xTaskIncrementTick+0x62>
    24c0:	4b19      	ldr	r3, [pc, #100]	; (2528 <xTaskIncrementTick+0x168>)
    24c2:	681b      	ldr	r3, [r3, #0]
    24c4:	6ada      	ldr	r2, [r3, #44]	; 0x2c
    24c6:	4916      	ldr	r1, [pc, #88]	; (2520 <xTaskIncrementTick+0x160>)
    24c8:	0013      	movs	r3, r2
    24ca:	009b      	lsls	r3, r3, #2
    24cc:	189b      	adds	r3, r3, r2
    24ce:	009b      	lsls	r3, r3, #2
    24d0:	585b      	ldr	r3, [r3, r1]
    24d2:	2b01      	cmp	r3, #1
    24d4:	d907      	bls.n	24e6 <xTaskIncrementTick+0x126>
    24d6:	2301      	movs	r3, #1
    24d8:	617b      	str	r3, [r7, #20]
    24da:	e004      	b.n	24e6 <xTaskIncrementTick+0x126>
    24dc:	4b13      	ldr	r3, [pc, #76]	; (252c <xTaskIncrementTick+0x16c>)
    24de:	681b      	ldr	r3, [r3, #0]
    24e0:	1c5a      	adds	r2, r3, #1
    24e2:	4b12      	ldr	r3, [pc, #72]	; (252c <xTaskIncrementTick+0x16c>)
    24e4:	601a      	str	r2, [r3, #0]
    24e6:	4b12      	ldr	r3, [pc, #72]	; (2530 <xTaskIncrementTick+0x170>)
    24e8:	681b      	ldr	r3, [r3, #0]
    24ea:	2b00      	cmp	r3, #0
    24ec:	d001      	beq.n	24f2 <xTaskIncrementTick+0x132>
    24ee:	2301      	movs	r3, #1
    24f0:	617b      	str	r3, [r7, #20]
    24f2:	697b      	ldr	r3, [r7, #20]
    24f4:	0018      	movs	r0, r3
    24f6:	46bd      	mov	sp, r7
    24f8:	b006      	add	sp, #24
    24fa:	bd80      	pop	{r7, pc}
    24fc:	20003200 	.word	0x20003200
    2500:	200031dc 	.word	0x200031dc
    2504:	20003190 	.word	0x20003190
    2508:	20003194 	.word	0x20003194
    250c:	200031f0 	.word	0x200031f0
    2510:	00002985 	.word	0x00002985
    2514:	200031f8 	.word	0x200031f8
    2518:	00000fb1 	.word	0x00000fb1
    251c:	200031e0 	.word	0x200031e0
    2520:	20003104 	.word	0x20003104
    2524:	00000f01 	.word	0x00000f01
    2528:	20003100 	.word	0x20003100
    252c:	200031e8 	.word	0x200031e8
    2530:	200031ec 	.word	0x200031ec

00002534 <vTaskSwitchContext>:
    2534:	b580      	push	{r7, lr}
    2536:	b082      	sub	sp, #8
    2538:	af00      	add	r7, sp, #0
    253a:	4b2a      	ldr	r3, [pc, #168]	; (25e4 <vTaskSwitchContext+0xb0>)
    253c:	681b      	ldr	r3, [r3, #0]
    253e:	2b00      	cmp	r3, #0
    2540:	d003      	beq.n	254a <vTaskSwitchContext+0x16>
    2542:	4b29      	ldr	r3, [pc, #164]	; (25e8 <vTaskSwitchContext+0xb4>)
    2544:	2201      	movs	r2, #1
    2546:	601a      	str	r2, [r3, #0]
    2548:	e048      	b.n	25dc <vTaskSwitchContext+0xa8>
    254a:	4b27      	ldr	r3, [pc, #156]	; (25e8 <vTaskSwitchContext+0xb4>)
    254c:	2200      	movs	r2, #0
    254e:	601a      	str	r2, [r3, #0]
    2550:	4b26      	ldr	r3, [pc, #152]	; (25ec <vTaskSwitchContext+0xb8>)
    2552:	681b      	ldr	r3, [r3, #0]
    2554:	681a      	ldr	r2, [r3, #0]
    2556:	4b25      	ldr	r3, [pc, #148]	; (25ec <vTaskSwitchContext+0xb8>)
    2558:	681b      	ldr	r3, [r3, #0]
    255a:	6b1b      	ldr	r3, [r3, #48]	; 0x30
    255c:	429a      	cmp	r2, r3
    255e:	d808      	bhi.n	2572 <vTaskSwitchContext+0x3e>
    2560:	4b22      	ldr	r3, [pc, #136]	; (25ec <vTaskSwitchContext+0xb8>)
    2562:	681a      	ldr	r2, [r3, #0]
    2564:	4b21      	ldr	r3, [pc, #132]	; (25ec <vTaskSwitchContext+0xb8>)
    2566:	681b      	ldr	r3, [r3, #0]
    2568:	3334      	adds	r3, #52	; 0x34
    256a:	0019      	movs	r1, r3
    256c:	0010      	movs	r0, r2
    256e:	4b20      	ldr	r3, [pc, #128]	; (25f0 <vTaskSwitchContext+0xbc>)
    2570:	4798      	blx	r3
    2572:	4b20      	ldr	r3, [pc, #128]	; (25f4 <vTaskSwitchContext+0xc0>)
    2574:	681b      	ldr	r3, [r3, #0]
    2576:	607b      	str	r3, [r7, #4]
    2578:	e007      	b.n	258a <vTaskSwitchContext+0x56>
    257a:	687b      	ldr	r3, [r7, #4]
    257c:	2b00      	cmp	r3, #0
    257e:	d101      	bne.n	2584 <vTaskSwitchContext+0x50>
    2580:	b672      	cpsid	i
    2582:	e7fe      	b.n	2582 <vTaskSwitchContext+0x4e>
    2584:	687b      	ldr	r3, [r7, #4]
    2586:	3b01      	subs	r3, #1
    2588:	607b      	str	r3, [r7, #4]
    258a:	491b      	ldr	r1, [pc, #108]	; (25f8 <vTaskSwitchContext+0xc4>)
    258c:	687a      	ldr	r2, [r7, #4]
    258e:	0013      	movs	r3, r2
    2590:	009b      	lsls	r3, r3, #2
    2592:	189b      	adds	r3, r3, r2
    2594:	009b      	lsls	r3, r3, #2
    2596:	585b      	ldr	r3, [r3, r1]
    2598:	2b00      	cmp	r3, #0
    259a:	d0ee      	beq.n	257a <vTaskSwitchContext+0x46>
    259c:	687a      	ldr	r2, [r7, #4]
    259e:	0013      	movs	r3, r2
    25a0:	009b      	lsls	r3, r3, #2
    25a2:	189b      	adds	r3, r3, r2
    25a4:	009b      	lsls	r3, r3, #2
    25a6:	4a14      	ldr	r2, [pc, #80]	; (25f8 <vTaskSwitchContext+0xc4>)
    25a8:	189b      	adds	r3, r3, r2
    25aa:	603b      	str	r3, [r7, #0]
    25ac:	683b      	ldr	r3, [r7, #0]
    25ae:	685b      	ldr	r3, [r3, #4]
    25b0:	685a      	ldr	r2, [r3, #4]
    25b2:	683b      	ldr	r3, [r7, #0]
    25b4:	605a      	str	r2, [r3, #4]
    25b6:	683b      	ldr	r3, [r7, #0]
    25b8:	685a      	ldr	r2, [r3, #4]
    25ba:	683b      	ldr	r3, [r7, #0]
    25bc:	3308      	adds	r3, #8
    25be:	429a      	cmp	r2, r3
    25c0:	d104      	bne.n	25cc <vTaskSwitchContext+0x98>
    25c2:	683b      	ldr	r3, [r7, #0]
    25c4:	685b      	ldr	r3, [r3, #4]
    25c6:	685a      	ldr	r2, [r3, #4]
    25c8:	683b      	ldr	r3, [r7, #0]
    25ca:	605a      	str	r2, [r3, #4]
    25cc:	683b      	ldr	r3, [r7, #0]
    25ce:	685b      	ldr	r3, [r3, #4]
    25d0:	68da      	ldr	r2, [r3, #12]
    25d2:	4b06      	ldr	r3, [pc, #24]	; (25ec <vTaskSwitchContext+0xb8>)
    25d4:	601a      	str	r2, [r3, #0]
    25d6:	4b07      	ldr	r3, [pc, #28]	; (25f4 <vTaskSwitchContext+0xc0>)
    25d8:	687a      	ldr	r2, [r7, #4]
    25da:	601a      	str	r2, [r3, #0]
    25dc:	46c0      	nop			; (mov r8, r8)
    25de:	46bd      	mov	sp, r7
    25e0:	b002      	add	sp, #8
    25e2:	bd80      	pop	{r7, pc}
    25e4:	20003200 	.word	0x20003200
    25e8:	200031ec 	.word	0x200031ec
    25ec:	20003100 	.word	0x20003100
    25f0:	000056c5 	.word	0x000056c5
    25f4:	200031e0 	.word	0x200031e0
    25f8:	20003104 	.word	0x20003104

000025fc <vTaskPlaceOnEventList>:
    25fc:	b580      	push	{r7, lr}
    25fe:	b082      	sub	sp, #8
    2600:	af00      	add	r7, sp, #0
    2602:	6078      	str	r0, [r7, #4]
    2604:	6039      	str	r1, [r7, #0]
    2606:	687b      	ldr	r3, [r7, #4]
    2608:	2b00      	cmp	r3, #0
    260a:	d101      	bne.n	2610 <vTaskPlaceOnEventList+0x14>
    260c:	b672      	cpsid	i
    260e:	e7fe      	b.n	260e <vTaskPlaceOnEventList+0x12>
    2610:	4b08      	ldr	r3, [pc, #32]	; (2634 <vTaskPlaceOnEventList+0x38>)
    2612:	681b      	ldr	r3, [r3, #0]
    2614:	3318      	adds	r3, #24
    2616:	001a      	movs	r2, r3
    2618:	687b      	ldr	r3, [r7, #4]
    261a:	0011      	movs	r1, r2
    261c:	0018      	movs	r0, r3
    261e:	4b06      	ldr	r3, [pc, #24]	; (2638 <vTaskPlaceOnEventList+0x3c>)
    2620:	4798      	blx	r3
    2622:	683b      	ldr	r3, [r7, #0]
    2624:	2101      	movs	r1, #1
    2626:	0018      	movs	r0, r3
    2628:	4b04      	ldr	r3, [pc, #16]	; (263c <vTaskPlaceOnEventList+0x40>)
    262a:	4798      	blx	r3
    262c:	46c0      	nop			; (mov r8, r8)
    262e:	46bd      	mov	sp, r7
    2630:	b002      	add	sp, #8
    2632:	bd80      	pop	{r7, pc}
    2634:	20003100 	.word	0x20003100
    2638:	00000f45 	.word	0x00000f45
    263c:	00002cbd 	.word	0x00002cbd

00002640 <vTaskPlaceOnEventListRestricted>:
    2640:	b580      	push	{r7, lr}
    2642:	b084      	sub	sp, #16
    2644:	af00      	add	r7, sp, #0
    2646:	60f8      	str	r0, [r7, #12]
    2648:	60b9      	str	r1, [r7, #8]
    264a:	607a      	str	r2, [r7, #4]
    264c:	68fb      	ldr	r3, [r7, #12]
    264e:	2b00      	cmp	r3, #0
    2650:	d101      	bne.n	2656 <vTaskPlaceOnEventListRestricted+0x16>
    2652:	b672      	cpsid	i
    2654:	e7fe      	b.n	2654 <vTaskPlaceOnEventListRestricted+0x14>
    2656:	4b0c      	ldr	r3, [pc, #48]	; (2688 <vTaskPlaceOnEventListRestricted+0x48>)
    2658:	681b      	ldr	r3, [r3, #0]
    265a:	3318      	adds	r3, #24
    265c:	001a      	movs	r2, r3
    265e:	68fb      	ldr	r3, [r7, #12]
    2660:	0011      	movs	r1, r2
    2662:	0018      	movs	r0, r3
    2664:	4b09      	ldr	r3, [pc, #36]	; (268c <vTaskPlaceOnEventListRestricted+0x4c>)
    2666:	4798      	blx	r3
    2668:	687b      	ldr	r3, [r7, #4]
    266a:	2b00      	cmp	r3, #0
    266c:	d002      	beq.n	2674 <vTaskPlaceOnEventListRestricted+0x34>
    266e:	2301      	movs	r3, #1
    2670:	425b      	negs	r3, r3
    2672:	60bb      	str	r3, [r7, #8]
    2674:	687a      	ldr	r2, [r7, #4]
    2676:	68bb      	ldr	r3, [r7, #8]
    2678:	0011      	movs	r1, r2
    267a:	0018      	movs	r0, r3
    267c:	4b04      	ldr	r3, [pc, #16]	; (2690 <vTaskPlaceOnEventListRestricted+0x50>)
    267e:	4798      	blx	r3
    2680:	46c0      	nop			; (mov r8, r8)
    2682:	46bd      	mov	sp, r7
    2684:	b004      	add	sp, #16
    2686:	bd80      	pop	{r7, pc}
    2688:	20003100 	.word	0x20003100
    268c:	00000f01 	.word	0x00000f01
    2690:	00002cbd 	.word	0x00002cbd

00002694 <xTaskRemoveFromEventList>:
    2694:	b580      	push	{r7, lr}
    2696:	b084      	sub	sp, #16
    2698:	af00      	add	r7, sp, #0
    269a:	6078      	str	r0, [r7, #4]
    269c:	687b      	ldr	r3, [r7, #4]
    269e:	68db      	ldr	r3, [r3, #12]
    26a0:	68db      	ldr	r3, [r3, #12]
    26a2:	60bb      	str	r3, [r7, #8]
    26a4:	68bb      	ldr	r3, [r7, #8]
    26a6:	2b00      	cmp	r3, #0
    26a8:	d101      	bne.n	26ae <xTaskRemoveFromEventList+0x1a>
    26aa:	b672      	cpsid	i
    26ac:	e7fe      	b.n	26ac <xTaskRemoveFromEventList+0x18>
    26ae:	68bb      	ldr	r3, [r7, #8]
    26b0:	3318      	adds	r3, #24
    26b2:	0018      	movs	r0, r3
    26b4:	4b1f      	ldr	r3, [pc, #124]	; (2734 <xTaskRemoveFromEventList+0xa0>)
    26b6:	4798      	blx	r3
    26b8:	4b1f      	ldr	r3, [pc, #124]	; (2738 <xTaskRemoveFromEventList+0xa4>)
    26ba:	681b      	ldr	r3, [r3, #0]
    26bc:	2b00      	cmp	r3, #0
    26be:	d11d      	bne.n	26fc <xTaskRemoveFromEventList+0x68>
    26c0:	68bb      	ldr	r3, [r7, #8]
    26c2:	3304      	adds	r3, #4
    26c4:	0018      	movs	r0, r3
    26c6:	4b1b      	ldr	r3, [pc, #108]	; (2734 <xTaskRemoveFromEventList+0xa0>)
    26c8:	4798      	blx	r3
    26ca:	68bb      	ldr	r3, [r7, #8]
    26cc:	6ada      	ldr	r2, [r3, #44]	; 0x2c
    26ce:	4b1b      	ldr	r3, [pc, #108]	; (273c <xTaskRemoveFromEventList+0xa8>)
    26d0:	681b      	ldr	r3, [r3, #0]
    26d2:	429a      	cmp	r2, r3
    26d4:	d903      	bls.n	26de <xTaskRemoveFromEventList+0x4a>
    26d6:	68bb      	ldr	r3, [r7, #8]
    26d8:	6ada      	ldr	r2, [r3, #44]	; 0x2c
    26da:	4b18      	ldr	r3, [pc, #96]	; (273c <xTaskRemoveFromEventList+0xa8>)
    26dc:	601a      	str	r2, [r3, #0]
    26de:	68bb      	ldr	r3, [r7, #8]
    26e0:	6ada      	ldr	r2, [r3, #44]	; 0x2c
    26e2:	0013      	movs	r3, r2
    26e4:	009b      	lsls	r3, r3, #2
    26e6:	189b      	adds	r3, r3, r2
    26e8:	009b      	lsls	r3, r3, #2
    26ea:	4a15      	ldr	r2, [pc, #84]	; (2740 <xTaskRemoveFromEventList+0xac>)
    26ec:	189a      	adds	r2, r3, r2
    26ee:	68bb      	ldr	r3, [r7, #8]
    26f0:	3304      	adds	r3, #4
    26f2:	0019      	movs	r1, r3
    26f4:	0010      	movs	r0, r2
    26f6:	4b13      	ldr	r3, [pc, #76]	; (2744 <xTaskRemoveFromEventList+0xb0>)
    26f8:	4798      	blx	r3
    26fa:	e007      	b.n	270c <xTaskRemoveFromEventList+0x78>
    26fc:	68bb      	ldr	r3, [r7, #8]
    26fe:	3318      	adds	r3, #24
    2700:	001a      	movs	r2, r3
    2702:	4b11      	ldr	r3, [pc, #68]	; (2748 <xTaskRemoveFromEventList+0xb4>)
    2704:	0011      	movs	r1, r2
    2706:	0018      	movs	r0, r3
    2708:	4b0e      	ldr	r3, [pc, #56]	; (2744 <xTaskRemoveFromEventList+0xb0>)
    270a:	4798      	blx	r3
    270c:	68bb      	ldr	r3, [r7, #8]
    270e:	6ada      	ldr	r2, [r3, #44]	; 0x2c
    2710:	4b0e      	ldr	r3, [pc, #56]	; (274c <xTaskRemoveFromEventList+0xb8>)
    2712:	681b      	ldr	r3, [r3, #0]
    2714:	6adb      	ldr	r3, [r3, #44]	; 0x2c
    2716:	429a      	cmp	r2, r3
    2718:	d905      	bls.n	2726 <xTaskRemoveFromEventList+0x92>
    271a:	2301      	movs	r3, #1
    271c:	60fb      	str	r3, [r7, #12]
    271e:	4b0c      	ldr	r3, [pc, #48]	; (2750 <xTaskRemoveFromEventList+0xbc>)
    2720:	2201      	movs	r2, #1
    2722:	601a      	str	r2, [r3, #0]
    2724:	e001      	b.n	272a <xTaskRemoveFromEventList+0x96>
    2726:	2300      	movs	r3, #0
    2728:	60fb      	str	r3, [r7, #12]
    272a:	68fb      	ldr	r3, [r7, #12]
    272c:	0018      	movs	r0, r3
    272e:	46bd      	mov	sp, r7
    2730:	b004      	add	sp, #16
    2732:	bd80      	pop	{r7, pc}
    2734:	00000fb1 	.word	0x00000fb1
    2738:	20003200 	.word	0x20003200
    273c:	200031e0 	.word	0x200031e0
    2740:	20003104 	.word	0x20003104
    2744:	00000f01 	.word	0x00000f01
    2748:	20003198 	.word	0x20003198
    274c:	20003100 	.word	0x20003100
    2750:	200031ec 	.word	0x200031ec

00002754 <vTaskInternalSetTimeOutState>:
    2754:	b580      	push	{r7, lr}
    2756:	b082      	sub	sp, #8
    2758:	af00      	add	r7, sp, #0
    275a:	6078      	str	r0, [r7, #4]
    275c:	4b05      	ldr	r3, [pc, #20]	; (2774 <vTaskInternalSetTimeOutState+0x20>)
    275e:	681a      	ldr	r2, [r3, #0]
    2760:	687b      	ldr	r3, [r7, #4]
    2762:	601a      	str	r2, [r3, #0]
    2764:	4b04      	ldr	r3, [pc, #16]	; (2778 <vTaskInternalSetTimeOutState+0x24>)
    2766:	681a      	ldr	r2, [r3, #0]
    2768:	687b      	ldr	r3, [r7, #4]
    276a:	605a      	str	r2, [r3, #4]
    276c:	46c0      	nop			; (mov r8, r8)
    276e:	46bd      	mov	sp, r7
    2770:	b002      	add	sp, #8
    2772:	bd80      	pop	{r7, pc}
    2774:	200031f0 	.word	0x200031f0
    2778:	200031dc 	.word	0x200031dc

0000277c <xTaskCheckForTimeOut>:
    277c:	b580      	push	{r7, lr}
    277e:	b086      	sub	sp, #24
    2780:	af00      	add	r7, sp, #0
    2782:	6078      	str	r0, [r7, #4]
    2784:	6039      	str	r1, [r7, #0]
    2786:	687b      	ldr	r3, [r7, #4]
    2788:	2b00      	cmp	r3, #0
    278a:	d101      	bne.n	2790 <xTaskCheckForTimeOut+0x14>
    278c:	b672      	cpsid	i
    278e:	e7fe      	b.n	278e <xTaskCheckForTimeOut+0x12>
    2790:	683b      	ldr	r3, [r7, #0]
    2792:	2b00      	cmp	r3, #0
    2794:	d101      	bne.n	279a <xTaskCheckForTimeOut+0x1e>
    2796:	b672      	cpsid	i
    2798:	e7fe      	b.n	2798 <xTaskCheckForTimeOut+0x1c>
    279a:	4b1e      	ldr	r3, [pc, #120]	; (2814 <xTaskCheckForTimeOut+0x98>)
    279c:	4798      	blx	r3
    279e:	4b1e      	ldr	r3, [pc, #120]	; (2818 <xTaskCheckForTimeOut+0x9c>)
    27a0:	681b      	ldr	r3, [r3, #0]
    27a2:	613b      	str	r3, [r7, #16]
    27a4:	687b      	ldr	r3, [r7, #4]
    27a6:	685b      	ldr	r3, [r3, #4]
    27a8:	693a      	ldr	r2, [r7, #16]
    27aa:	1ad3      	subs	r3, r2, r3
    27ac:	60fb      	str	r3, [r7, #12]
    27ae:	683b      	ldr	r3, [r7, #0]
    27b0:	681b      	ldr	r3, [r3, #0]
    27b2:	3301      	adds	r3, #1
    27b4:	d102      	bne.n	27bc <xTaskCheckForTimeOut+0x40>
    27b6:	2300      	movs	r3, #0
    27b8:	617b      	str	r3, [r7, #20]
    27ba:	e024      	b.n	2806 <xTaskCheckForTimeOut+0x8a>
    27bc:	687b      	ldr	r3, [r7, #4]
    27be:	681a      	ldr	r2, [r3, #0]
    27c0:	4b16      	ldr	r3, [pc, #88]	; (281c <xTaskCheckForTimeOut+0xa0>)
    27c2:	681b      	ldr	r3, [r3, #0]
    27c4:	429a      	cmp	r2, r3
    27c6:	d007      	beq.n	27d8 <xTaskCheckForTimeOut+0x5c>
    27c8:	687b      	ldr	r3, [r7, #4]
    27ca:	685a      	ldr	r2, [r3, #4]
    27cc:	693b      	ldr	r3, [r7, #16]
    27ce:	429a      	cmp	r2, r3
    27d0:	d802      	bhi.n	27d8 <xTaskCheckForTimeOut+0x5c>
    27d2:	2301      	movs	r3, #1
    27d4:	617b      	str	r3, [r7, #20]
    27d6:	e016      	b.n	2806 <xTaskCheckForTimeOut+0x8a>
    27d8:	683b      	ldr	r3, [r7, #0]
    27da:	681a      	ldr	r2, [r3, #0]
    27dc:	68fb      	ldr	r3, [r7, #12]
    27de:	429a      	cmp	r2, r3
    27e0:	d90c      	bls.n	27fc <xTaskCheckForTimeOut+0x80>
    27e2:	683b      	ldr	r3, [r7, #0]
    27e4:	681a      	ldr	r2, [r3, #0]
    27e6:	68fb      	ldr	r3, [r7, #12]
    27e8:	1ad2      	subs	r2, r2, r3
    27ea:	683b      	ldr	r3, [r7, #0]
    27ec:	601a      	str	r2, [r3, #0]
    27ee:	687b      	ldr	r3, [r7, #4]
    27f0:	0018      	movs	r0, r3
    27f2:	4b0b      	ldr	r3, [pc, #44]	; (2820 <xTaskCheckForTimeOut+0xa4>)
    27f4:	4798      	blx	r3
    27f6:	2300      	movs	r3, #0
    27f8:	617b      	str	r3, [r7, #20]
    27fa:	e004      	b.n	2806 <xTaskCheckForTimeOut+0x8a>
    27fc:	683b      	ldr	r3, [r7, #0]
    27fe:	2200      	movs	r2, #0
    2800:	601a      	str	r2, [r3, #0]
    2802:	2301      	movs	r3, #1
    2804:	617b      	str	r3, [r7, #20]
    2806:	4b07      	ldr	r3, [pc, #28]	; (2824 <xTaskCheckForTimeOut+0xa8>)
    2808:	4798      	blx	r3
    280a:	697b      	ldr	r3, [r7, #20]
    280c:	0018      	movs	r0, r3
    280e:	46bd      	mov	sp, r7
    2810:	b006      	add	sp, #24
    2812:	bd80      	pop	{r7, pc}
    2814:	00001141 	.word	0x00001141
    2818:	200031dc 	.word	0x200031dc
    281c:	200031f0 	.word	0x200031f0
    2820:	00002755 	.word	0x00002755
    2824:	00001165 	.word	0x00001165

00002828 <vTaskMissedYield>:
    2828:	b580      	push	{r7, lr}
    282a:	af00      	add	r7, sp, #0
    282c:	4b02      	ldr	r3, [pc, #8]	; (2838 <vTaskMissedYield+0x10>)
    282e:	2201      	movs	r2, #1
    2830:	601a      	str	r2, [r3, #0]
    2832:	46c0      	nop			; (mov r8, r8)
    2834:	46bd      	mov	sp, r7
    2836:	bd80      	pop	{r7, pc}
    2838:	200031ec 	.word	0x200031ec

0000283c <prvIdleTask>:
    283c:	b580      	push	{r7, lr}
    283e:	b082      	sub	sp, #8
    2840:	af00      	add	r7, sp, #0
    2842:	6078      	str	r0, [r7, #4]
    2844:	4b04      	ldr	r3, [pc, #16]	; (2858 <prvIdleTask+0x1c>)
    2846:	4798      	blx	r3
    2848:	4b04      	ldr	r3, [pc, #16]	; (285c <prvIdleTask+0x20>)
    284a:	681b      	ldr	r3, [r3, #0]
    284c:	2b01      	cmp	r3, #1
    284e:	d9f9      	bls.n	2844 <prvIdleTask+0x8>
    2850:	4b03      	ldr	r3, [pc, #12]	; (2860 <prvIdleTask+0x24>)
    2852:	4798      	blx	r3
    2854:	e7f6      	b.n	2844 <prvIdleTask+0x8>
    2856:	46c0      	nop			; (mov r8, r8)
    2858:	000028f1 	.word	0x000028f1
    285c:	20003104 	.word	0x20003104
    2860:	00001121 	.word	0x00001121

00002864 <prvInitialiseTaskLists>:
    2864:	b580      	push	{r7, lr}
    2866:	b082      	sub	sp, #8
    2868:	af00      	add	r7, sp, #0
    286a:	2300      	movs	r3, #0
    286c:	607b      	str	r3, [r7, #4]
    286e:	e00c      	b.n	288a <prvInitialiseTaskLists+0x26>
    2870:	687a      	ldr	r2, [r7, #4]
    2872:	0013      	movs	r3, r2
    2874:	009b      	lsls	r3, r3, #2
    2876:	189b      	adds	r3, r3, r2
    2878:	009b      	lsls	r3, r3, #2
    287a:	4a14      	ldr	r2, [pc, #80]	; (28cc <prvInitialiseTaskLists+0x68>)
    287c:	189b      	adds	r3, r3, r2
    287e:	0018      	movs	r0, r3
    2880:	4b13      	ldr	r3, [pc, #76]	; (28d0 <prvInitialiseTaskLists+0x6c>)
    2882:	4798      	blx	r3
    2884:	687b      	ldr	r3, [r7, #4]
    2886:	3301      	adds	r3, #1
    2888:	607b      	str	r3, [r7, #4]
    288a:	687b      	ldr	r3, [r7, #4]
    288c:	2b04      	cmp	r3, #4
    288e:	d9ef      	bls.n	2870 <prvInitialiseTaskLists+0xc>
    2890:	4b10      	ldr	r3, [pc, #64]	; (28d4 <prvInitialiseTaskLists+0x70>)
    2892:	0018      	movs	r0, r3
    2894:	4b0e      	ldr	r3, [pc, #56]	; (28d0 <prvInitialiseTaskLists+0x6c>)
    2896:	4798      	blx	r3
    2898:	4b0f      	ldr	r3, [pc, #60]	; (28d8 <prvInitialiseTaskLists+0x74>)
    289a:	0018      	movs	r0, r3
    289c:	4b0c      	ldr	r3, [pc, #48]	; (28d0 <prvInitialiseTaskLists+0x6c>)
    289e:	4798      	blx	r3
    28a0:	4b0e      	ldr	r3, [pc, #56]	; (28dc <prvInitialiseTaskLists+0x78>)
    28a2:	0018      	movs	r0, r3
    28a4:	4b0a      	ldr	r3, [pc, #40]	; (28d0 <prvInitialiseTaskLists+0x6c>)
    28a6:	4798      	blx	r3
    28a8:	4b0d      	ldr	r3, [pc, #52]	; (28e0 <prvInitialiseTaskLists+0x7c>)
    28aa:	0018      	movs	r0, r3
    28ac:	4b08      	ldr	r3, [pc, #32]	; (28d0 <prvInitialiseTaskLists+0x6c>)
    28ae:	4798      	blx	r3
    28b0:	4b0c      	ldr	r3, [pc, #48]	; (28e4 <prvInitialiseTaskLists+0x80>)
    28b2:	0018      	movs	r0, r3
    28b4:	4b06      	ldr	r3, [pc, #24]	; (28d0 <prvInitialiseTaskLists+0x6c>)
    28b6:	4798      	blx	r3
    28b8:	4b0b      	ldr	r3, [pc, #44]	; (28e8 <prvInitialiseTaskLists+0x84>)
    28ba:	4a06      	ldr	r2, [pc, #24]	; (28d4 <prvInitialiseTaskLists+0x70>)
    28bc:	601a      	str	r2, [r3, #0]
    28be:	4b0b      	ldr	r3, [pc, #44]	; (28ec <prvInitialiseTaskLists+0x88>)
    28c0:	4a05      	ldr	r2, [pc, #20]	; (28d8 <prvInitialiseTaskLists+0x74>)
    28c2:	601a      	str	r2, [r3, #0]
    28c4:	46c0      	nop			; (mov r8, r8)
    28c6:	46bd      	mov	sp, r7
    28c8:	b002      	add	sp, #8
    28ca:	bd80      	pop	{r7, pc}
    28cc:	20003104 	.word	0x20003104
    28d0:	00000eaf 	.word	0x00000eaf
    28d4:	20003168 	.word	0x20003168
    28d8:	2000317c 	.word	0x2000317c
    28dc:	20003198 	.word	0x20003198
    28e0:	200031ac 	.word	0x200031ac
    28e4:	200031c4 	.word	0x200031c4
    28e8:	20003190 	.word	0x20003190
    28ec:	20003194 	.word	0x20003194

000028f0 <prvCheckTasksWaitingTermination>:
    28f0:	b580      	push	{r7, lr}
    28f2:	b082      	sub	sp, #8
    28f4:	af00      	add	r7, sp, #0
    28f6:	e01a      	b.n	292e <prvCheckTasksWaitingTermination+0x3e>
    28f8:	4b11      	ldr	r3, [pc, #68]	; (2940 <prvCheckTasksWaitingTermination+0x50>)
    28fa:	4798      	blx	r3
    28fc:	4b11      	ldr	r3, [pc, #68]	; (2944 <prvCheckTasksWaitingTermination+0x54>)
    28fe:	68db      	ldr	r3, [r3, #12]
    2900:	68db      	ldr	r3, [r3, #12]
    2902:	607b      	str	r3, [r7, #4]
    2904:	687b      	ldr	r3, [r7, #4]
    2906:	3304      	adds	r3, #4
    2908:	0018      	movs	r0, r3
    290a:	4b0f      	ldr	r3, [pc, #60]	; (2948 <prvCheckTasksWaitingTermination+0x58>)
    290c:	4798      	blx	r3
    290e:	4b0f      	ldr	r3, [pc, #60]	; (294c <prvCheckTasksWaitingTermination+0x5c>)
    2910:	681b      	ldr	r3, [r3, #0]
    2912:	1e5a      	subs	r2, r3, #1
    2914:	4b0d      	ldr	r3, [pc, #52]	; (294c <prvCheckTasksWaitingTermination+0x5c>)
    2916:	601a      	str	r2, [r3, #0]
    2918:	4b0d      	ldr	r3, [pc, #52]	; (2950 <prvCheckTasksWaitingTermination+0x60>)
    291a:	681b      	ldr	r3, [r3, #0]
    291c:	1e5a      	subs	r2, r3, #1
    291e:	4b0c      	ldr	r3, [pc, #48]	; (2950 <prvCheckTasksWaitingTermination+0x60>)
    2920:	601a      	str	r2, [r3, #0]
    2922:	4b0c      	ldr	r3, [pc, #48]	; (2954 <prvCheckTasksWaitingTermination+0x64>)
    2924:	4798      	blx	r3
    2926:	687b      	ldr	r3, [r7, #4]
    2928:	0018      	movs	r0, r3
    292a:	4b0b      	ldr	r3, [pc, #44]	; (2958 <prvCheckTasksWaitingTermination+0x68>)
    292c:	4798      	blx	r3
    292e:	4b08      	ldr	r3, [pc, #32]	; (2950 <prvCheckTasksWaitingTermination+0x60>)
    2930:	681b      	ldr	r3, [r3, #0]
    2932:	2b00      	cmp	r3, #0
    2934:	d1e0      	bne.n	28f8 <prvCheckTasksWaitingTermination+0x8>
    2936:	46c0      	nop			; (mov r8, r8)
    2938:	46bd      	mov	sp, r7
    293a:	b002      	add	sp, #8
    293c:	bd80      	pop	{r7, pc}
    293e:	46c0      	nop			; (mov r8, r8)
    2940:	00001141 	.word	0x00001141
    2944:	200031ac 	.word	0x200031ac
    2948:	00000fb1 	.word	0x00000fb1
    294c:	200031d8 	.word	0x200031d8
    2950:	200031c0 	.word	0x200031c0
    2954:	00001165 	.word	0x00001165
    2958:	0000295d 	.word	0x0000295d

0000295c <prvDeleteTCB>:
    295c:	b580      	push	{r7, lr}
    295e:	b082      	sub	sp, #8
    2960:	af00      	add	r7, sp, #0
    2962:	6078      	str	r0, [r7, #4]
    2964:	687b      	ldr	r3, [r7, #4]
    2966:	6b1b      	ldr	r3, [r3, #48]	; 0x30
    2968:	0018      	movs	r0, r3
    296a:	4b05      	ldr	r3, [pc, #20]	; (2980 <prvDeleteTCB+0x24>)
    296c:	4798      	blx	r3
    296e:	687b      	ldr	r3, [r7, #4]
    2970:	0018      	movs	r0, r3
    2972:	4b03      	ldr	r3, [pc, #12]	; (2980 <prvDeleteTCB+0x24>)
    2974:	4798      	blx	r3
    2976:	46c0      	nop			; (mov r8, r8)
    2978:	46bd      	mov	sp, r7
    297a:	b002      	add	sp, #8
    297c:	bd80      	pop	{r7, pc}
    297e:	46c0      	nop			; (mov r8, r8)
    2980:	00001321 	.word	0x00001321

00002984 <prvResetNextTaskUnblockTime>:
    2984:	b580      	push	{r7, lr}
    2986:	b082      	sub	sp, #8
    2988:	af00      	add	r7, sp, #0
    298a:	4b0e      	ldr	r3, [pc, #56]	; (29c4 <prvResetNextTaskUnblockTime+0x40>)
    298c:	681b      	ldr	r3, [r3, #0]
    298e:	681b      	ldr	r3, [r3, #0]
    2990:	2b00      	cmp	r3, #0
    2992:	d101      	bne.n	2998 <prvResetNextTaskUnblockTime+0x14>
    2994:	2301      	movs	r3, #1
    2996:	e000      	b.n	299a <prvResetNextTaskUnblockTime+0x16>
    2998:	2300      	movs	r3, #0
    299a:	2b00      	cmp	r3, #0
    299c:	d004      	beq.n	29a8 <prvResetNextTaskUnblockTime+0x24>
    299e:	4b0a      	ldr	r3, [pc, #40]	; (29c8 <prvResetNextTaskUnblockTime+0x44>)
    29a0:	2201      	movs	r2, #1
    29a2:	4252      	negs	r2, r2
    29a4:	601a      	str	r2, [r3, #0]
    29a6:	e008      	b.n	29ba <prvResetNextTaskUnblockTime+0x36>
    29a8:	4b06      	ldr	r3, [pc, #24]	; (29c4 <prvResetNextTaskUnblockTime+0x40>)
    29aa:	681b      	ldr	r3, [r3, #0]
    29ac:	68db      	ldr	r3, [r3, #12]
    29ae:	68db      	ldr	r3, [r3, #12]
    29b0:	607b      	str	r3, [r7, #4]
    29b2:	687b      	ldr	r3, [r7, #4]
    29b4:	685a      	ldr	r2, [r3, #4]
    29b6:	4b04      	ldr	r3, [pc, #16]	; (29c8 <prvResetNextTaskUnblockTime+0x44>)
    29b8:	601a      	str	r2, [r3, #0]
    29ba:	46c0      	nop			; (mov r8, r8)
    29bc:	46bd      	mov	sp, r7
    29be:	b002      	add	sp, #8
    29c0:	bd80      	pop	{r7, pc}
    29c2:	46c0      	nop			; (mov r8, r8)
    29c4:	20003190 	.word	0x20003190
    29c8:	200031f8 	.word	0x200031f8

000029cc <xTaskGetSchedulerState>:
    29cc:	b580      	push	{r7, lr}
    29ce:	b082      	sub	sp, #8
    29d0:	af00      	add	r7, sp, #0
    29d2:	4b0a      	ldr	r3, [pc, #40]	; (29fc <xTaskGetSchedulerState+0x30>)
    29d4:	681b      	ldr	r3, [r3, #0]
    29d6:	2b00      	cmp	r3, #0
    29d8:	d102      	bne.n	29e0 <xTaskGetSchedulerState+0x14>
    29da:	2301      	movs	r3, #1
    29dc:	607b      	str	r3, [r7, #4]
    29de:	e008      	b.n	29f2 <xTaskGetSchedulerState+0x26>
    29e0:	4b07      	ldr	r3, [pc, #28]	; (2a00 <xTaskGetSchedulerState+0x34>)
    29e2:	681b      	ldr	r3, [r3, #0]
    29e4:	2b00      	cmp	r3, #0
    29e6:	d102      	bne.n	29ee <xTaskGetSchedulerState+0x22>
    29e8:	2302      	movs	r3, #2
    29ea:	607b      	str	r3, [r7, #4]
    29ec:	e001      	b.n	29f2 <xTaskGetSchedulerState+0x26>
    29ee:	2300      	movs	r3, #0
    29f0:	607b      	str	r3, [r7, #4]
    29f2:	687b      	ldr	r3, [r7, #4]
    29f4:	0018      	movs	r0, r3
    29f6:	46bd      	mov	sp, r7
    29f8:	b002      	add	sp, #8
    29fa:	bd80      	pop	{r7, pc}
    29fc:	200031e4 	.word	0x200031e4
    2a00:	20003200 	.word	0x20003200

00002a04 <xTaskPriorityInherit>:
    2a04:	b580      	push	{r7, lr}
    2a06:	b084      	sub	sp, #16
    2a08:	af00      	add	r7, sp, #0
    2a0a:	6078      	str	r0, [r7, #4]
    2a0c:	687b      	ldr	r3, [r7, #4]
    2a0e:	60bb      	str	r3, [r7, #8]
    2a10:	2300      	movs	r3, #0
    2a12:	60fb      	str	r3, [r7, #12]
    2a14:	687b      	ldr	r3, [r7, #4]
    2a16:	2b00      	cmp	r3, #0
    2a18:	d056      	beq.n	2ac8 <xTaskPriorityInherit+0xc4>
    2a1a:	68bb      	ldr	r3, [r7, #8]
    2a1c:	6ada      	ldr	r2, [r3, #44]	; 0x2c
    2a1e:	4b2d      	ldr	r3, [pc, #180]	; (2ad4 <xTaskPriorityInherit+0xd0>)
    2a20:	681b      	ldr	r3, [r3, #0]
    2a22:	6adb      	ldr	r3, [r3, #44]	; 0x2c
    2a24:	429a      	cmp	r2, r3
    2a26:	d246      	bcs.n	2ab6 <xTaskPriorityInherit+0xb2>
    2a28:	68bb      	ldr	r3, [r7, #8]
    2a2a:	699b      	ldr	r3, [r3, #24]
    2a2c:	2b00      	cmp	r3, #0
    2a2e:	db06      	blt.n	2a3e <xTaskPriorityInherit+0x3a>
    2a30:	4b28      	ldr	r3, [pc, #160]	; (2ad4 <xTaskPriorityInherit+0xd0>)
    2a32:	681b      	ldr	r3, [r3, #0]
    2a34:	6adb      	ldr	r3, [r3, #44]	; 0x2c
    2a36:	2205      	movs	r2, #5
    2a38:	1ad2      	subs	r2, r2, r3
    2a3a:	68bb      	ldr	r3, [r7, #8]
    2a3c:	619a      	str	r2, [r3, #24]
    2a3e:	68bb      	ldr	r3, [r7, #8]
    2a40:	6959      	ldr	r1, [r3, #20]
    2a42:	68bb      	ldr	r3, [r7, #8]
    2a44:	6ada      	ldr	r2, [r3, #44]	; 0x2c
    2a46:	0013      	movs	r3, r2
    2a48:	009b      	lsls	r3, r3, #2
    2a4a:	189b      	adds	r3, r3, r2
    2a4c:	009b      	lsls	r3, r3, #2
    2a4e:	4a22      	ldr	r2, [pc, #136]	; (2ad8 <xTaskPriorityInherit+0xd4>)
    2a50:	189b      	adds	r3, r3, r2
    2a52:	4299      	cmp	r1, r3
    2a54:	d101      	bne.n	2a5a <xTaskPriorityInherit+0x56>
    2a56:	2301      	movs	r3, #1
    2a58:	e000      	b.n	2a5c <xTaskPriorityInherit+0x58>
    2a5a:	2300      	movs	r3, #0
    2a5c:	2b00      	cmp	r3, #0
    2a5e:	d022      	beq.n	2aa6 <xTaskPriorityInherit+0xa2>
    2a60:	68bb      	ldr	r3, [r7, #8]
    2a62:	3304      	adds	r3, #4
    2a64:	0018      	movs	r0, r3
    2a66:	4b1d      	ldr	r3, [pc, #116]	; (2adc <xTaskPriorityInherit+0xd8>)
    2a68:	4798      	blx	r3
    2a6a:	4b1a      	ldr	r3, [pc, #104]	; (2ad4 <xTaskPriorityInherit+0xd0>)
    2a6c:	681b      	ldr	r3, [r3, #0]
    2a6e:	6ada      	ldr	r2, [r3, #44]	; 0x2c
    2a70:	68bb      	ldr	r3, [r7, #8]
    2a72:	62da      	str	r2, [r3, #44]	; 0x2c
    2a74:	68bb      	ldr	r3, [r7, #8]
    2a76:	6ada      	ldr	r2, [r3, #44]	; 0x2c
    2a78:	4b19      	ldr	r3, [pc, #100]	; (2ae0 <xTaskPriorityInherit+0xdc>)
    2a7a:	681b      	ldr	r3, [r3, #0]
    2a7c:	429a      	cmp	r2, r3
    2a7e:	d903      	bls.n	2a88 <xTaskPriorityInherit+0x84>
    2a80:	68bb      	ldr	r3, [r7, #8]
    2a82:	6ada      	ldr	r2, [r3, #44]	; 0x2c
    2a84:	4b16      	ldr	r3, [pc, #88]	; (2ae0 <xTaskPriorityInherit+0xdc>)
    2a86:	601a      	str	r2, [r3, #0]
    2a88:	68bb      	ldr	r3, [r7, #8]
    2a8a:	6ada      	ldr	r2, [r3, #44]	; 0x2c
    2a8c:	0013      	movs	r3, r2
    2a8e:	009b      	lsls	r3, r3, #2
    2a90:	189b      	adds	r3, r3, r2
    2a92:	009b      	lsls	r3, r3, #2
    2a94:	4a10      	ldr	r2, [pc, #64]	; (2ad8 <xTaskPriorityInherit+0xd4>)
    2a96:	189a      	adds	r2, r3, r2
    2a98:	68bb      	ldr	r3, [r7, #8]
    2a9a:	3304      	adds	r3, #4
    2a9c:	0019      	movs	r1, r3
    2a9e:	0010      	movs	r0, r2
    2aa0:	4b10      	ldr	r3, [pc, #64]	; (2ae4 <xTaskPriorityInherit+0xe0>)
    2aa2:	4798      	blx	r3
    2aa4:	e004      	b.n	2ab0 <xTaskPriorityInherit+0xac>
    2aa6:	4b0b      	ldr	r3, [pc, #44]	; (2ad4 <xTaskPriorityInherit+0xd0>)
    2aa8:	681b      	ldr	r3, [r3, #0]
    2aaa:	6ada      	ldr	r2, [r3, #44]	; 0x2c
    2aac:	68bb      	ldr	r3, [r7, #8]
    2aae:	62da      	str	r2, [r3, #44]	; 0x2c
    2ab0:	2301      	movs	r3, #1
    2ab2:	60fb      	str	r3, [r7, #12]
    2ab4:	e008      	b.n	2ac8 <xTaskPriorityInherit+0xc4>
    2ab6:	68bb      	ldr	r3, [r7, #8]
    2ab8:	6c5a      	ldr	r2, [r3, #68]	; 0x44
    2aba:	4b06      	ldr	r3, [pc, #24]	; (2ad4 <xTaskPriorityInherit+0xd0>)
    2abc:	681b      	ldr	r3, [r3, #0]
    2abe:	6adb      	ldr	r3, [r3, #44]	; 0x2c
    2ac0:	429a      	cmp	r2, r3
    2ac2:	d201      	bcs.n	2ac8 <xTaskPriorityInherit+0xc4>
    2ac4:	2301      	movs	r3, #1
    2ac6:	60fb      	str	r3, [r7, #12]
    2ac8:	68fb      	ldr	r3, [r7, #12]
    2aca:	0018      	movs	r0, r3
    2acc:	46bd      	mov	sp, r7
    2ace:	b004      	add	sp, #16
    2ad0:	bd80      	pop	{r7, pc}
    2ad2:	46c0      	nop			; (mov r8, r8)
    2ad4:	20003100 	.word	0x20003100
    2ad8:	20003104 	.word	0x20003104
    2adc:	00000fb1 	.word	0x00000fb1
    2ae0:	200031e0 	.word	0x200031e0
    2ae4:	00000f01 	.word	0x00000f01

00002ae8 <xTaskPriorityDisinherit>:
    2ae8:	b580      	push	{r7, lr}
    2aea:	b084      	sub	sp, #16
    2aec:	af00      	add	r7, sp, #0
    2aee:	6078      	str	r0, [r7, #4]
    2af0:	687b      	ldr	r3, [r7, #4]
    2af2:	60bb      	str	r3, [r7, #8]
    2af4:	2300      	movs	r3, #0
    2af6:	60fb      	str	r3, [r7, #12]
    2af8:	687b      	ldr	r3, [r7, #4]
    2afa:	2b00      	cmp	r3, #0
    2afc:	d044      	beq.n	2b88 <xTaskPriorityDisinherit+0xa0>
    2afe:	4b25      	ldr	r3, [pc, #148]	; (2b94 <xTaskPriorityDisinherit+0xac>)
    2b00:	681b      	ldr	r3, [r3, #0]
    2b02:	68ba      	ldr	r2, [r7, #8]
    2b04:	429a      	cmp	r2, r3
    2b06:	d001      	beq.n	2b0c <xTaskPriorityDisinherit+0x24>
    2b08:	b672      	cpsid	i
    2b0a:	e7fe      	b.n	2b0a <xTaskPriorityDisinherit+0x22>
    2b0c:	68bb      	ldr	r3, [r7, #8]
    2b0e:	6c9b      	ldr	r3, [r3, #72]	; 0x48
    2b10:	2b00      	cmp	r3, #0
    2b12:	d101      	bne.n	2b18 <xTaskPriorityDisinherit+0x30>
    2b14:	b672      	cpsid	i
    2b16:	e7fe      	b.n	2b16 <xTaskPriorityDisinherit+0x2e>
    2b18:	68bb      	ldr	r3, [r7, #8]
    2b1a:	6c9b      	ldr	r3, [r3, #72]	; 0x48
    2b1c:	1e5a      	subs	r2, r3, #1
    2b1e:	68bb      	ldr	r3, [r7, #8]
    2b20:	649a      	str	r2, [r3, #72]	; 0x48
    2b22:	68bb      	ldr	r3, [r7, #8]
    2b24:	6ada      	ldr	r2, [r3, #44]	; 0x2c
    2b26:	68bb      	ldr	r3, [r7, #8]
    2b28:	6c5b      	ldr	r3, [r3, #68]	; 0x44
    2b2a:	429a      	cmp	r2, r3
    2b2c:	d02c      	beq.n	2b88 <xTaskPriorityDisinherit+0xa0>
    2b2e:	68bb      	ldr	r3, [r7, #8]
    2b30:	6c9b      	ldr	r3, [r3, #72]	; 0x48
    2b32:	2b00      	cmp	r3, #0
    2b34:	d128      	bne.n	2b88 <xTaskPriorityDisinherit+0xa0>
    2b36:	68bb      	ldr	r3, [r7, #8]
    2b38:	3304      	adds	r3, #4
    2b3a:	0018      	movs	r0, r3
    2b3c:	4b16      	ldr	r3, [pc, #88]	; (2b98 <xTaskPriorityDisinherit+0xb0>)
    2b3e:	4798      	blx	r3
    2b40:	68bb      	ldr	r3, [r7, #8]
    2b42:	6c5a      	ldr	r2, [r3, #68]	; 0x44
    2b44:	68bb      	ldr	r3, [r7, #8]
    2b46:	62da      	str	r2, [r3, #44]	; 0x2c
    2b48:	68bb      	ldr	r3, [r7, #8]
    2b4a:	6adb      	ldr	r3, [r3, #44]	; 0x2c
    2b4c:	2205      	movs	r2, #5
    2b4e:	1ad2      	subs	r2, r2, r3
    2b50:	68bb      	ldr	r3, [r7, #8]
    2b52:	619a      	str	r2, [r3, #24]
    2b54:	68bb      	ldr	r3, [r7, #8]
    2b56:	6ada      	ldr	r2, [r3, #44]	; 0x2c
    2b58:	4b10      	ldr	r3, [pc, #64]	; (2b9c <xTaskPriorityDisinherit+0xb4>)
    2b5a:	681b      	ldr	r3, [r3, #0]
    2b5c:	429a      	cmp	r2, r3
    2b5e:	d903      	bls.n	2b68 <xTaskPriorityDisinherit+0x80>
    2b60:	68bb      	ldr	r3, [r7, #8]
    2b62:	6ada      	ldr	r2, [r3, #44]	; 0x2c
    2b64:	4b0d      	ldr	r3, [pc, #52]	; (2b9c <xTaskPriorityDisinherit+0xb4>)
    2b66:	601a      	str	r2, [r3, #0]
    2b68:	68bb      	ldr	r3, [r7, #8]
    2b6a:	6ada      	ldr	r2, [r3, #44]	; 0x2c
    2b6c:	0013      	movs	r3, r2
    2b6e:	009b      	lsls	r3, r3, #2
    2b70:	189b      	adds	r3, r3, r2
    2b72:	009b      	lsls	r3, r3, #2
    2b74:	4a0a      	ldr	r2, [pc, #40]	; (2ba0 <xTaskPriorityDisinherit+0xb8>)
    2b76:	189a      	adds	r2, r3, r2
    2b78:	68bb      	ldr	r3, [r7, #8]
    2b7a:	3304      	adds	r3, #4
    2b7c:	0019      	movs	r1, r3
    2b7e:	0010      	movs	r0, r2
    2b80:	4b08      	ldr	r3, [pc, #32]	; (2ba4 <xTaskPriorityDisinherit+0xbc>)
    2b82:	4798      	blx	r3
    2b84:	2301      	movs	r3, #1
    2b86:	60fb      	str	r3, [r7, #12]
    2b88:	68fb      	ldr	r3, [r7, #12]
    2b8a:	0018      	movs	r0, r3
    2b8c:	46bd      	mov	sp, r7
    2b8e:	b004      	add	sp, #16
    2b90:	bd80      	pop	{r7, pc}
    2b92:	46c0      	nop			; (mov r8, r8)
    2b94:	20003100 	.word	0x20003100
    2b98:	00000fb1 	.word	0x00000fb1
    2b9c:	200031e0 	.word	0x200031e0
    2ba0:	20003104 	.word	0x20003104
    2ba4:	00000f01 	.word	0x00000f01

00002ba8 <vTaskPriorityDisinheritAfterTimeout>:
    2ba8:	b580      	push	{r7, lr}
    2baa:	b086      	sub	sp, #24
    2bac:	af00      	add	r7, sp, #0
    2bae:	6078      	str	r0, [r7, #4]
    2bb0:	6039      	str	r1, [r7, #0]
    2bb2:	687b      	ldr	r3, [r7, #4]
    2bb4:	613b      	str	r3, [r7, #16]
    2bb6:	2301      	movs	r3, #1
    2bb8:	60fb      	str	r3, [r7, #12]
    2bba:	687b      	ldr	r3, [r7, #4]
    2bbc:	2b00      	cmp	r3, #0
    2bbe:	d05d      	beq.n	2c7c <vTaskPriorityDisinheritAfterTimeout+0xd4>
    2bc0:	693b      	ldr	r3, [r7, #16]
    2bc2:	6c9b      	ldr	r3, [r3, #72]	; 0x48
    2bc4:	2b00      	cmp	r3, #0
    2bc6:	d101      	bne.n	2bcc <vTaskPriorityDisinheritAfterTimeout+0x24>
    2bc8:	b672      	cpsid	i
    2bca:	e7fe      	b.n	2bca <vTaskPriorityDisinheritAfterTimeout+0x22>
    2bcc:	693b      	ldr	r3, [r7, #16]
    2bce:	6c5a      	ldr	r2, [r3, #68]	; 0x44
    2bd0:	683b      	ldr	r3, [r7, #0]
    2bd2:	429a      	cmp	r2, r3
    2bd4:	d202      	bcs.n	2bdc <vTaskPriorityDisinheritAfterTimeout+0x34>
    2bd6:	683b      	ldr	r3, [r7, #0]
    2bd8:	617b      	str	r3, [r7, #20]
    2bda:	e002      	b.n	2be2 <vTaskPriorityDisinheritAfterTimeout+0x3a>
    2bdc:	693b      	ldr	r3, [r7, #16]
    2bde:	6c5b      	ldr	r3, [r3, #68]	; 0x44
    2be0:	617b      	str	r3, [r7, #20]
    2be2:	693b      	ldr	r3, [r7, #16]
    2be4:	6ada      	ldr	r2, [r3, #44]	; 0x2c
    2be6:	697b      	ldr	r3, [r7, #20]
    2be8:	429a      	cmp	r2, r3
    2bea:	d047      	beq.n	2c7c <vTaskPriorityDisinheritAfterTimeout+0xd4>
    2bec:	693b      	ldr	r3, [r7, #16]
    2bee:	6c9a      	ldr	r2, [r3, #72]	; 0x48
    2bf0:	68fb      	ldr	r3, [r7, #12]
    2bf2:	429a      	cmp	r2, r3
    2bf4:	d142      	bne.n	2c7c <vTaskPriorityDisinheritAfterTimeout+0xd4>
    2bf6:	4b23      	ldr	r3, [pc, #140]	; (2c84 <vTaskPriorityDisinheritAfterTimeout+0xdc>)
    2bf8:	681b      	ldr	r3, [r3, #0]
    2bfa:	693a      	ldr	r2, [r7, #16]
    2bfc:	429a      	cmp	r2, r3
    2bfe:	d101      	bne.n	2c04 <vTaskPriorityDisinheritAfterTimeout+0x5c>
    2c00:	b672      	cpsid	i
    2c02:	e7fe      	b.n	2c02 <vTaskPriorityDisinheritAfterTimeout+0x5a>
    2c04:	693b      	ldr	r3, [r7, #16]
    2c06:	6adb      	ldr	r3, [r3, #44]	; 0x2c
    2c08:	60bb      	str	r3, [r7, #8]
    2c0a:	693b      	ldr	r3, [r7, #16]
    2c0c:	697a      	ldr	r2, [r7, #20]
    2c0e:	62da      	str	r2, [r3, #44]	; 0x2c
    2c10:	693b      	ldr	r3, [r7, #16]
    2c12:	699b      	ldr	r3, [r3, #24]
    2c14:	2b00      	cmp	r3, #0
    2c16:	db04      	blt.n	2c22 <vTaskPriorityDisinheritAfterTimeout+0x7a>
    2c18:	697b      	ldr	r3, [r7, #20]
    2c1a:	2205      	movs	r2, #5
    2c1c:	1ad2      	subs	r2, r2, r3
    2c1e:	693b      	ldr	r3, [r7, #16]
    2c20:	619a      	str	r2, [r3, #24]
    2c22:	693b      	ldr	r3, [r7, #16]
    2c24:	6959      	ldr	r1, [r3, #20]
    2c26:	68ba      	ldr	r2, [r7, #8]
    2c28:	0013      	movs	r3, r2
    2c2a:	009b      	lsls	r3, r3, #2
    2c2c:	189b      	adds	r3, r3, r2
    2c2e:	009b      	lsls	r3, r3, #2
    2c30:	4a15      	ldr	r2, [pc, #84]	; (2c88 <vTaskPriorityDisinheritAfterTimeout+0xe0>)
    2c32:	189b      	adds	r3, r3, r2
    2c34:	4299      	cmp	r1, r3
    2c36:	d101      	bne.n	2c3c <vTaskPriorityDisinheritAfterTimeout+0x94>
    2c38:	2301      	movs	r3, #1
    2c3a:	e000      	b.n	2c3e <vTaskPriorityDisinheritAfterTimeout+0x96>
    2c3c:	2300      	movs	r3, #0
    2c3e:	2b00      	cmp	r3, #0
    2c40:	d01c      	beq.n	2c7c <vTaskPriorityDisinheritAfterTimeout+0xd4>
    2c42:	693b      	ldr	r3, [r7, #16]
    2c44:	3304      	adds	r3, #4
    2c46:	0018      	movs	r0, r3
    2c48:	4b10      	ldr	r3, [pc, #64]	; (2c8c <vTaskPriorityDisinheritAfterTimeout+0xe4>)
    2c4a:	4798      	blx	r3
    2c4c:	693b      	ldr	r3, [r7, #16]
    2c4e:	6ada      	ldr	r2, [r3, #44]	; 0x2c
    2c50:	4b0f      	ldr	r3, [pc, #60]	; (2c90 <vTaskPriorityDisinheritAfterTimeout+0xe8>)
    2c52:	681b      	ldr	r3, [r3, #0]
    2c54:	429a      	cmp	r2, r3
    2c56:	d903      	bls.n	2c60 <vTaskPriorityDisinheritAfterTimeout+0xb8>
    2c58:	693b      	ldr	r3, [r7, #16]
    2c5a:	6ada      	ldr	r2, [r3, #44]	; 0x2c
    2c5c:	4b0c      	ldr	r3, [pc, #48]	; (2c90 <vTaskPriorityDisinheritAfterTimeout+0xe8>)
    2c5e:	601a      	str	r2, [r3, #0]
    2c60:	693b      	ldr	r3, [r7, #16]
    2c62:	6ada      	ldr	r2, [r3, #44]	; 0x2c
    2c64:	0013      	movs	r3, r2
    2c66:	009b      	lsls	r3, r3, #2
    2c68:	189b      	adds	r3, r3, r2
    2c6a:	009b      	lsls	r3, r3, #2
    2c6c:	4a06      	ldr	r2, [pc, #24]	; (2c88 <vTaskPriorityDisinheritAfterTimeout+0xe0>)
    2c6e:	189a      	adds	r2, r3, r2
    2c70:	693b      	ldr	r3, [r7, #16]
    2c72:	3304      	adds	r3, #4
    2c74:	0019      	movs	r1, r3
    2c76:	0010      	movs	r0, r2
    2c78:	4b06      	ldr	r3, [pc, #24]	; (2c94 <vTaskPriorityDisinheritAfterTimeout+0xec>)
    2c7a:	4798      	blx	r3
    2c7c:	46c0      	nop			; (mov r8, r8)
    2c7e:	46bd      	mov	sp, r7
    2c80:	b006      	add	sp, #24
    2c82:	bd80      	pop	{r7, pc}
    2c84:	20003100 	.word	0x20003100
    2c88:	20003104 	.word	0x20003104
    2c8c:	00000fb1 	.word	0x00000fb1
    2c90:	200031e0 	.word	0x200031e0
    2c94:	00000f01 	.word	0x00000f01

00002c98 <pvTaskIncrementMutexHeldCount>:
    2c98:	b580      	push	{r7, lr}
    2c9a:	af00      	add	r7, sp, #0
    2c9c:	4b06      	ldr	r3, [pc, #24]	; (2cb8 <pvTaskIncrementMutexHeldCount+0x20>)
    2c9e:	681b      	ldr	r3, [r3, #0]
    2ca0:	2b00      	cmp	r3, #0
    2ca2:	d004      	beq.n	2cae <pvTaskIncrementMutexHeldCount+0x16>
    2ca4:	4b04      	ldr	r3, [pc, #16]	; (2cb8 <pvTaskIncrementMutexHeldCount+0x20>)
    2ca6:	681b      	ldr	r3, [r3, #0]
    2ca8:	6c9a      	ldr	r2, [r3, #72]	; 0x48
    2caa:	3201      	adds	r2, #1
    2cac:	649a      	str	r2, [r3, #72]	; 0x48
    2cae:	4b02      	ldr	r3, [pc, #8]	; (2cb8 <pvTaskIncrementMutexHeldCount+0x20>)
    2cb0:	681b      	ldr	r3, [r3, #0]
    2cb2:	0018      	movs	r0, r3
    2cb4:	46bd      	mov	sp, r7
    2cb6:	bd80      	pop	{r7, pc}
    2cb8:	20003100 	.word	0x20003100

00002cbc <prvAddCurrentTaskToDelayedList>:
    2cbc:	b580      	push	{r7, lr}
    2cbe:	b084      	sub	sp, #16
    2cc0:	af00      	add	r7, sp, #0
    2cc2:	6078      	str	r0, [r7, #4]
    2cc4:	6039      	str	r1, [r7, #0]
    2cc6:	4b21      	ldr	r3, [pc, #132]	; (2d4c <prvAddCurrentTaskToDelayedList+0x90>)
    2cc8:	681b      	ldr	r3, [r3, #0]
    2cca:	60fb      	str	r3, [r7, #12]
    2ccc:	4b20      	ldr	r3, [pc, #128]	; (2d50 <prvAddCurrentTaskToDelayedList+0x94>)
    2cce:	681b      	ldr	r3, [r3, #0]
    2cd0:	3304      	adds	r3, #4
    2cd2:	0018      	movs	r0, r3
    2cd4:	4b1f      	ldr	r3, [pc, #124]	; (2d54 <prvAddCurrentTaskToDelayedList+0x98>)
    2cd6:	4798      	blx	r3
    2cd8:	687b      	ldr	r3, [r7, #4]
    2cda:	3301      	adds	r3, #1
    2cdc:	d10b      	bne.n	2cf6 <prvAddCurrentTaskToDelayedList+0x3a>
    2cde:	683b      	ldr	r3, [r7, #0]
    2ce0:	2b00      	cmp	r3, #0
    2ce2:	d008      	beq.n	2cf6 <prvAddCurrentTaskToDelayedList+0x3a>
    2ce4:	4b1a      	ldr	r3, [pc, #104]	; (2d50 <prvAddCurrentTaskToDelayedList+0x94>)
    2ce6:	681b      	ldr	r3, [r3, #0]
    2ce8:	1d1a      	adds	r2, r3, #4
    2cea:	4b1b      	ldr	r3, [pc, #108]	; (2d58 <prvAddCurrentTaskToDelayedList+0x9c>)
    2cec:	0011      	movs	r1, r2
    2cee:	0018      	movs	r0, r3
    2cf0:	4b1a      	ldr	r3, [pc, #104]	; (2d5c <prvAddCurrentTaskToDelayedList+0xa0>)
    2cf2:	4798      	blx	r3
    2cf4:	e026      	b.n	2d44 <prvAddCurrentTaskToDelayedList+0x88>
    2cf6:	68fa      	ldr	r2, [r7, #12]
    2cf8:	687b      	ldr	r3, [r7, #4]
    2cfa:	18d3      	adds	r3, r2, r3
    2cfc:	60bb      	str	r3, [r7, #8]
    2cfe:	4b14      	ldr	r3, [pc, #80]	; (2d50 <prvAddCurrentTaskToDelayedList+0x94>)
    2d00:	681b      	ldr	r3, [r3, #0]
    2d02:	68ba      	ldr	r2, [r7, #8]
    2d04:	605a      	str	r2, [r3, #4]
    2d06:	68ba      	ldr	r2, [r7, #8]
    2d08:	68fb      	ldr	r3, [r7, #12]
    2d0a:	429a      	cmp	r2, r3
    2d0c:	d209      	bcs.n	2d22 <prvAddCurrentTaskToDelayedList+0x66>
    2d0e:	4b14      	ldr	r3, [pc, #80]	; (2d60 <prvAddCurrentTaskToDelayedList+0xa4>)
    2d10:	681a      	ldr	r2, [r3, #0]
    2d12:	4b0f      	ldr	r3, [pc, #60]	; (2d50 <prvAddCurrentTaskToDelayedList+0x94>)
    2d14:	681b      	ldr	r3, [r3, #0]
    2d16:	3304      	adds	r3, #4
    2d18:	0019      	movs	r1, r3
    2d1a:	0010      	movs	r0, r2
    2d1c:	4b11      	ldr	r3, [pc, #68]	; (2d64 <prvAddCurrentTaskToDelayedList+0xa8>)
    2d1e:	4798      	blx	r3
    2d20:	e010      	b.n	2d44 <prvAddCurrentTaskToDelayedList+0x88>
    2d22:	4b11      	ldr	r3, [pc, #68]	; (2d68 <prvAddCurrentTaskToDelayedList+0xac>)
    2d24:	681a      	ldr	r2, [r3, #0]
    2d26:	4b0a      	ldr	r3, [pc, #40]	; (2d50 <prvAddCurrentTaskToDelayedList+0x94>)
    2d28:	681b      	ldr	r3, [r3, #0]
    2d2a:	3304      	adds	r3, #4
    2d2c:	0019      	movs	r1, r3
    2d2e:	0010      	movs	r0, r2
    2d30:	4b0c      	ldr	r3, [pc, #48]	; (2d64 <prvAddCurrentTaskToDelayedList+0xa8>)
    2d32:	4798      	blx	r3
    2d34:	4b0d      	ldr	r3, [pc, #52]	; (2d6c <prvAddCurrentTaskToDelayedList+0xb0>)
    2d36:	681b      	ldr	r3, [r3, #0]
    2d38:	68ba      	ldr	r2, [r7, #8]
    2d3a:	429a      	cmp	r2, r3
    2d3c:	d202      	bcs.n	2d44 <prvAddCurrentTaskToDelayedList+0x88>
    2d3e:	4b0b      	ldr	r3, [pc, #44]	; (2d6c <prvAddCurrentTaskToDelayedList+0xb0>)
    2d40:	68ba      	ldr	r2, [r7, #8]
    2d42:	601a      	str	r2, [r3, #0]
    2d44:	46c0      	nop			; (mov r8, r8)
    2d46:	46bd      	mov	sp, r7
    2d48:	b004      	add	sp, #16
    2d4a:	bd80      	pop	{r7, pc}
    2d4c:	200031dc 	.word	0x200031dc
    2d50:	20003100 	.word	0x20003100
    2d54:	00000fb1 	.word	0x00000fb1
    2d58:	200031c4 	.word	0x200031c4
    2d5c:	00000f01 	.word	0x00000f01
    2d60:	20003194 	.word	0x20003194
    2d64:	00000f45 	.word	0x00000f45
    2d68:	20003190 	.word	0x20003190
    2d6c:	200031f8 	.word	0x200031f8

00002d70 <xTimerCreateTimerTask>:
    2d70:	b590      	push	{r4, r7, lr}
    2d72:	b085      	sub	sp, #20
    2d74:	af02      	add	r7, sp, #8
    2d76:	2300      	movs	r3, #0
    2d78:	607b      	str	r3, [r7, #4]
    2d7a:	4b0e      	ldr	r3, [pc, #56]	; (2db4 <xTimerCreateTimerTask+0x44>)
    2d7c:	4798      	blx	r3
    2d7e:	4b0e      	ldr	r3, [pc, #56]	; (2db8 <xTimerCreateTimerTask+0x48>)
    2d80:	681b      	ldr	r3, [r3, #0]
    2d82:	2b00      	cmp	r3, #0
    2d84:	d00b      	beq.n	2d9e <xTimerCreateTimerTask+0x2e>
    2d86:	490d      	ldr	r1, [pc, #52]	; (2dbc <xTimerCreateTimerTask+0x4c>)
    2d88:	480d      	ldr	r0, [pc, #52]	; (2dc0 <xTimerCreateTimerTask+0x50>)
    2d8a:	4b0e      	ldr	r3, [pc, #56]	; (2dc4 <xTimerCreateTimerTask+0x54>)
    2d8c:	9301      	str	r3, [sp, #4]
    2d8e:	2302      	movs	r3, #2
    2d90:	9300      	str	r3, [sp, #0]
    2d92:	2300      	movs	r3, #0
    2d94:	2280      	movs	r2, #128	; 0x80
    2d96:	4c0c      	ldr	r4, [pc, #48]	; (2dc8 <xTimerCreateTimerTask+0x58>)
    2d98:	47a0      	blx	r4
    2d9a:	0003      	movs	r3, r0
    2d9c:	607b      	str	r3, [r7, #4]
    2d9e:	687b      	ldr	r3, [r7, #4]
    2da0:	2b00      	cmp	r3, #0
    2da2:	d101      	bne.n	2da8 <xTimerCreateTimerTask+0x38>
    2da4:	b672      	cpsid	i
    2da6:	e7fe      	b.n	2da6 <xTimerCreateTimerTask+0x36>
    2da8:	687b      	ldr	r3, [r7, #4]
    2daa:	0018      	movs	r0, r3
    2dac:	46bd      	mov	sp, r7
    2dae:	b003      	add	sp, #12
    2db0:	bd90      	pop	{r4, r7, pc}
    2db2:	46c0      	nop			; (mov r8, r8)
    2db4:	000032b9 	.word	0x000032b9
    2db8:	20003234 	.word	0x20003234
    2dbc:	000063a4 	.word	0x000063a4
    2dc0:	00002ef1 	.word	0x00002ef1
    2dc4:	20003238 	.word	0x20003238
    2dc8:	00001f41 	.word	0x00001f41

00002dcc <xTimerGenericCommand>:
    2dcc:	b590      	push	{r4, r7, lr}
    2dce:	b089      	sub	sp, #36	; 0x24
    2dd0:	af00      	add	r7, sp, #0
    2dd2:	60f8      	str	r0, [r7, #12]
    2dd4:	60b9      	str	r1, [r7, #8]
    2dd6:	607a      	str	r2, [r7, #4]
    2dd8:	603b      	str	r3, [r7, #0]
    2dda:	2300      	movs	r3, #0
    2ddc:	61fb      	str	r3, [r7, #28]
    2dde:	68fb      	ldr	r3, [r7, #12]
    2de0:	2b00      	cmp	r3, #0
    2de2:	d101      	bne.n	2de8 <xTimerGenericCommand+0x1c>
    2de4:	b672      	cpsid	i
    2de6:	e7fe      	b.n	2de6 <xTimerGenericCommand+0x1a>
    2de8:	4b1e      	ldr	r3, [pc, #120]	; (2e64 <xTimerGenericCommand+0x98>)
    2dea:	681b      	ldr	r3, [r3, #0]
    2dec:	2b00      	cmp	r3, #0
    2dee:	d033      	beq.n	2e58 <xTimerGenericCommand+0x8c>
    2df0:	2310      	movs	r3, #16
    2df2:	18fb      	adds	r3, r7, r3
    2df4:	68ba      	ldr	r2, [r7, #8]
    2df6:	601a      	str	r2, [r3, #0]
    2df8:	2310      	movs	r3, #16
    2dfa:	18fb      	adds	r3, r7, r3
    2dfc:	687a      	ldr	r2, [r7, #4]
    2dfe:	605a      	str	r2, [r3, #4]
    2e00:	2310      	movs	r3, #16
    2e02:	18fb      	adds	r3, r7, r3
    2e04:	68fa      	ldr	r2, [r7, #12]
    2e06:	609a      	str	r2, [r3, #8]
    2e08:	68bb      	ldr	r3, [r7, #8]
    2e0a:	2b05      	cmp	r3, #5
    2e0c:	dc1a      	bgt.n	2e44 <xTimerGenericCommand+0x78>
    2e0e:	4b16      	ldr	r3, [pc, #88]	; (2e68 <xTimerGenericCommand+0x9c>)
    2e10:	4798      	blx	r3
    2e12:	0003      	movs	r3, r0
    2e14:	2b02      	cmp	r3, #2
    2e16:	d10a      	bne.n	2e2e <xTimerGenericCommand+0x62>
    2e18:	4b12      	ldr	r3, [pc, #72]	; (2e64 <xTimerGenericCommand+0x98>)
    2e1a:	6818      	ldr	r0, [r3, #0]
    2e1c:	6b3a      	ldr	r2, [r7, #48]	; 0x30
    2e1e:	2310      	movs	r3, #16
    2e20:	18f9      	adds	r1, r7, r3
    2e22:	2300      	movs	r3, #0
    2e24:	4c11      	ldr	r4, [pc, #68]	; (2e6c <xTimerGenericCommand+0xa0>)
    2e26:	47a0      	blx	r4
    2e28:	0003      	movs	r3, r0
    2e2a:	61fb      	str	r3, [r7, #28]
    2e2c:	e014      	b.n	2e58 <xTimerGenericCommand+0x8c>
    2e2e:	4b0d      	ldr	r3, [pc, #52]	; (2e64 <xTimerGenericCommand+0x98>)
    2e30:	6818      	ldr	r0, [r3, #0]
    2e32:	2310      	movs	r3, #16
    2e34:	18f9      	adds	r1, r7, r3
    2e36:	2300      	movs	r3, #0
    2e38:	2200      	movs	r2, #0
    2e3a:	4c0c      	ldr	r4, [pc, #48]	; (2e6c <xTimerGenericCommand+0xa0>)
    2e3c:	47a0      	blx	r4
    2e3e:	0003      	movs	r3, r0
    2e40:	61fb      	str	r3, [r7, #28]
    2e42:	e009      	b.n	2e58 <xTimerGenericCommand+0x8c>
    2e44:	4b07      	ldr	r3, [pc, #28]	; (2e64 <xTimerGenericCommand+0x98>)
    2e46:	6818      	ldr	r0, [r3, #0]
    2e48:	683a      	ldr	r2, [r7, #0]
    2e4a:	2310      	movs	r3, #16
    2e4c:	18f9      	adds	r1, r7, r3
    2e4e:	2300      	movs	r3, #0
    2e50:	4c07      	ldr	r4, [pc, #28]	; (2e70 <xTimerGenericCommand+0xa4>)
    2e52:	47a0      	blx	r4
    2e54:	0003      	movs	r3, r0
    2e56:	61fb      	str	r3, [r7, #28]
    2e58:	69fb      	ldr	r3, [r7, #28]
    2e5a:	0018      	movs	r0, r3
    2e5c:	46bd      	mov	sp, r7
    2e5e:	b009      	add	sp, #36	; 0x24
    2e60:	bd90      	pop	{r4, r7, pc}
    2e62:	46c0      	nop			; (mov r8, r8)
    2e64:	20003234 	.word	0x20003234
    2e68:	000029cd 	.word	0x000029cd
    2e6c:	000014d9 	.word	0x000014d9
    2e70:	000016b9 	.word	0x000016b9

00002e74 <prvProcessExpiredTimer>:
    2e74:	b590      	push	{r4, r7, lr}
    2e76:	b087      	sub	sp, #28
    2e78:	af02      	add	r7, sp, #8
    2e7a:	6078      	str	r0, [r7, #4]
    2e7c:	6039      	str	r1, [r7, #0]
    2e7e:	4b18      	ldr	r3, [pc, #96]	; (2ee0 <prvProcessExpiredTimer+0x6c>)
    2e80:	681b      	ldr	r3, [r3, #0]
    2e82:	68db      	ldr	r3, [r3, #12]
    2e84:	68db      	ldr	r3, [r3, #12]
    2e86:	60fb      	str	r3, [r7, #12]
    2e88:	68fb      	ldr	r3, [r7, #12]
    2e8a:	3304      	adds	r3, #4
    2e8c:	0018      	movs	r0, r3
    2e8e:	4b15      	ldr	r3, [pc, #84]	; (2ee4 <prvProcessExpiredTimer+0x70>)
    2e90:	4798      	blx	r3
    2e92:	68fb      	ldr	r3, [r7, #12]
    2e94:	69db      	ldr	r3, [r3, #28]
    2e96:	2b01      	cmp	r3, #1
    2e98:	d119      	bne.n	2ece <prvProcessExpiredTimer+0x5a>
    2e9a:	68fb      	ldr	r3, [r7, #12]
    2e9c:	699a      	ldr	r2, [r3, #24]
    2e9e:	687b      	ldr	r3, [r7, #4]
    2ea0:	18d1      	adds	r1, r2, r3
    2ea2:	687b      	ldr	r3, [r7, #4]
    2ea4:	683a      	ldr	r2, [r7, #0]
    2ea6:	68f8      	ldr	r0, [r7, #12]
    2ea8:	4c0f      	ldr	r4, [pc, #60]	; (2ee8 <prvProcessExpiredTimer+0x74>)
    2eaa:	47a0      	blx	r4
    2eac:	1e03      	subs	r3, r0, #0
    2eae:	d00e      	beq.n	2ece <prvProcessExpiredTimer+0x5a>
    2eb0:	687a      	ldr	r2, [r7, #4]
    2eb2:	68f8      	ldr	r0, [r7, #12]
    2eb4:	2300      	movs	r3, #0
    2eb6:	9300      	str	r3, [sp, #0]
    2eb8:	2300      	movs	r3, #0
    2eba:	2100      	movs	r1, #0
    2ebc:	4c0b      	ldr	r4, [pc, #44]	; (2eec <prvProcessExpiredTimer+0x78>)
    2ebe:	47a0      	blx	r4
    2ec0:	0003      	movs	r3, r0
    2ec2:	60bb      	str	r3, [r7, #8]
    2ec4:	68bb      	ldr	r3, [r7, #8]
    2ec6:	2b00      	cmp	r3, #0
    2ec8:	d101      	bne.n	2ece <prvProcessExpiredTimer+0x5a>
    2eca:	b672      	cpsid	i
    2ecc:	e7fe      	b.n	2ecc <prvProcessExpiredTimer+0x58>
    2ece:	68fb      	ldr	r3, [r7, #12]
    2ed0:	6a5b      	ldr	r3, [r3, #36]	; 0x24
    2ed2:	68fa      	ldr	r2, [r7, #12]
    2ed4:	0010      	movs	r0, r2
    2ed6:	4798      	blx	r3
    2ed8:	46c0      	nop			; (mov r8, r8)
    2eda:	46bd      	mov	sp, r7
    2edc:	b005      	add	sp, #20
    2ede:	bd90      	pop	{r4, r7, pc}
    2ee0:	2000322c 	.word	0x2000322c
    2ee4:	00000fb1 	.word	0x00000fb1
    2ee8:	00003059 	.word	0x00003059
    2eec:	00002dcd 	.word	0x00002dcd

00002ef0 <prvTimerTask>:
    2ef0:	b580      	push	{r7, lr}
    2ef2:	b084      	sub	sp, #16
    2ef4:	af00      	add	r7, sp, #0
    2ef6:	6078      	str	r0, [r7, #4]
    2ef8:	4b08      	ldr	r3, [pc, #32]	; (2f1c <prvTimerTask+0x2c>)
    2efa:	4798      	blx	r3
    2efc:	2308      	movs	r3, #8
    2efe:	18fb      	adds	r3, r7, r3
    2f00:	0018      	movs	r0, r3
    2f02:	4b07      	ldr	r3, [pc, #28]	; (2f20 <prvTimerTask+0x30>)
    2f04:	4798      	blx	r3
    2f06:	0003      	movs	r3, r0
    2f08:	60fb      	str	r3, [r7, #12]
    2f0a:	68ba      	ldr	r2, [r7, #8]
    2f0c:	68fb      	ldr	r3, [r7, #12]
    2f0e:	0011      	movs	r1, r2
    2f10:	0018      	movs	r0, r3
    2f12:	4b04      	ldr	r3, [pc, #16]	; (2f24 <prvTimerTask+0x34>)
    2f14:	4798      	blx	r3
    2f16:	4b04      	ldr	r3, [pc, #16]	; (2f28 <prvTimerTask+0x38>)
    2f18:	4798      	blx	r3
    2f1a:	e7ef      	b.n	2efc <prvTimerTask+0xc>
    2f1c:	00005695 	.word	0x00005695
    2f20:	00002fd1 	.word	0x00002fd1
    2f24:	00002f2d 	.word	0x00002f2d
    2f28:	000030e1 	.word	0x000030e1

00002f2c <prvProcessTimerOrBlockTask>:
    2f2c:	b580      	push	{r7, lr}
    2f2e:	b084      	sub	sp, #16
    2f30:	af00      	add	r7, sp, #0
    2f32:	6078      	str	r0, [r7, #4]
    2f34:	6039      	str	r1, [r7, #0]
    2f36:	4b1e      	ldr	r3, [pc, #120]	; (2fb0 <prvProcessTimerOrBlockTask+0x84>)
    2f38:	4798      	blx	r3
    2f3a:	2308      	movs	r3, #8
    2f3c:	18fb      	adds	r3, r7, r3
    2f3e:	0018      	movs	r0, r3
    2f40:	4b1c      	ldr	r3, [pc, #112]	; (2fb4 <prvProcessTimerOrBlockTask+0x88>)
    2f42:	4798      	blx	r3
    2f44:	0003      	movs	r3, r0
    2f46:	60fb      	str	r3, [r7, #12]
    2f48:	68bb      	ldr	r3, [r7, #8]
    2f4a:	2b00      	cmp	r3, #0
    2f4c:	d129      	bne.n	2fa2 <prvProcessTimerOrBlockTask+0x76>
    2f4e:	683b      	ldr	r3, [r7, #0]
    2f50:	2b00      	cmp	r3, #0
    2f52:	d10c      	bne.n	2f6e <prvProcessTimerOrBlockTask+0x42>
    2f54:	687a      	ldr	r2, [r7, #4]
    2f56:	68fb      	ldr	r3, [r7, #12]
    2f58:	429a      	cmp	r2, r3
    2f5a:	d808      	bhi.n	2f6e <prvProcessTimerOrBlockTask+0x42>
    2f5c:	4b16      	ldr	r3, [pc, #88]	; (2fb8 <prvProcessTimerOrBlockTask+0x8c>)
    2f5e:	4798      	blx	r3
    2f60:	68fa      	ldr	r2, [r7, #12]
    2f62:	687b      	ldr	r3, [r7, #4]
    2f64:	0011      	movs	r1, r2
    2f66:	0018      	movs	r0, r3
    2f68:	4b14      	ldr	r3, [pc, #80]	; (2fbc <prvProcessTimerOrBlockTask+0x90>)
    2f6a:	4798      	blx	r3
    2f6c:	e01b      	b.n	2fa6 <prvProcessTimerOrBlockTask+0x7a>
    2f6e:	683b      	ldr	r3, [r7, #0]
    2f70:	2b00      	cmp	r3, #0
    2f72:	d006      	beq.n	2f82 <prvProcessTimerOrBlockTask+0x56>
    2f74:	4b12      	ldr	r3, [pc, #72]	; (2fc0 <prvProcessTimerOrBlockTask+0x94>)
    2f76:	681b      	ldr	r3, [r3, #0]
    2f78:	681b      	ldr	r3, [r3, #0]
    2f7a:	425a      	negs	r2, r3
    2f7c:	4153      	adcs	r3, r2
    2f7e:	b2db      	uxtb	r3, r3
    2f80:	603b      	str	r3, [r7, #0]
    2f82:	4b10      	ldr	r3, [pc, #64]	; (2fc4 <prvProcessTimerOrBlockTask+0x98>)
    2f84:	6818      	ldr	r0, [r3, #0]
    2f86:	687a      	ldr	r2, [r7, #4]
    2f88:	68fb      	ldr	r3, [r7, #12]
    2f8a:	1ad3      	subs	r3, r2, r3
    2f8c:	683a      	ldr	r2, [r7, #0]
    2f8e:	0019      	movs	r1, r3
    2f90:	4b0d      	ldr	r3, [pc, #52]	; (2fc8 <prvProcessTimerOrBlockTask+0x9c>)
    2f92:	4798      	blx	r3
    2f94:	4b08      	ldr	r3, [pc, #32]	; (2fb8 <prvProcessTimerOrBlockTask+0x8c>)
    2f96:	4798      	blx	r3
    2f98:	1e03      	subs	r3, r0, #0
    2f9a:	d104      	bne.n	2fa6 <prvProcessTimerOrBlockTask+0x7a>
    2f9c:	4b0b      	ldr	r3, [pc, #44]	; (2fcc <prvProcessTimerOrBlockTask+0xa0>)
    2f9e:	4798      	blx	r3
    2fa0:	e001      	b.n	2fa6 <prvProcessTimerOrBlockTask+0x7a>
    2fa2:	4b05      	ldr	r3, [pc, #20]	; (2fb8 <prvProcessTimerOrBlockTask+0x8c>)
    2fa4:	4798      	blx	r3
    2fa6:	46c0      	nop			; (mov r8, r8)
    2fa8:	46bd      	mov	sp, r7
    2faa:	b004      	add	sp, #16
    2fac:	bd80      	pop	{r7, pc}
    2fae:	46c0      	nop			; (mov r8, r8)
    2fb0:	00002259 	.word	0x00002259
    2fb4:	00003011 	.word	0x00003011
    2fb8:	00002271 	.word	0x00002271
    2fbc:	00002e75 	.word	0x00002e75
    2fc0:	20003230 	.word	0x20003230
    2fc4:	20003234 	.word	0x20003234
    2fc8:	00001e25 	.word	0x00001e25
    2fcc:	00001121 	.word	0x00001121

00002fd0 <prvGetNextExpireTime>:
    2fd0:	b580      	push	{r7, lr}
    2fd2:	b084      	sub	sp, #16
    2fd4:	af00      	add	r7, sp, #0
    2fd6:	6078      	str	r0, [r7, #4]
    2fd8:	4b0c      	ldr	r3, [pc, #48]	; (300c <prvGetNextExpireTime+0x3c>)
    2fda:	681b      	ldr	r3, [r3, #0]
    2fdc:	681b      	ldr	r3, [r3, #0]
    2fde:	425a      	negs	r2, r3
    2fe0:	4153      	adcs	r3, r2
    2fe2:	b2db      	uxtb	r3, r3
    2fe4:	001a      	movs	r2, r3
    2fe6:	687b      	ldr	r3, [r7, #4]
    2fe8:	601a      	str	r2, [r3, #0]
    2fea:	687b      	ldr	r3, [r7, #4]
    2fec:	681b      	ldr	r3, [r3, #0]
    2fee:	2b00      	cmp	r3, #0
    2ff0:	d105      	bne.n	2ffe <prvGetNextExpireTime+0x2e>
    2ff2:	4b06      	ldr	r3, [pc, #24]	; (300c <prvGetNextExpireTime+0x3c>)
    2ff4:	681b      	ldr	r3, [r3, #0]
    2ff6:	68db      	ldr	r3, [r3, #12]
    2ff8:	681b      	ldr	r3, [r3, #0]
    2ffa:	60fb      	str	r3, [r7, #12]
    2ffc:	e001      	b.n	3002 <prvGetNextExpireTime+0x32>
    2ffe:	2300      	movs	r3, #0
    3000:	60fb      	str	r3, [r7, #12]
    3002:	68fb      	ldr	r3, [r7, #12]
    3004:	0018      	movs	r0, r3
    3006:	46bd      	mov	sp, r7
    3008:	b004      	add	sp, #16
    300a:	bd80      	pop	{r7, pc}
    300c:	2000322c 	.word	0x2000322c

00003010 <prvSampleTimeNow>:
    3010:	b580      	push	{r7, lr}
    3012:	b084      	sub	sp, #16
    3014:	af00      	add	r7, sp, #0
    3016:	6078      	str	r0, [r7, #4]
    3018:	4b0c      	ldr	r3, [pc, #48]	; (304c <prvSampleTimeNow+0x3c>)
    301a:	4798      	blx	r3
    301c:	0003      	movs	r3, r0
    301e:	60fb      	str	r3, [r7, #12]
    3020:	4b0b      	ldr	r3, [pc, #44]	; (3050 <prvSampleTimeNow+0x40>)
    3022:	681b      	ldr	r3, [r3, #0]
    3024:	68fa      	ldr	r2, [r7, #12]
    3026:	429a      	cmp	r2, r3
    3028:	d205      	bcs.n	3036 <prvSampleTimeNow+0x26>
    302a:	4b0a      	ldr	r3, [pc, #40]	; (3054 <prvSampleTimeNow+0x44>)
    302c:	4798      	blx	r3
    302e:	687b      	ldr	r3, [r7, #4]
    3030:	2201      	movs	r2, #1
    3032:	601a      	str	r2, [r3, #0]
    3034:	e002      	b.n	303c <prvSampleTimeNow+0x2c>
    3036:	687b      	ldr	r3, [r7, #4]
    3038:	2200      	movs	r2, #0
    303a:	601a      	str	r2, [r3, #0]
    303c:	4b04      	ldr	r3, [pc, #16]	; (3050 <prvSampleTimeNow+0x40>)
    303e:	68fa      	ldr	r2, [r7, #12]
    3040:	601a      	str	r2, [r3, #0]
    3042:	68fb      	ldr	r3, [r7, #12]
    3044:	0018      	movs	r0, r3
    3046:	46bd      	mov	sp, r7
    3048:	b004      	add	sp, #16
    304a:	bd80      	pop	{r7, pc}
    304c:	000023a5 	.word	0x000023a5
    3050:	2000323c 	.word	0x2000323c
    3054:	000031f9 	.word	0x000031f9

00003058 <prvInsertTimerInActiveList>:
    3058:	b580      	push	{r7, lr}
    305a:	b086      	sub	sp, #24
    305c:	af00      	add	r7, sp, #0
    305e:	60f8      	str	r0, [r7, #12]
    3060:	60b9      	str	r1, [r7, #8]
    3062:	607a      	str	r2, [r7, #4]
    3064:	603b      	str	r3, [r7, #0]
    3066:	2300      	movs	r3, #0
    3068:	617b      	str	r3, [r7, #20]
    306a:	68fb      	ldr	r3, [r7, #12]
    306c:	68ba      	ldr	r2, [r7, #8]
    306e:	605a      	str	r2, [r3, #4]
    3070:	68fb      	ldr	r3, [r7, #12]
    3072:	68fa      	ldr	r2, [r7, #12]
    3074:	611a      	str	r2, [r3, #16]
    3076:	68ba      	ldr	r2, [r7, #8]
    3078:	687b      	ldr	r3, [r7, #4]
    307a:	429a      	cmp	r2, r3
    307c:	d812      	bhi.n	30a4 <prvInsertTimerInActiveList+0x4c>
    307e:	687a      	ldr	r2, [r7, #4]
    3080:	683b      	ldr	r3, [r7, #0]
    3082:	1ad2      	subs	r2, r2, r3
    3084:	68fb      	ldr	r3, [r7, #12]
    3086:	699b      	ldr	r3, [r3, #24]
    3088:	429a      	cmp	r2, r3
    308a:	d302      	bcc.n	3092 <prvInsertTimerInActiveList+0x3a>
    308c:	2301      	movs	r3, #1
    308e:	617b      	str	r3, [r7, #20]
    3090:	e01b      	b.n	30ca <prvInsertTimerInActiveList+0x72>
    3092:	4b10      	ldr	r3, [pc, #64]	; (30d4 <prvInsertTimerInActiveList+0x7c>)
    3094:	681a      	ldr	r2, [r3, #0]
    3096:	68fb      	ldr	r3, [r7, #12]
    3098:	3304      	adds	r3, #4
    309a:	0019      	movs	r1, r3
    309c:	0010      	movs	r0, r2
    309e:	4b0e      	ldr	r3, [pc, #56]	; (30d8 <prvInsertTimerInActiveList+0x80>)
    30a0:	4798      	blx	r3
    30a2:	e012      	b.n	30ca <prvInsertTimerInActiveList+0x72>
    30a4:	687a      	ldr	r2, [r7, #4]
    30a6:	683b      	ldr	r3, [r7, #0]
    30a8:	429a      	cmp	r2, r3
    30aa:	d206      	bcs.n	30ba <prvInsertTimerInActiveList+0x62>
    30ac:	68ba      	ldr	r2, [r7, #8]
    30ae:	683b      	ldr	r3, [r7, #0]
    30b0:	429a      	cmp	r2, r3
    30b2:	d302      	bcc.n	30ba <prvInsertTimerInActiveList+0x62>
    30b4:	2301      	movs	r3, #1
    30b6:	617b      	str	r3, [r7, #20]
    30b8:	e007      	b.n	30ca <prvInsertTimerInActiveList+0x72>
    30ba:	4b08      	ldr	r3, [pc, #32]	; (30dc <prvInsertTimerInActiveList+0x84>)
    30bc:	681a      	ldr	r2, [r3, #0]
    30be:	68fb      	ldr	r3, [r7, #12]
    30c0:	3304      	adds	r3, #4
    30c2:	0019      	movs	r1, r3
    30c4:	0010      	movs	r0, r2
    30c6:	4b04      	ldr	r3, [pc, #16]	; (30d8 <prvInsertTimerInActiveList+0x80>)
    30c8:	4798      	blx	r3
    30ca:	697b      	ldr	r3, [r7, #20]
    30cc:	0018      	movs	r0, r3
    30ce:	46bd      	mov	sp, r7
    30d0:	b006      	add	sp, #24
    30d2:	bd80      	pop	{r7, pc}
    30d4:	20003230 	.word	0x20003230
    30d8:	00000f45 	.word	0x00000f45
    30dc:	2000322c 	.word	0x2000322c

000030e0 <prvProcessReceivedCommands>:
    30e0:	b590      	push	{r4, r7, lr}
    30e2:	b08b      	sub	sp, #44	; 0x2c
    30e4:	af02      	add	r7, sp, #8
    30e6:	e068      	b.n	31ba <prvProcessReceivedCommands+0xda>
    30e8:	2308      	movs	r3, #8
    30ea:	18fb      	adds	r3, r7, r3
    30ec:	681b      	ldr	r3, [r3, #0]
    30ee:	2b00      	cmp	r3, #0
    30f0:	db63      	blt.n	31ba <prvProcessReceivedCommands+0xda>
    30f2:	2308      	movs	r3, #8
    30f4:	18fb      	adds	r3, r7, r3
    30f6:	689b      	ldr	r3, [r3, #8]
    30f8:	61fb      	str	r3, [r7, #28]
    30fa:	69fb      	ldr	r3, [r7, #28]
    30fc:	695b      	ldr	r3, [r3, #20]
    30fe:	2b00      	cmp	r3, #0
    3100:	d004      	beq.n	310c <prvProcessReceivedCommands+0x2c>
    3102:	69fb      	ldr	r3, [r7, #28]
    3104:	3304      	adds	r3, #4
    3106:	0018      	movs	r0, r3
    3108:	4b33      	ldr	r3, [pc, #204]	; (31d8 <prvProcessReceivedCommands+0xf8>)
    310a:	4798      	blx	r3
    310c:	1d3b      	adds	r3, r7, #4
    310e:	0018      	movs	r0, r3
    3110:	4b32      	ldr	r3, [pc, #200]	; (31dc <prvProcessReceivedCommands+0xfc>)
    3112:	4798      	blx	r3
    3114:	0003      	movs	r3, r0
    3116:	61bb      	str	r3, [r7, #24]
    3118:	2308      	movs	r3, #8
    311a:	18fb      	adds	r3, r7, r3
    311c:	681b      	ldr	r3, [r3, #0]
    311e:	2b09      	cmp	r3, #9
    3120:	d84a      	bhi.n	31b8 <prvProcessReceivedCommands+0xd8>
    3122:	009a      	lsls	r2, r3, #2
    3124:	4b2e      	ldr	r3, [pc, #184]	; (31e0 <prvProcessReceivedCommands+0x100>)
    3126:	18d3      	adds	r3, r2, r3
    3128:	681b      	ldr	r3, [r3, #0]
    312a:	469f      	mov	pc, r3
    312c:	2308      	movs	r3, #8
    312e:	18fb      	adds	r3, r7, r3
    3130:	685a      	ldr	r2, [r3, #4]
    3132:	69fb      	ldr	r3, [r7, #28]
    3134:	699b      	ldr	r3, [r3, #24]
    3136:	18d1      	adds	r1, r2, r3
    3138:	2308      	movs	r3, #8
    313a:	18fb      	adds	r3, r7, r3
    313c:	685b      	ldr	r3, [r3, #4]
    313e:	69ba      	ldr	r2, [r7, #24]
    3140:	69f8      	ldr	r0, [r7, #28]
    3142:	4c28      	ldr	r4, [pc, #160]	; (31e4 <prvProcessReceivedCommands+0x104>)
    3144:	47a0      	blx	r4
    3146:	1e03      	subs	r3, r0, #0
    3148:	d037      	beq.n	31ba <prvProcessReceivedCommands+0xda>
    314a:	69fb      	ldr	r3, [r7, #28]
    314c:	6a5b      	ldr	r3, [r3, #36]	; 0x24
    314e:	69fa      	ldr	r2, [r7, #28]
    3150:	0010      	movs	r0, r2
    3152:	4798      	blx	r3
    3154:	69fb      	ldr	r3, [r7, #28]
    3156:	69db      	ldr	r3, [r3, #28]
    3158:	2b01      	cmp	r3, #1
    315a:	d12e      	bne.n	31ba <prvProcessReceivedCommands+0xda>
    315c:	2308      	movs	r3, #8
    315e:	18fb      	adds	r3, r7, r3
    3160:	685a      	ldr	r2, [r3, #4]
    3162:	69fb      	ldr	r3, [r7, #28]
    3164:	699b      	ldr	r3, [r3, #24]
    3166:	18d2      	adds	r2, r2, r3
    3168:	69f8      	ldr	r0, [r7, #28]
    316a:	2300      	movs	r3, #0
    316c:	9300      	str	r3, [sp, #0]
    316e:	2300      	movs	r3, #0
    3170:	2100      	movs	r1, #0
    3172:	4c1d      	ldr	r4, [pc, #116]	; (31e8 <prvProcessReceivedCommands+0x108>)
    3174:	47a0      	blx	r4
    3176:	0003      	movs	r3, r0
    3178:	617b      	str	r3, [r7, #20]
    317a:	697b      	ldr	r3, [r7, #20]
    317c:	2b00      	cmp	r3, #0
    317e:	d11c      	bne.n	31ba <prvProcessReceivedCommands+0xda>
    3180:	b672      	cpsid	i
    3182:	e7fe      	b.n	3182 <prvProcessReceivedCommands+0xa2>
    3184:	2308      	movs	r3, #8
    3186:	18fb      	adds	r3, r7, r3
    3188:	685a      	ldr	r2, [r3, #4]
    318a:	69fb      	ldr	r3, [r7, #28]
    318c:	619a      	str	r2, [r3, #24]
    318e:	69fb      	ldr	r3, [r7, #28]
    3190:	699b      	ldr	r3, [r3, #24]
    3192:	2b00      	cmp	r3, #0
    3194:	d101      	bne.n	319a <prvProcessReceivedCommands+0xba>
    3196:	b672      	cpsid	i
    3198:	e7fe      	b.n	3198 <prvProcessReceivedCommands+0xb8>
    319a:	69fb      	ldr	r3, [r7, #28]
    319c:	699a      	ldr	r2, [r3, #24]
    319e:	69bb      	ldr	r3, [r7, #24]
    31a0:	18d1      	adds	r1, r2, r3
    31a2:	69bb      	ldr	r3, [r7, #24]
    31a4:	69ba      	ldr	r2, [r7, #24]
    31a6:	69f8      	ldr	r0, [r7, #28]
    31a8:	4c0e      	ldr	r4, [pc, #56]	; (31e4 <prvProcessReceivedCommands+0x104>)
    31aa:	47a0      	blx	r4
    31ac:	e005      	b.n	31ba <prvProcessReceivedCommands+0xda>
    31ae:	69fb      	ldr	r3, [r7, #28]
    31b0:	0018      	movs	r0, r3
    31b2:	4b0e      	ldr	r3, [pc, #56]	; (31ec <prvProcessReceivedCommands+0x10c>)
    31b4:	4798      	blx	r3
    31b6:	e000      	b.n	31ba <prvProcessReceivedCommands+0xda>
    31b8:	46c0      	nop			; (mov r8, r8)
    31ba:	4b0d      	ldr	r3, [pc, #52]	; (31f0 <prvProcessReceivedCommands+0x110>)
    31bc:	681b      	ldr	r3, [r3, #0]
    31be:	2208      	movs	r2, #8
    31c0:	18b9      	adds	r1, r7, r2
    31c2:	2200      	movs	r2, #0
    31c4:	0018      	movs	r0, r3
    31c6:	4b0b      	ldr	r3, [pc, #44]	; (31f4 <prvProcessReceivedCommands+0x114>)
    31c8:	4798      	blx	r3
    31ca:	1e03      	subs	r3, r0, #0
    31cc:	d18c      	bne.n	30e8 <prvProcessReceivedCommands+0x8>
    31ce:	46c0      	nop			; (mov r8, r8)
    31d0:	46bd      	mov	sp, r7
    31d2:	b009      	add	sp, #36	; 0x24
    31d4:	bd90      	pop	{r4, r7, pc}
    31d6:	46c0      	nop			; (mov r8, r8)
    31d8:	00000fb1 	.word	0x00000fb1
    31dc:	00003011 	.word	0x00003011
    31e0:	000063ac 	.word	0x000063ac
    31e4:	00003059 	.word	0x00003059
    31e8:	00002dcd 	.word	0x00002dcd
    31ec:	00001321 	.word	0x00001321
    31f0:	20003234 	.word	0x20003234
    31f4:	000017d9 	.word	0x000017d9

000031f8 <prvSwitchTimerLists>:
    31f8:	b590      	push	{r4, r7, lr}
    31fa:	b089      	sub	sp, #36	; 0x24
    31fc:	af02      	add	r7, sp, #8
    31fe:	e03e      	b.n	327e <prvSwitchTimerLists+0x86>
    3200:	4b28      	ldr	r3, [pc, #160]	; (32a4 <prvSwitchTimerLists+0xac>)
    3202:	681b      	ldr	r3, [r3, #0]
    3204:	68db      	ldr	r3, [r3, #12]
    3206:	681b      	ldr	r3, [r3, #0]
    3208:	617b      	str	r3, [r7, #20]
    320a:	4b26      	ldr	r3, [pc, #152]	; (32a4 <prvSwitchTimerLists+0xac>)
    320c:	681b      	ldr	r3, [r3, #0]
    320e:	68db      	ldr	r3, [r3, #12]
    3210:	68db      	ldr	r3, [r3, #12]
    3212:	613b      	str	r3, [r7, #16]
    3214:	693b      	ldr	r3, [r7, #16]
    3216:	3304      	adds	r3, #4
    3218:	0018      	movs	r0, r3
    321a:	4b23      	ldr	r3, [pc, #140]	; (32a8 <prvSwitchTimerLists+0xb0>)
    321c:	4798      	blx	r3
    321e:	693b      	ldr	r3, [r7, #16]
    3220:	6a5b      	ldr	r3, [r3, #36]	; 0x24
    3222:	693a      	ldr	r2, [r7, #16]
    3224:	0010      	movs	r0, r2
    3226:	4798      	blx	r3
    3228:	693b      	ldr	r3, [r7, #16]
    322a:	69db      	ldr	r3, [r3, #28]
    322c:	2b01      	cmp	r3, #1
    322e:	d126      	bne.n	327e <prvSwitchTimerLists+0x86>
    3230:	693b      	ldr	r3, [r7, #16]
    3232:	699a      	ldr	r2, [r3, #24]
    3234:	697b      	ldr	r3, [r7, #20]
    3236:	18d3      	adds	r3, r2, r3
    3238:	60fb      	str	r3, [r7, #12]
    323a:	68fa      	ldr	r2, [r7, #12]
    323c:	697b      	ldr	r3, [r7, #20]
    323e:	429a      	cmp	r2, r3
    3240:	d90e      	bls.n	3260 <prvSwitchTimerLists+0x68>
    3242:	693b      	ldr	r3, [r7, #16]
    3244:	68fa      	ldr	r2, [r7, #12]
    3246:	605a      	str	r2, [r3, #4]
    3248:	693b      	ldr	r3, [r7, #16]
    324a:	693a      	ldr	r2, [r7, #16]
    324c:	611a      	str	r2, [r3, #16]
    324e:	4b15      	ldr	r3, [pc, #84]	; (32a4 <prvSwitchTimerLists+0xac>)
    3250:	681a      	ldr	r2, [r3, #0]
    3252:	693b      	ldr	r3, [r7, #16]
    3254:	3304      	adds	r3, #4
    3256:	0019      	movs	r1, r3
    3258:	0010      	movs	r0, r2
    325a:	4b14      	ldr	r3, [pc, #80]	; (32ac <prvSwitchTimerLists+0xb4>)
    325c:	4798      	blx	r3
    325e:	e00e      	b.n	327e <prvSwitchTimerLists+0x86>
    3260:	697a      	ldr	r2, [r7, #20]
    3262:	6938      	ldr	r0, [r7, #16]
    3264:	2300      	movs	r3, #0
    3266:	9300      	str	r3, [sp, #0]
    3268:	2300      	movs	r3, #0
    326a:	2100      	movs	r1, #0
    326c:	4c10      	ldr	r4, [pc, #64]	; (32b0 <prvSwitchTimerLists+0xb8>)
    326e:	47a0      	blx	r4
    3270:	0003      	movs	r3, r0
    3272:	60bb      	str	r3, [r7, #8]
    3274:	68bb      	ldr	r3, [r7, #8]
    3276:	2b00      	cmp	r3, #0
    3278:	d101      	bne.n	327e <prvSwitchTimerLists+0x86>
    327a:	b672      	cpsid	i
    327c:	e7fe      	b.n	327c <prvSwitchTimerLists+0x84>
    327e:	4b09      	ldr	r3, [pc, #36]	; (32a4 <prvSwitchTimerLists+0xac>)
    3280:	681b      	ldr	r3, [r3, #0]
    3282:	681b      	ldr	r3, [r3, #0]
    3284:	2b00      	cmp	r3, #0
    3286:	d1bb      	bne.n	3200 <prvSwitchTimerLists+0x8>
    3288:	4b06      	ldr	r3, [pc, #24]	; (32a4 <prvSwitchTimerLists+0xac>)
    328a:	681b      	ldr	r3, [r3, #0]
    328c:	607b      	str	r3, [r7, #4]
    328e:	4b09      	ldr	r3, [pc, #36]	; (32b4 <prvSwitchTimerLists+0xbc>)
    3290:	681a      	ldr	r2, [r3, #0]
    3292:	4b04      	ldr	r3, [pc, #16]	; (32a4 <prvSwitchTimerLists+0xac>)
    3294:	601a      	str	r2, [r3, #0]
    3296:	4b07      	ldr	r3, [pc, #28]	; (32b4 <prvSwitchTimerLists+0xbc>)
    3298:	687a      	ldr	r2, [r7, #4]
    329a:	601a      	str	r2, [r3, #0]
    329c:	46c0      	nop			; (mov r8, r8)
    329e:	46bd      	mov	sp, r7
    32a0:	b007      	add	sp, #28
    32a2:	bd90      	pop	{r4, r7, pc}
    32a4:	2000322c 	.word	0x2000322c
    32a8:	00000fb1 	.word	0x00000fb1
    32ac:	00000f45 	.word	0x00000f45
    32b0:	00002dcd 	.word	0x00002dcd
    32b4:	20003230 	.word	0x20003230

000032b8 <prvCheckForValidListAndQueue>:
    32b8:	b580      	push	{r7, lr}
    32ba:	af00      	add	r7, sp, #0
    32bc:	4b10      	ldr	r3, [pc, #64]	; (3300 <prvCheckForValidListAndQueue+0x48>)
    32be:	4798      	blx	r3
    32c0:	4b10      	ldr	r3, [pc, #64]	; (3304 <prvCheckForValidListAndQueue+0x4c>)
    32c2:	681b      	ldr	r3, [r3, #0]
    32c4:	2b00      	cmp	r3, #0
    32c6:	d115      	bne.n	32f4 <prvCheckForValidListAndQueue+0x3c>
    32c8:	4b0f      	ldr	r3, [pc, #60]	; (3308 <prvCheckForValidListAndQueue+0x50>)
    32ca:	0018      	movs	r0, r3
    32cc:	4b0f      	ldr	r3, [pc, #60]	; (330c <prvCheckForValidListAndQueue+0x54>)
    32ce:	4798      	blx	r3
    32d0:	4b0f      	ldr	r3, [pc, #60]	; (3310 <prvCheckForValidListAndQueue+0x58>)
    32d2:	0018      	movs	r0, r3
    32d4:	4b0d      	ldr	r3, [pc, #52]	; (330c <prvCheckForValidListAndQueue+0x54>)
    32d6:	4798      	blx	r3
    32d8:	4b0e      	ldr	r3, [pc, #56]	; (3314 <prvCheckForValidListAndQueue+0x5c>)
    32da:	4a0b      	ldr	r2, [pc, #44]	; (3308 <prvCheckForValidListAndQueue+0x50>)
    32dc:	601a      	str	r2, [r3, #0]
    32de:	4b0e      	ldr	r3, [pc, #56]	; (3318 <prvCheckForValidListAndQueue+0x60>)
    32e0:	4a0b      	ldr	r2, [pc, #44]	; (3310 <prvCheckForValidListAndQueue+0x58>)
    32e2:	601a      	str	r2, [r3, #0]
    32e4:	2200      	movs	r2, #0
    32e6:	210c      	movs	r1, #12
    32e8:	2005      	movs	r0, #5
    32ea:	4b0c      	ldr	r3, [pc, #48]	; (331c <prvCheckForValidListAndQueue+0x64>)
    32ec:	4798      	blx	r3
    32ee:	0002      	movs	r2, r0
    32f0:	4b04      	ldr	r3, [pc, #16]	; (3304 <prvCheckForValidListAndQueue+0x4c>)
    32f2:	601a      	str	r2, [r3, #0]
    32f4:	4b0a      	ldr	r3, [pc, #40]	; (3320 <prvCheckForValidListAndQueue+0x68>)
    32f6:	4798      	blx	r3
    32f8:	46c0      	nop			; (mov r8, r8)
    32fa:	46bd      	mov	sp, r7
    32fc:	bd80      	pop	{r7, pc}
    32fe:	46c0      	nop			; (mov r8, r8)
    3300:	00001141 	.word	0x00001141
    3304:	20003234 	.word	0x20003234
    3308:	20003204 	.word	0x20003204
    330c:	00000eaf 	.word	0x00000eaf
    3310:	20003218 	.word	0x20003218
    3314:	2000322c 	.word	0x2000322c
    3318:	20003230 	.word	0x20003230
    331c:	00001415 	.word	0x00001415
    3320:	00001165 	.word	0x00001165

00003324 <__NVIC_SystemReset>:
/**
  \brief   System Reset
  \details Initiates a system reset request to reset the MCU.
 */
__NO_RETURN __STATIC_INLINE void __NVIC_SystemReset(void)
{
    3324:	b580      	push	{r7, lr}
    3326:	af00      	add	r7, sp, #0
  \details Acts as a special kind of Data Memory Barrier.
           It completes when all explicit memory accesses before this instruction complete.
 */
__STATIC_FORCEINLINE void __DSB(void)
{
  __ASM volatile ("dsb 0xF":::"memory");
    3328:	f3bf 8f4f 	dsb	sy
  __DSB();                                                          /* Ensure all outstanding memory accesses included
                                                                       buffered write are completed before reset */
  SCB->AIRCR  = ((0x5FAUL << SCB_AIRCR_VECTKEY_Pos) |
    332c:	4b03      	ldr	r3, [pc, #12]	; (333c <__NVIC_SystemReset+0x18>)
    332e:	4a04      	ldr	r2, [pc, #16]	; (3340 <__NVIC_SystemReset+0x1c>)
    3330:	60da      	str	r2, [r3, #12]
    3332:	f3bf 8f4f 	dsb	sy
                 SCB_AIRCR_SYSRESETREQ_Msk);
  __DSB();                                                          /* Ensure completion of memory access */

  for(;;)                                                           /* wait until reset */
  {
    __NOP();
    3336:	46c0      	nop			; (mov r8, r8)
    3338:	e7fd      	b.n	3336 <__NVIC_SystemReset+0x12>
    333a:	46c0      	nop			; (mov r8, r8)
    333c:	e000ed00 	.word	0xe000ed00
    3340:	05fa0004 	.word	0x05fa0004

00003344 <system_reset>:
 * Resets the MCU and all associated peripherals and registers, except RTC, all 32KHz sources,
 * WDT (if ALWAYSON is set) and GCLK (if WRTLOCK is set).
 *
 */
static inline void system_reset(void)
{
    3344:	b580      	push	{r7, lr}
    3346:	af00      	add	r7, sp, #0
	NVIC_SystemReset();
    3348:	4b00      	ldr	r3, [pc, #0]	; (334c <system_reset+0x8>)
    334a:	4798      	blx	r3
    334c:	00003325 	.word	0x00003325

00003350 <vCommandConsoleTask>:
/******************************************************************************
* CLI Thread
******************************************************************************/

void vCommandConsoleTask( void *pvParameters )
{
    3350:	b580      	push	{r7, lr}
    3352:	b086      	sub	sp, #24
    3354:	af00      	add	r7, sp, #0
    3356:	6078      	str	r0, [r7, #4]
//REGISTER COMMANDS HERE

FreeRTOS_CLIRegisterCommand( &xClearScreen );
    3358:	4b8b      	ldr	r3, [pc, #556]	; (3588 <vCommandConsoleTask+0x238>)
    335a:	0018      	movs	r0, r3
    335c:	4b8b      	ldr	r3, [pc, #556]	; (358c <vCommandConsoleTask+0x23c>)
    335e:	4798      	blx	r3
FreeRTOS_CLIRegisterCommand( &xResetCommand );
    3360:	4b8b      	ldr	r3, [pc, #556]	; (3590 <vCommandConsoleTask+0x240>)
    3362:	0018      	movs	r0, r3
    3364:	4b89      	ldr	r3, [pc, #548]	; (358c <vCommandConsoleTask+0x23c>)
    3366:	4798      	blx	r3
FreeRTOS_CLIRegisterCommand( &xVersion );
    3368:	4b8a      	ldr	r3, [pc, #552]	; (3594 <vCommandConsoleTask+0x244>)
    336a:	0018      	movs	r0, r3
    336c:	4b87      	ldr	r3, [pc, #540]	; (358c <vCommandConsoleTask+0x23c>)
    336e:	4798      	blx	r3
FreeRTOS_CLIRegisterCommand( &xTicks );
    3370:	4b89      	ldr	r3, [pc, #548]	; (3598 <vCommandConsoleTask+0x248>)
    3372:	0018      	movs	r0, r3
    3374:	4b85      	ldr	r3, [pc, #532]	; (358c <vCommandConsoleTask+0x23c>)
    3376:	4798      	blx	r3


uint8_t cRxedChar[2], cInputIndex = 0;
    3378:	2317      	movs	r3, #23
    337a:	18fb      	adds	r3, r7, r3
    337c:	2200      	movs	r2, #0
    337e:	701a      	strb	r2, [r3, #0]
static bool isEscapeCode = false;
static char pcEscapeCodes [4];
static uint8_t pcEscapeCodePos = 0;

//Any semaphores/mutexes/etc you needed to be initialized, you can do them here
BufferSemaphore = xSemaphoreCreateBinary();
    3380:	2203      	movs	r2, #3
    3382:	2100      	movs	r1, #0
    3384:	2001      	movs	r0, #1
    3386:	4b85      	ldr	r3, [pc, #532]	; (359c <vCommandConsoleTask+0x24c>)
    3388:	4798      	blx	r3
    338a:	0002      	movs	r2, r0
    338c:	4b84      	ldr	r3, [pc, #528]	; (35a0 <vCommandConsoleTask+0x250>)
    338e:	601a      	str	r2, [r3, #0]
    /* This code assumes the peripheral being used as the console has already
    been opened and configured, and is passed into the task as the task
    parameter.  Cast the task parameter to the correct type. */

    /* Send a welcome message to the user knows they are connected. */
    SerialConsoleWriteString( pcWelcomeMessage);
    3390:	4b84      	ldr	r3, [pc, #528]	; (35a4 <vCommandConsoleTask+0x254>)
    3392:	0018      	movs	r0, r3
    3394:	4b84      	ldr	r3, [pc, #528]	; (35a8 <vCommandConsoleTask+0x258>)
    3396:	4798      	blx	r3
    for( ;; )
    {
        /* This implementation reads a single character at a time.  Wait in the
        Blocked state until a character is received. */
		
		FreeRTOS_read(&cRxedChar);
    3398:	230c      	movs	r3, #12
    339a:	18fb      	adds	r3, r7, r3
    339c:	0018      	movs	r0, r3
    339e:	4b83      	ldr	r3, [pc, #524]	; (35ac <vCommandConsoleTask+0x25c>)
    33a0:	4798      	blx	r3
		
        if( cRxedChar[0] == '\n' || cRxedChar[0] == '\r'  )
    33a2:	230c      	movs	r3, #12
    33a4:	18fb      	adds	r3, r7, r3
    33a6:	781b      	ldrb	r3, [r3, #0]
    33a8:	2b0a      	cmp	r3, #10
    33aa:	d004      	beq.n	33b6 <vCommandConsoleTask+0x66>
    33ac:	230c      	movs	r3, #12
    33ae:	18fb      	adds	r3, r7, r3
    33b0:	781b      	ldrb	r3, [r3, #0]
    33b2:	2b0d      	cmp	r3, #13
    33b4:	d131      	bne.n	341a <vCommandConsoleTask+0xca>
        {
            /* A newline character was received, so the input command string is
            complete and can be processed.  Transmit a line separator, just to
            make the output easier to read. */
            SerialConsoleWriteString("\r\n");
    33b6:	4b7e      	ldr	r3, [pc, #504]	; (35b0 <vCommandConsoleTask+0x260>)
    33b8:	0018      	movs	r0, r3
    33ba:	4b7b      	ldr	r3, [pc, #492]	; (35a8 <vCommandConsoleTask+0x258>)
    33bc:	4798      	blx	r3
			//Copy for last command
			isEscapeCode = false; pcEscapeCodePos = 0;
    33be:	4b7d      	ldr	r3, [pc, #500]	; (35b4 <vCommandConsoleTask+0x264>)
    33c0:	2200      	movs	r2, #0
    33c2:	701a      	strb	r2, [r3, #0]
    33c4:	4b7c      	ldr	r3, [pc, #496]	; (35b8 <vCommandConsoleTask+0x268>)
    33c6:	2200      	movs	r2, #0
    33c8:	701a      	strb	r2, [r3, #0]
			strncpy(pcLastCommand, pcInputString, MAX_INPUT_LENGTH_CLI-1);
    33ca:	497c      	ldr	r1, [pc, #496]	; (35bc <vCommandConsoleTask+0x26c>)
    33cc:	4b7c      	ldr	r3, [pc, #496]	; (35c0 <vCommandConsoleTask+0x270>)
    33ce:	2263      	movs	r2, #99	; 0x63
    33d0:	0018      	movs	r0, r3
    33d2:	4b7c      	ldr	r3, [pc, #496]	; (35c4 <vCommandConsoleTask+0x274>)
    33d4:	4798      	blx	r3
			pcLastCommand[MAX_INPUT_LENGTH_CLI-1] = 0;	//Ensure null termination
    33d6:	4b7a      	ldr	r3, [pc, #488]	; (35c0 <vCommandConsoleTask+0x270>)
    33d8:	2263      	movs	r2, #99	; 0x63
    33da:	2100      	movs	r1, #0
    33dc:	5499      	strb	r1, [r3, r2]
            do
            {
                /* Send the command string to the command interpreter.  Any
                output generated by the command interpreter will be placed in the
                pcOutputString buffer. */
                xMoreDataToFollow = FreeRTOS_CLIProcessCommand
    33de:	497a      	ldr	r1, [pc, #488]	; (35c8 <vCommandConsoleTask+0x278>)
    33e0:	4b76      	ldr	r3, [pc, #472]	; (35bc <vCommandConsoleTask+0x26c>)
    33e2:	2282      	movs	r2, #130	; 0x82
    33e4:	0018      	movs	r0, r3
    33e6:	4b79      	ldr	r3, [pc, #484]	; (35cc <vCommandConsoleTask+0x27c>)
    33e8:	4798      	blx	r3
    33ea:	0003      	movs	r3, r0
    33ec:	613b      	str	r3, [r7, #16]
                              );

                /* Write the output generated by the command interpreter to the
                console. */
				//Ensure it is null terminated
				pcOutputString[MAX_OUTPUT_LENGTH_CLI - 1] = 0;
    33ee:	4b76      	ldr	r3, [pc, #472]	; (35c8 <vCommandConsoleTask+0x278>)
    33f0:	2281      	movs	r2, #129	; 0x81
    33f2:	2100      	movs	r1, #0
    33f4:	5499      	strb	r1, [r3, r2]
                SerialConsoleWriteString(pcOutputString);
    33f6:	4b74      	ldr	r3, [pc, #464]	; (35c8 <vCommandConsoleTask+0x278>)
    33f8:	0018      	movs	r0, r3
    33fa:	4b6b      	ldr	r3, [pc, #428]	; (35a8 <vCommandConsoleTask+0x258>)
    33fc:	4798      	blx	r3

            } while( xMoreDataToFollow != pdFALSE );
    33fe:	693b      	ldr	r3, [r7, #16]
    3400:	2b00      	cmp	r3, #0
    3402:	d1ec      	bne.n	33de <vCommandConsoleTask+0x8e>

            /* All the strings generated by the input command have been sent.
            Processing of the command is complete.  Clear the input string ready
            to receive the next command. */
            cInputIndex = 0;
    3404:	2317      	movs	r3, #23
    3406:	18fb      	adds	r3, r7, r3
    3408:	2200      	movs	r2, #0
    340a:	701a      	strb	r2, [r3, #0]
            memset( pcInputString, 0x00, MAX_INPUT_LENGTH_CLI );
    340c:	4b6b      	ldr	r3, [pc, #428]	; (35bc <vCommandConsoleTask+0x26c>)
    340e:	2264      	movs	r2, #100	; 0x64
    3410:	2100      	movs	r1, #0
    3412:	0018      	movs	r0, r3
    3414:	4b6e      	ldr	r3, [pc, #440]	; (35d0 <vCommandConsoleTask+0x280>)
    3416:	4798      	blx	r3
    3418:	e0b5      	b.n	3586 <vCommandConsoleTask+0x236>
        {
		    /* The if() clause performs the processing after a newline character
            is received.  This else clause performs the processing if any other
            character is received. */
		
			if (true == isEscapeCode) {
    341a:	4b66      	ldr	r3, [pc, #408]	; (35b4 <vCommandConsoleTask+0x264>)
    341c:	781b      	ldrb	r3, [r3, #0]
    341e:	2b00      	cmp	r3, #0
    3420:	d059      	beq.n	34d6 <vCommandConsoleTask+0x186>

				if(pcEscapeCodePos < CLI_PC_ESCAPE_CODE_SIZE) {
    3422:	4b65      	ldr	r3, [pc, #404]	; (35b8 <vCommandConsoleTask+0x268>)
    3424:	781b      	ldrb	r3, [r3, #0]
    3426:	2b03      	cmp	r3, #3
    3428:	d80c      	bhi.n	3444 <vCommandConsoleTask+0xf4>
					pcEscapeCodes[pcEscapeCodePos++] = cRxedChar[0];
    342a:	4b63      	ldr	r3, [pc, #396]	; (35b8 <vCommandConsoleTask+0x268>)
    342c:	781b      	ldrb	r3, [r3, #0]
    342e:	1c5a      	adds	r2, r3, #1
    3430:	b2d1      	uxtb	r1, r2
    3432:	4a61      	ldr	r2, [pc, #388]	; (35b8 <vCommandConsoleTask+0x268>)
    3434:	7011      	strb	r1, [r2, #0]
    3436:	001a      	movs	r2, r3
    3438:	230c      	movs	r3, #12
    343a:	18fb      	adds	r3, r7, r3
    343c:	7819      	ldrb	r1, [r3, #0]
    343e:	4b65      	ldr	r3, [pc, #404]	; (35d4 <vCommandConsoleTask+0x284>)
    3440:	5499      	strb	r1, [r3, r2]
    3442:	e005      	b.n	3450 <vCommandConsoleTask+0x100>
				}
				else {
					isEscapeCode = false; pcEscapeCodePos = 0;
    3444:	4b5b      	ldr	r3, [pc, #364]	; (35b4 <vCommandConsoleTask+0x264>)
    3446:	2200      	movs	r2, #0
    3448:	701a      	strb	r2, [r3, #0]
    344a:	4b5b      	ldr	r3, [pc, #364]	; (35b8 <vCommandConsoleTask+0x268>)
    344c:	2200      	movs	r2, #0
    344e:	701a      	strb	r2, [r3, #0]
				}
			
				if (pcEscapeCodePos >= CLI_PC_MIN_ESCAPE_CODE_SIZE) {
    3450:	4b59      	ldr	r3, [pc, #356]	; (35b8 <vCommandConsoleTask+0x268>)
    3452:	781b      	ldrb	r3, [r3, #0]
    3454:	2b01      	cmp	r3, #1
    3456:	d99f      	bls.n	3398 <vCommandConsoleTask+0x48>
				
					// UP ARROW SHOW LAST COMMAND
					if(strcasecmp(pcEscapeCodes, "oa"))	{
    3458:	4a5f      	ldr	r2, [pc, #380]	; (35d8 <vCommandConsoleTask+0x288>)
    345a:	4b5e      	ldr	r3, [pc, #376]	; (35d4 <vCommandConsoleTask+0x284>)
    345c:	0011      	movs	r1, r2
    345e:	0018      	movs	r0, r3
    3460:	4b5e      	ldr	r3, [pc, #376]	; (35dc <vCommandConsoleTask+0x28c>)
    3462:	4798      	blx	r3
    3464:	1e03      	subs	r3, r0, #0
    3466:	d02f      	beq.n	34c8 <vCommandConsoleTask+0x178>
                            /// Delete current line and add prompt (">")
                            sprintf(pcInputString, "%c[2K\r>", 27);
    3468:	495d      	ldr	r1, [pc, #372]	; (35e0 <vCommandConsoleTask+0x290>)
    346a:	4b54      	ldr	r3, [pc, #336]	; (35bc <vCommandConsoleTask+0x26c>)
    346c:	221b      	movs	r2, #27
    346e:	0018      	movs	r0, r3
    3470:	4b5c      	ldr	r3, [pc, #368]	; (35e4 <vCommandConsoleTask+0x294>)
    3472:	4798      	blx	r3
				            SerialConsoleWriteString(pcInputString);
    3474:	4b51      	ldr	r3, [pc, #324]	; (35bc <vCommandConsoleTask+0x26c>)
    3476:	0018      	movs	r0, r3
    3478:	4b4b      	ldr	r3, [pc, #300]	; (35a8 <vCommandConsoleTask+0x258>)
    347a:	4798      	blx	r3
                            /// Clear input buffer
                            cInputIndex = 0;
    347c:	2317      	movs	r3, #23
    347e:	18fb      	adds	r3, r7, r3
    3480:	2200      	movs	r2, #0
    3482:	701a      	strb	r2, [r3, #0]
                            memset( pcInputString, 0x00, MAX_INPUT_LENGTH_CLI );
    3484:	4b4d      	ldr	r3, [pc, #308]	; (35bc <vCommandConsoleTask+0x26c>)
    3486:	2264      	movs	r2, #100	; 0x64
    3488:	2100      	movs	r1, #0
    348a:	0018      	movs	r0, r3
    348c:	4b50      	ldr	r3, [pc, #320]	; (35d0 <vCommandConsoleTask+0x280>)
    348e:	4798      	blx	r3
                        /// Send last command
						strncpy(pcInputString, pcLastCommand, MAX_INPUT_LENGTH_CLI - 1); 	
    3490:	494b      	ldr	r1, [pc, #300]	; (35c0 <vCommandConsoleTask+0x270>)
    3492:	4b4a      	ldr	r3, [pc, #296]	; (35bc <vCommandConsoleTask+0x26c>)
    3494:	2263      	movs	r2, #99	; 0x63
    3496:	0018      	movs	r0, r3
    3498:	4b4a      	ldr	r3, [pc, #296]	; (35c4 <vCommandConsoleTask+0x274>)
    349a:	4798      	blx	r3
                        cInputIndex = (strlen(pcInputString) < MAX_INPUT_LENGTH_CLI - 1) ? strlen(pcLastCommand) : MAX_INPUT_LENGTH_CLI - 1;
    349c:	4b47      	ldr	r3, [pc, #284]	; (35bc <vCommandConsoleTask+0x26c>)
    349e:	0018      	movs	r0, r3
    34a0:	4b51      	ldr	r3, [pc, #324]	; (35e8 <vCommandConsoleTask+0x298>)
    34a2:	4798      	blx	r3
    34a4:	0003      	movs	r3, r0
    34a6:	2b62      	cmp	r3, #98	; 0x62
    34a8:	d806      	bhi.n	34b8 <vCommandConsoleTask+0x168>
    34aa:	4b45      	ldr	r3, [pc, #276]	; (35c0 <vCommandConsoleTask+0x270>)
    34ac:	0018      	movs	r0, r3
    34ae:	4b4e      	ldr	r3, [pc, #312]	; (35e8 <vCommandConsoleTask+0x298>)
    34b0:	4798      	blx	r3
    34b2:	0003      	movs	r3, r0
    34b4:	b2da      	uxtb	r2, r3
    34b6:	e000      	b.n	34ba <vCommandConsoleTask+0x16a>
    34b8:	2263      	movs	r2, #99	; 0x63
    34ba:	2317      	movs	r3, #23
    34bc:	18fb      	adds	r3, r7, r3
    34be:	701a      	strb	r2, [r3, #0]
						SerialConsoleWriteString(pcInputString);
    34c0:	4b3e      	ldr	r3, [pc, #248]	; (35bc <vCommandConsoleTask+0x26c>)
    34c2:	0018      	movs	r0, r3
    34c4:	4b38      	ldr	r3, [pc, #224]	; (35a8 <vCommandConsoleTask+0x258>)
    34c6:	4798      	blx	r3
					}
				
					isEscapeCode = false; pcEscapeCodePos = 0;
    34c8:	4b3a      	ldr	r3, [pc, #232]	; (35b4 <vCommandConsoleTask+0x264>)
    34ca:	2200      	movs	r2, #0
    34cc:	701a      	strb	r2, [r3, #0]
    34ce:	4b3a      	ldr	r3, [pc, #232]	; (35b8 <vCommandConsoleTask+0x268>)
    34d0:	2200      	movs	r2, #0
    34d2:	701a      	strb	r2, [r3, #0]
    34d4:	e760      	b.n	3398 <vCommandConsoleTask+0x48>
			}
            /* The if() clause performs the processing after a newline character
            is received.  This else clause performs the processing if any other
            character is received. */

            else if( cRxedChar[0] == '\r' )
    34d6:	230c      	movs	r3, #12
    34d8:	18fb      	adds	r3, r7, r3
    34da:	781b      	ldrb	r3, [r3, #0]
    34dc:	2b0d      	cmp	r3, #13
    34de:	d100      	bne.n	34e2 <vCommandConsoleTask+0x192>
    34e0:	e75a      	b.n	3398 <vCommandConsoleTask+0x48>
            {
                /* Ignore carriage returns. */
            }
            else if( cRxedChar[0] == ASCII_BACKSPACE || cRxedChar[0] == ASCII_DELETE )
    34e2:	230c      	movs	r3, #12
    34e4:	18fb      	adds	r3, r7, r3
    34e6:	781b      	ldrb	r3, [r3, #0]
    34e8:	2b08      	cmp	r3, #8
    34ea:	d004      	beq.n	34f6 <vCommandConsoleTask+0x1a6>
    34ec:	230c      	movs	r3, #12
    34ee:	18fb      	adds	r3, r7, r3
    34f0:	781b      	ldrb	r3, [r3, #0]
    34f2:	2b7f      	cmp	r3, #127	; 0x7f
    34f4:	d11c      	bne.n	3530 <vCommandConsoleTask+0x1e0>
            {
				char erase[4] = {0x08, 0x20, 0x08, 0x00};
    34f6:	2308      	movs	r3, #8
    34f8:	18fb      	adds	r3, r7, r3
    34fa:	4a3c      	ldr	r2, [pc, #240]	; (35ec <vCommandConsoleTask+0x29c>)
    34fc:	6812      	ldr	r2, [r2, #0]
    34fe:	601a      	str	r2, [r3, #0]
				SerialConsoleWriteString(erase);
    3500:	2308      	movs	r3, #8
    3502:	18fb      	adds	r3, r7, r3
    3504:	0018      	movs	r0, r3
    3506:	4b28      	ldr	r3, [pc, #160]	; (35a8 <vCommandConsoleTask+0x258>)
    3508:	4798      	blx	r3
                /* Backspace was pressed.  Erase the last character in the input
                buffer - if there are any. */
                if( cInputIndex > 0 )
    350a:	2317      	movs	r3, #23
    350c:	18fb      	adds	r3, r7, r3
    350e:	781b      	ldrb	r3, [r3, #0]
    3510:	2b00      	cmp	r3, #0
    3512:	d037      	beq.n	3584 <vCommandConsoleTask+0x234>
                {
                    cInputIndex--;
    3514:	2317      	movs	r3, #23
    3516:	18fb      	adds	r3, r7, r3
    3518:	781a      	ldrb	r2, [r3, #0]
    351a:	2317      	movs	r3, #23
    351c:	18fb      	adds	r3, r7, r3
    351e:	3a01      	subs	r2, #1
    3520:	701a      	strb	r2, [r3, #0]
                    pcInputString[ cInputIndex ] = 0;
    3522:	2317      	movs	r3, #23
    3524:	18fb      	adds	r3, r7, r3
    3526:	781b      	ldrb	r3, [r3, #0]
    3528:	4a24      	ldr	r2, [pc, #144]	; (35bc <vCommandConsoleTask+0x26c>)
    352a:	2100      	movs	r1, #0
    352c:	54d1      	strb	r1, [r2, r3]
            {
    352e:	e029      	b.n	3584 <vCommandConsoleTask+0x234>
                }
            }
			// ESC
			else if( cRxedChar[0] == ASCII_ESC) {
    3530:	230c      	movs	r3, #12
    3532:	18fb      	adds	r3, r7, r3
    3534:	781b      	ldrb	r3, [r3, #0]
    3536:	2b1b      	cmp	r3, #27
    3538:	d106      	bne.n	3548 <vCommandConsoleTask+0x1f8>
				isEscapeCode = true; //Next characters will be code arguments
    353a:	4b1e      	ldr	r3, [pc, #120]	; (35b4 <vCommandConsoleTask+0x264>)
    353c:	2201      	movs	r2, #1
    353e:	701a      	strb	r2, [r3, #0]
				pcEscapeCodePos = 0;
    3540:	4b1d      	ldr	r3, [pc, #116]	; (35b8 <vCommandConsoleTask+0x268>)
    3542:	2200      	movs	r2, #0
    3544:	701a      	strb	r2, [r3, #0]
    3546:	e727      	b.n	3398 <vCommandConsoleTask+0x48>
            {
                /* A character was entered.  It was not a new line, backspace
                or carriage return, so it is accepted as part of the input and
                placed into the input buffer.  When a n is entered the complete
                string will be passed to the command interpreter. */
                if( cInputIndex < MAX_INPUT_LENGTH_CLI )
    3548:	2317      	movs	r3, #23
    354a:	18fb      	adds	r3, r7, r3
    354c:	781b      	ldrb	r3, [r3, #0]
    354e:	2b63      	cmp	r3, #99	; 0x63
    3550:	d80e      	bhi.n	3570 <vCommandConsoleTask+0x220>
                {
                    pcInputString[ cInputIndex ] = cRxedChar[0];
    3552:	2317      	movs	r3, #23
    3554:	18fb      	adds	r3, r7, r3
    3556:	781b      	ldrb	r3, [r3, #0]
    3558:	220c      	movs	r2, #12
    355a:	18ba      	adds	r2, r7, r2
    355c:	7811      	ldrb	r1, [r2, #0]
    355e:	4a17      	ldr	r2, [pc, #92]	; (35bc <vCommandConsoleTask+0x26c>)
    3560:	54d1      	strb	r1, [r2, r3]
                    cInputIndex++;
    3562:	2317      	movs	r3, #23
    3564:	18fb      	adds	r3, r7, r3
    3566:	781a      	ldrb	r2, [r3, #0]
    3568:	2317      	movs	r3, #23
    356a:	18fb      	adds	r3, r7, r3
    356c:	3201      	adds	r2, #1
    356e:	701a      	strb	r2, [r3, #0]
                }

					//Order Echo
					cRxedChar[1] = 0;
    3570:	230c      	movs	r3, #12
    3572:	18fb      	adds	r3, r7, r3
    3574:	2200      	movs	r2, #0
    3576:	705a      	strb	r2, [r3, #1]
					SerialConsoleWriteString(&cRxedChar[0]);
    3578:	230c      	movs	r3, #12
    357a:	18fb      	adds	r3, r7, r3
    357c:	0018      	movs	r0, r3
    357e:	4b0a      	ldr	r3, [pc, #40]	; (35a8 <vCommandConsoleTask+0x258>)
    3580:	4798      	blx	r3
    3582:	e709      	b.n	3398 <vCommandConsoleTask+0x48>
            {
    3584:	46c0      	nop			; (mov r8, r8)
		FreeRTOS_read(&cRxedChar);
    3586:	e707      	b.n	3398 <vCommandConsoleTask+0x48>
    3588:	000064fc 	.word	0x000064fc
    358c:	00000c3d 	.word	0x00000c3d
    3590:	0000650c 	.word	0x0000650c
    3594:	0000651c 	.word	0x0000651c
    3598:	0000652c 	.word	0x0000652c
    359c:	00001415 	.word	0x00001415
    35a0:	20003240 	.word	0x20003240
    35a4:	000063d4 	.word	0x000063d4
    35a8:	00003bed 	.word	0x00003bed
    35ac:	000035f1 	.word	0x000035f1
    35b0:	000064cc 	.word	0x000064cc
    35b4:	20003254 	.word	0x20003254
    35b8:	20003255 	.word	0x20003255
    35bc:	200032bc 	.word	0x200032bc
    35c0:	20003258 	.word	0x20003258
    35c4:	00005b51 	.word	0x00005b51
    35c8:	20003320 	.word	0x20003320
    35cc:	00000cad 	.word	0x00000cad
    35d0:	000058b7 	.word	0x000058b7
    35d4:	200033a4 	.word	0x200033a4
    35d8:	000064d0 	.word	0x000064d0
    35dc:	00005ae5 	.word	0x00005ae5
    35e0:	000064d4 	.word	0x000064d4
    35e4:	00005aa1 	.word	0x00005aa1
    35e8:	00005b21 	.word	0x00005b21
    35ec:	000064dc 	.word	0x000064dc

000035f0 <FreeRTOS_read>:
				There are multiple solutions! Check all the inter-thread communications available! See https://www.freertos.org/a00113.html 
* @details		STUDENTS TO COMPLETE.
* @note
*****************************************************************************/
static void FreeRTOS_read(char* character)
{
    35f0:	b580      	push	{r7, lr}
    35f2:	b082      	sub	sp, #8
    35f4:	af00      	add	r7, sp, #0
    35f6:	6078      	str	r0, [r7, #4]
	if (BufferSemaphore!=NULL){
    35f8:	4b0b      	ldr	r3, [pc, #44]	; (3628 <FreeRTOS_read+0x38>)
    35fa:	681b      	ldr	r3, [r3, #0]
    35fc:	2b00      	cmp	r3, #0
    35fe:	d00e      	beq.n	361e <FreeRTOS_read+0x2e>
		
		if (xSemaphoreTake(BufferSemaphore, portMAX_DELAY) == pdPASS) {
    3600:	4b09      	ldr	r3, [pc, #36]	; (3628 <FreeRTOS_read+0x38>)
    3602:	681a      	ldr	r2, [r3, #0]
    3604:	2301      	movs	r3, #1
    3606:	425b      	negs	r3, r3
    3608:	0019      	movs	r1, r3
    360a:	0010      	movs	r0, r2
    360c:	4b07      	ldr	r3, [pc, #28]	; (362c <FreeRTOS_read+0x3c>)
    360e:	4798      	blx	r3
    3610:	0003      	movs	r3, r0
    3612:	2b01      	cmp	r3, #1
    3614:	d103      	bne.n	361e <FreeRTOS_read+0x2e>
			SerialConsoleReadCharacter(character);
    3616:	687b      	ldr	r3, [r7, #4]
    3618:	0018      	movs	r0, r3
    361a:	4b05      	ldr	r3, [pc, #20]	; (3630 <FreeRTOS_read+0x40>)
    361c:	4798      	blx	r3
		}

	}
}
    361e:	46c0      	nop			; (mov r8, r8)
    3620:	46bd      	mov	sp, r7
    3622:	b002      	add	sp, #8
    3624:	bd80      	pop	{r7, pc}
    3626:	46c0      	nop			; (mov r8, r8)
    3628:	20003240 	.word	0x20003240
    362c:	00001979 	.word	0x00001979
    3630:	00003c79 	.word	0x00003c79

00003634 <xCliClearTerminalScreen>:
//THIS COMMAND USES vt100 TERMINAL COMMANDS TO CLEAR THE SCREEN ON A TERMINAL PROGRAM LIKE TERA TERM
//SEE http://www.csie.ntu.edu.tw/~r92094/c++/VT100.html for more info
//CLI SPECIFIC COMMANDS
static char bufCli[CLI_MSG_LEN];
BaseType_t xCliClearTerminalScreen( char *pcWriteBuffer,size_t xWriteBufferLen,const int8_t *pcCommandString )
{
    3634:	b590      	push	{r4, r7, lr}
    3636:	b087      	sub	sp, #28
    3638:	af00      	add	r7, sp, #0
    363a:	60f8      	str	r0, [r7, #12]
    363c:	60b9      	str	r1, [r7, #8]
    363e:	607a      	str	r2, [r7, #4]
	char clearScreen = ASCII_ESC;
    3640:	2317      	movs	r3, #23
    3642:	18fb      	adds	r3, r7, r3
    3644:	221b      	movs	r2, #27
    3646:	701a      	strb	r2, [r3, #0]
	snprintf(bufCli, CLI_MSG_LEN - 1, "%c[2J", clearScreen);
    3648:	2317      	movs	r3, #23
    364a:	18fb      	adds	r3, r7, r3
    364c:	781b      	ldrb	r3, [r3, #0]
    364e:	4a08      	ldr	r2, [pc, #32]	; (3670 <xCliClearTerminalScreen+0x3c>)
    3650:	4808      	ldr	r0, [pc, #32]	; (3674 <xCliClearTerminalScreen+0x40>)
    3652:	210f      	movs	r1, #15
    3654:	4c08      	ldr	r4, [pc, #32]	; (3678 <xCliClearTerminalScreen+0x44>)
    3656:	47a0      	blx	r4
	snprintf(pcWriteBuffer, xWriteBufferLen, bufCli);
    3658:	4a06      	ldr	r2, [pc, #24]	; (3674 <xCliClearTerminalScreen+0x40>)
    365a:	68b9      	ldr	r1, [r7, #8]
    365c:	68fb      	ldr	r3, [r7, #12]
    365e:	0018      	movs	r0, r3
    3660:	4b05      	ldr	r3, [pc, #20]	; (3678 <xCliClearTerminalScreen+0x44>)
    3662:	4798      	blx	r3
	return pdFALSE;
    3664:	2300      	movs	r3, #0
}
    3666:	0018      	movs	r0, r3
    3668:	46bd      	mov	sp, r7
    366a:	b007      	add	sp, #28
    366c:	bd90      	pop	{r4, r7, pc}
    366e:	46c0      	nop			; (mov r8, r8)
    3670:	000064e0 	.word	0x000064e0
    3674:	20003244 	.word	0x20003244
    3678:	00005a3d 	.word	0x00005a3d

0000367c <CLI_ResetDevice>:

//Example CLI Command. Resets system.
BaseType_t CLI_ResetDevice( int8_t *pcWriteBuffer,size_t xWriteBufferLen,const int8_t *pcCommandString )
{
    367c:	b580      	push	{r7, lr}
    367e:	b084      	sub	sp, #16
    3680:	af00      	add	r7, sp, #0
    3682:	60f8      	str	r0, [r7, #12]
    3684:	60b9      	str	r1, [r7, #8]
    3686:	607a      	str	r2, [r7, #4]
	system_reset();
    3688:	4b03      	ldr	r3, [pc, #12]	; (3698 <CLI_ResetDevice+0x1c>)
    368a:	4798      	blx	r3
	return pdFALSE;
    368c:	2300      	movs	r3, #0
}
    368e:	0018      	movs	r0, r3
    3690:	46bd      	mov	sp, r7
    3692:	b004      	add	sp, #16
    3694:	bd80      	pop	{r7, pc}
    3696:	46c0      	nop			; (mov r8, r8)
    3698:	00003345 	.word	0x00003345

0000369c <CLI_Version>:

//Version Command
BaseType_t CLI_Version( int8_t *pcWriteBuffer,size_t xWriteBufferLen,const int8_t *pcCommandString )
{
    369c:	b590      	push	{r4, r7, lr}
    369e:	b087      	sub	sp, #28
    36a0:	af00      	add	r7, sp, #0
    36a2:	60f8      	str	r0, [r7, #12]
    36a4:	60b9      	str	r1, [r7, #8]
    36a6:	607a      	str	r2, [r7, #4]
	const char* version = VERSION;
    36a8:	4b09      	ldr	r3, [pc, #36]	; (36d0 <CLI_Version+0x34>)
    36aa:	617b      	str	r3, [r7, #20]
	snprintf(bufCli, CLI_MSG_LEN - 1, "%s", version);
    36ac:	697b      	ldr	r3, [r7, #20]
    36ae:	4a09      	ldr	r2, [pc, #36]	; (36d4 <CLI_Version+0x38>)
    36b0:	4809      	ldr	r0, [pc, #36]	; (36d8 <CLI_Version+0x3c>)
    36b2:	210f      	movs	r1, #15
    36b4:	4c09      	ldr	r4, [pc, #36]	; (36dc <CLI_Version+0x40>)
    36b6:	47a0      	blx	r4
	snprintf(pcWriteBuffer, xWriteBufferLen,"%s\n", bufCli);
    36b8:	4b07      	ldr	r3, [pc, #28]	; (36d8 <CLI_Version+0x3c>)
    36ba:	4a09      	ldr	r2, [pc, #36]	; (36e0 <CLI_Version+0x44>)
    36bc:	68b9      	ldr	r1, [r7, #8]
    36be:	68f8      	ldr	r0, [r7, #12]
    36c0:	4c06      	ldr	r4, [pc, #24]	; (36dc <CLI_Version+0x40>)
    36c2:	47a0      	blx	r4
	return pdFALSE;
    36c4:	2300      	movs	r3, #0
}
    36c6:	0018      	movs	r0, r3
    36c8:	46bd      	mov	sp, r7
    36ca:	b007      	add	sp, #28
    36cc:	bd90      	pop	{r4, r7, pc}
    36ce:	46c0      	nop			; (mov r8, r8)
    36d0:	000064e8 	.word	0x000064e8
    36d4:	000064f0 	.word	0x000064f0
    36d8:	20003244 	.word	0x20003244
    36dc:	00005a3d 	.word	0x00005a3d
    36e0:	000064f4 	.word	0x000064f4

000036e4 <CLI_Ticks>:

//Ticks Command
BaseType_t CLI_Ticks(int8_t *pcWriteBuffer, size_t xWriteBufferLen, const int8_t *pcCommandString) {
    36e4:	b590      	push	{r4, r7, lr}
    36e6:	b087      	sub	sp, #28
    36e8:	af00      	add	r7, sp, #0
    36ea:	60f8      	str	r0, [r7, #12]
    36ec:	60b9      	str	r1, [r7, #8]
    36ee:	607a      	str	r2, [r7, #4]
	
	TickType_t tickNumber = xTaskGetTickCount();
    36f0:	4b0a      	ldr	r3, [pc, #40]	; (371c <CLI_Ticks+0x38>)
    36f2:	4798      	blx	r3
    36f4:	0003      	movs	r3, r0
    36f6:	617b      	str	r3, [r7, #20]
	snprintf(bufCli, CLI_MSG_LEN - 1, "%d", tickNumber);
    36f8:	697b      	ldr	r3, [r7, #20]
    36fa:	4a09      	ldr	r2, [pc, #36]	; (3720 <CLI_Ticks+0x3c>)
    36fc:	4809      	ldr	r0, [pc, #36]	; (3724 <CLI_Ticks+0x40>)
    36fe:	210f      	movs	r1, #15
    3700:	4c09      	ldr	r4, [pc, #36]	; (3728 <CLI_Ticks+0x44>)
    3702:	47a0      	blx	r4
	snprintf(pcWriteBuffer, xWriteBufferLen, "%s\n", bufCli);
    3704:	4b07      	ldr	r3, [pc, #28]	; (3724 <CLI_Ticks+0x40>)
    3706:	4a09      	ldr	r2, [pc, #36]	; (372c <CLI_Ticks+0x48>)
    3708:	68b9      	ldr	r1, [r7, #8]
    370a:	68f8      	ldr	r0, [r7, #12]
    370c:	4c06      	ldr	r4, [pc, #24]	; (3728 <CLI_Ticks+0x44>)
    370e:	47a0      	blx	r4
	return pdFALSE;
    3710:	2300      	movs	r3, #0
}
    3712:	0018      	movs	r0, r3
    3714:	46bd      	mov	sp, r7
    3716:	b007      	add	sp, #28
    3718:	bd90      	pop	{r4, r7, pc}
    371a:	46c0      	nop			; (mov r8, r8)
    371c:	000023a5 	.word	0x000023a5
    3720:	000064f8 	.word	0x000064f8
    3724:	20003244 	.word	0x20003244
    3728:	00005a3d 	.word	0x00005a3d
    372c:	000064f4 	.word	0x000064f4

00003730 <advance_pointer>:
    3730:	b580      	push	{r7, lr}
    3732:	b082      	sub	sp, #8
    3734:	af00      	add	r7, sp, #0
    3736:	6078      	str	r0, [r7, #4]
    3738:	687b      	ldr	r3, [r7, #4]
    373a:	7c1b      	ldrb	r3, [r3, #16]
    373c:	2b00      	cmp	r3, #0
    373e:	d00b      	beq.n	3758 <advance_pointer+0x28>
    3740:	687b      	ldr	r3, [r7, #4]
    3742:	689b      	ldr	r3, [r3, #8]
    3744:	1c5a      	adds	r2, r3, #1
    3746:	687b      	ldr	r3, [r7, #4]
    3748:	68d9      	ldr	r1, [r3, #12]
    374a:	4b10      	ldr	r3, [pc, #64]	; (378c <advance_pointer+0x5c>)
    374c:	0010      	movs	r0, r2
    374e:	4798      	blx	r3
    3750:	000b      	movs	r3, r1
    3752:	001a      	movs	r2, r3
    3754:	687b      	ldr	r3, [r7, #4]
    3756:	609a      	str	r2, [r3, #8]
    3758:	687b      	ldr	r3, [r7, #4]
    375a:	685b      	ldr	r3, [r3, #4]
    375c:	1c5a      	adds	r2, r3, #1
    375e:	687b      	ldr	r3, [r7, #4]
    3760:	68d9      	ldr	r1, [r3, #12]
    3762:	4b0a      	ldr	r3, [pc, #40]	; (378c <advance_pointer+0x5c>)
    3764:	0010      	movs	r0, r2
    3766:	4798      	blx	r3
    3768:	000b      	movs	r3, r1
    376a:	001a      	movs	r2, r3
    376c:	687b      	ldr	r3, [r7, #4]
    376e:	605a      	str	r2, [r3, #4]
    3770:	687b      	ldr	r3, [r7, #4]
    3772:	685a      	ldr	r2, [r3, #4]
    3774:	687b      	ldr	r3, [r7, #4]
    3776:	689b      	ldr	r3, [r3, #8]
    3778:	1ad3      	subs	r3, r2, r3
    377a:	425a      	negs	r2, r3
    377c:	4153      	adcs	r3, r2
    377e:	b2da      	uxtb	r2, r3
    3780:	687b      	ldr	r3, [r7, #4]
    3782:	741a      	strb	r2, [r3, #16]
    3784:	46c0      	nop			; (mov r8, r8)
    3786:	46bd      	mov	sp, r7
    3788:	b002      	add	sp, #8
    378a:	bd80      	pop	{r7, pc}
    378c:	000057e9 	.word	0x000057e9

00003790 <retreat_pointer>:
    3790:	b580      	push	{r7, lr}
    3792:	b082      	sub	sp, #8
    3794:	af00      	add	r7, sp, #0
    3796:	6078      	str	r0, [r7, #4]
    3798:	687b      	ldr	r3, [r7, #4]
    379a:	2200      	movs	r2, #0
    379c:	741a      	strb	r2, [r3, #16]
    379e:	687b      	ldr	r3, [r7, #4]
    37a0:	689b      	ldr	r3, [r3, #8]
    37a2:	1c5a      	adds	r2, r3, #1
    37a4:	687b      	ldr	r3, [r7, #4]
    37a6:	68d9      	ldr	r1, [r3, #12]
    37a8:	4b05      	ldr	r3, [pc, #20]	; (37c0 <retreat_pointer+0x30>)
    37aa:	0010      	movs	r0, r2
    37ac:	4798      	blx	r3
    37ae:	000b      	movs	r3, r1
    37b0:	001a      	movs	r2, r3
    37b2:	687b      	ldr	r3, [r7, #4]
    37b4:	609a      	str	r2, [r3, #8]
    37b6:	46c0      	nop			; (mov r8, r8)
    37b8:	46bd      	mov	sp, r7
    37ba:	b002      	add	sp, #8
    37bc:	bd80      	pop	{r7, pc}
    37be:	46c0      	nop			; (mov r8, r8)
    37c0:	000057e9 	.word	0x000057e9

000037c4 <circular_buf_init>:
    37c4:	b580      	push	{r7, lr}
    37c6:	b084      	sub	sp, #16
    37c8:	af00      	add	r7, sp, #0
    37ca:	6078      	str	r0, [r7, #4]
    37cc:	6039      	str	r1, [r7, #0]
    37ce:	2014      	movs	r0, #20
    37d0:	4b09      	ldr	r3, [pc, #36]	; (37f8 <circular_buf_init+0x34>)
    37d2:	4798      	blx	r3
    37d4:	0003      	movs	r3, r0
    37d6:	60fb      	str	r3, [r7, #12]
    37d8:	68fb      	ldr	r3, [r7, #12]
    37da:	687a      	ldr	r2, [r7, #4]
    37dc:	601a      	str	r2, [r3, #0]
    37de:	68fb      	ldr	r3, [r7, #12]
    37e0:	683a      	ldr	r2, [r7, #0]
    37e2:	60da      	str	r2, [r3, #12]
    37e4:	68fb      	ldr	r3, [r7, #12]
    37e6:	0018      	movs	r0, r3
    37e8:	4b04      	ldr	r3, [pc, #16]	; (37fc <circular_buf_init+0x38>)
    37ea:	4798      	blx	r3
    37ec:	68fb      	ldr	r3, [r7, #12]
    37ee:	0018      	movs	r0, r3
    37f0:	46bd      	mov	sp, r7
    37f2:	b004      	add	sp, #16
    37f4:	bd80      	pop	{r7, pc}
    37f6:	46c0      	nop			; (mov r8, r8)
    37f8:	00005891 	.word	0x00005891
    37fc:	00003801 	.word	0x00003801

00003800 <circular_buf_reset>:
    3800:	b580      	push	{r7, lr}
    3802:	b082      	sub	sp, #8
    3804:	af00      	add	r7, sp, #0
    3806:	6078      	str	r0, [r7, #4]
    3808:	687b      	ldr	r3, [r7, #4]
    380a:	2200      	movs	r2, #0
    380c:	605a      	str	r2, [r3, #4]
    380e:	687b      	ldr	r3, [r7, #4]
    3810:	2200      	movs	r2, #0
    3812:	609a      	str	r2, [r3, #8]
    3814:	687b      	ldr	r3, [r7, #4]
    3816:	2200      	movs	r2, #0
    3818:	741a      	strb	r2, [r3, #16]
    381a:	46c0      	nop			; (mov r8, r8)
    381c:	46bd      	mov	sp, r7
    381e:	b002      	add	sp, #8
    3820:	bd80      	pop	{r7, pc}
	...

00003824 <circular_buf_put>:
    3824:	b580      	push	{r7, lr}
    3826:	b082      	sub	sp, #8
    3828:	af00      	add	r7, sp, #0
    382a:	6078      	str	r0, [r7, #4]
    382c:	000a      	movs	r2, r1
    382e:	1cfb      	adds	r3, r7, #3
    3830:	701a      	strb	r2, [r3, #0]
    3832:	687b      	ldr	r3, [r7, #4]
    3834:	681a      	ldr	r2, [r3, #0]
    3836:	687b      	ldr	r3, [r7, #4]
    3838:	685b      	ldr	r3, [r3, #4]
    383a:	18d3      	adds	r3, r2, r3
    383c:	1cfa      	adds	r2, r7, #3
    383e:	7812      	ldrb	r2, [r2, #0]
    3840:	701a      	strb	r2, [r3, #0]
    3842:	687b      	ldr	r3, [r7, #4]
    3844:	0018      	movs	r0, r3
    3846:	4b03      	ldr	r3, [pc, #12]	; (3854 <circular_buf_put+0x30>)
    3848:	4798      	blx	r3
    384a:	46c0      	nop			; (mov r8, r8)
    384c:	46bd      	mov	sp, r7
    384e:	b002      	add	sp, #8
    3850:	bd80      	pop	{r7, pc}
    3852:	46c0      	nop			; (mov r8, r8)
    3854:	00003731 	.word	0x00003731

00003858 <circular_buf_get>:
    3858:	b580      	push	{r7, lr}
    385a:	b084      	sub	sp, #16
    385c:	af00      	add	r7, sp, #0
    385e:	6078      	str	r0, [r7, #4]
    3860:	6039      	str	r1, [r7, #0]
    3862:	2301      	movs	r3, #1
    3864:	425b      	negs	r3, r3
    3866:	60fb      	str	r3, [r7, #12]
    3868:	687b      	ldr	r3, [r7, #4]
    386a:	0018      	movs	r0, r3
    386c:	4b0d      	ldr	r3, [pc, #52]	; (38a4 <circular_buf_get+0x4c>)
    386e:	4798      	blx	r3
    3870:	0003      	movs	r3, r0
    3872:	001a      	movs	r2, r3
    3874:	2301      	movs	r3, #1
    3876:	4053      	eors	r3, r2
    3878:	b2db      	uxtb	r3, r3
    387a:	2b00      	cmp	r3, #0
    387c:	d00d      	beq.n	389a <circular_buf_get+0x42>
    387e:	687b      	ldr	r3, [r7, #4]
    3880:	681a      	ldr	r2, [r3, #0]
    3882:	687b      	ldr	r3, [r7, #4]
    3884:	689b      	ldr	r3, [r3, #8]
    3886:	18d3      	adds	r3, r2, r3
    3888:	781a      	ldrb	r2, [r3, #0]
    388a:	683b      	ldr	r3, [r7, #0]
    388c:	701a      	strb	r2, [r3, #0]
    388e:	687b      	ldr	r3, [r7, #4]
    3890:	0018      	movs	r0, r3
    3892:	4b05      	ldr	r3, [pc, #20]	; (38a8 <circular_buf_get+0x50>)
    3894:	4798      	blx	r3
    3896:	2300      	movs	r3, #0
    3898:	60fb      	str	r3, [r7, #12]
    389a:	68fb      	ldr	r3, [r7, #12]
    389c:	0018      	movs	r0, r3
    389e:	46bd      	mov	sp, r7
    38a0:	b004      	add	sp, #16
    38a2:	bd80      	pop	{r7, pc}
    38a4:	000038ad 	.word	0x000038ad
    38a8:	00003791 	.word	0x00003791

000038ac <circular_buf_empty>:
    38ac:	b580      	push	{r7, lr}
    38ae:	b082      	sub	sp, #8
    38b0:	af00      	add	r7, sp, #0
    38b2:	6078      	str	r0, [r7, #4]
    38b4:	687b      	ldr	r3, [r7, #4]
    38b6:	7c1b      	ldrb	r3, [r3, #16]
    38b8:	2201      	movs	r2, #1
    38ba:	4053      	eors	r3, r2
    38bc:	b2db      	uxtb	r3, r3
    38be:	2b00      	cmp	r3, #0
    38c0:	d007      	beq.n	38d2 <circular_buf_empty+0x26>
    38c2:	687b      	ldr	r3, [r7, #4]
    38c4:	685a      	ldr	r2, [r3, #4]
    38c6:	687b      	ldr	r3, [r7, #4]
    38c8:	689b      	ldr	r3, [r3, #8]
    38ca:	429a      	cmp	r2, r3
    38cc:	d101      	bne.n	38d2 <circular_buf_empty+0x26>
    38ce:	2301      	movs	r3, #1
    38d0:	e000      	b.n	38d4 <circular_buf_empty+0x28>
    38d2:	2300      	movs	r3, #0
    38d4:	1c1a      	adds	r2, r3, #0
    38d6:	2301      	movs	r3, #1
    38d8:	4013      	ands	r3, r2
    38da:	b2db      	uxtb	r3, r3
    38dc:	0018      	movs	r0, r3
    38de:	46bd      	mov	sp, r7
    38e0:	b002      	add	sp, #8
    38e2:	bd80      	pop	{r7, pc}

000038e4 <__NVIC_SetPriority>:
{
    38e4:	b5b0      	push	{r4, r5, r7, lr}
    38e6:	b082      	sub	sp, #8
    38e8:	af00      	add	r7, sp, #0
    38ea:	0002      	movs	r2, r0
    38ec:	6039      	str	r1, [r7, #0]
    38ee:	1dfb      	adds	r3, r7, #7
    38f0:	701a      	strb	r2, [r3, #0]
  if ((int32_t)(IRQn) >= 0)
    38f2:	1dfb      	adds	r3, r7, #7
    38f4:	781b      	ldrb	r3, [r3, #0]
    38f6:	2b7f      	cmp	r3, #127	; 0x7f
    38f8:	d828      	bhi.n	394c <__NVIC_SetPriority+0x68>
    NVIC->IP[_IP_IDX(IRQn)]  = ((uint32_t)(NVIC->IP[_IP_IDX(IRQn)]  & ~(0xFFUL << _BIT_SHIFT(IRQn))) |
    38fa:	4c2f      	ldr	r4, [pc, #188]	; (39b8 <__NVIC_SetPriority+0xd4>)
    38fc:	1dfb      	adds	r3, r7, #7
    38fe:	781b      	ldrb	r3, [r3, #0]
    3900:	b25b      	sxtb	r3, r3
    3902:	089b      	lsrs	r3, r3, #2
    3904:	492c      	ldr	r1, [pc, #176]	; (39b8 <__NVIC_SetPriority+0xd4>)
    3906:	1dfa      	adds	r2, r7, #7
    3908:	7812      	ldrb	r2, [r2, #0]
    390a:	b252      	sxtb	r2, r2
    390c:	0892      	lsrs	r2, r2, #2
    390e:	32c0      	adds	r2, #192	; 0xc0
    3910:	0092      	lsls	r2, r2, #2
    3912:	5852      	ldr	r2, [r2, r1]
    3914:	1df9      	adds	r1, r7, #7
    3916:	7809      	ldrb	r1, [r1, #0]
    3918:	0008      	movs	r0, r1
    391a:	2103      	movs	r1, #3
    391c:	4001      	ands	r1, r0
    391e:	00c9      	lsls	r1, r1, #3
    3920:	20ff      	movs	r0, #255	; 0xff
    3922:	4088      	lsls	r0, r1
    3924:	0001      	movs	r1, r0
    3926:	43c9      	mvns	r1, r1
    3928:	4011      	ands	r1, r2
       (((priority << (8U - __NVIC_PRIO_BITS)) & (uint32_t)0xFFUL) << _BIT_SHIFT(IRQn)));
    392a:	683a      	ldr	r2, [r7, #0]
    392c:	0192      	lsls	r2, r2, #6
    392e:	20ff      	movs	r0, #255	; 0xff
    3930:	4010      	ands	r0, r2
    3932:	1dfa      	adds	r2, r7, #7
    3934:	7812      	ldrb	r2, [r2, #0]
    3936:	0015      	movs	r5, r2
    3938:	2203      	movs	r2, #3
    393a:	402a      	ands	r2, r5
    393c:	00d2      	lsls	r2, r2, #3
    393e:	4090      	lsls	r0, r2
    3940:	0002      	movs	r2, r0
    NVIC->IP[_IP_IDX(IRQn)]  = ((uint32_t)(NVIC->IP[_IP_IDX(IRQn)]  & ~(0xFFUL << _BIT_SHIFT(IRQn))) |
    3942:	430a      	orrs	r2, r1
    3944:	33c0      	adds	r3, #192	; 0xc0
    3946:	009b      	lsls	r3, r3, #2
    3948:	511a      	str	r2, [r3, r4]
}
    394a:	e031      	b.n	39b0 <__NVIC_SetPriority+0xcc>
    SCB->SHP[_SHP_IDX(IRQn)] = ((uint32_t)(SCB->SHP[_SHP_IDX(IRQn)] & ~(0xFFUL << _BIT_SHIFT(IRQn))) |
    394c:	4c1b      	ldr	r4, [pc, #108]	; (39bc <__NVIC_SetPriority+0xd8>)
    394e:	1dfb      	adds	r3, r7, #7
    3950:	781b      	ldrb	r3, [r3, #0]
    3952:	001a      	movs	r2, r3
    3954:	230f      	movs	r3, #15
    3956:	4013      	ands	r3, r2
    3958:	3b08      	subs	r3, #8
    395a:	0899      	lsrs	r1, r3, #2
    395c:	4a17      	ldr	r2, [pc, #92]	; (39bc <__NVIC_SetPriority+0xd8>)
    395e:	1dfb      	adds	r3, r7, #7
    3960:	781b      	ldrb	r3, [r3, #0]
    3962:	0018      	movs	r0, r3
    3964:	230f      	movs	r3, #15
    3966:	4003      	ands	r3, r0
    3968:	3b08      	subs	r3, #8
    396a:	089b      	lsrs	r3, r3, #2
    396c:	3306      	adds	r3, #6
    396e:	009b      	lsls	r3, r3, #2
    3970:	18d3      	adds	r3, r2, r3
    3972:	3304      	adds	r3, #4
    3974:	681b      	ldr	r3, [r3, #0]
    3976:	1dfa      	adds	r2, r7, #7
    3978:	7812      	ldrb	r2, [r2, #0]
    397a:	0010      	movs	r0, r2
    397c:	2203      	movs	r2, #3
    397e:	4002      	ands	r2, r0
    3980:	00d2      	lsls	r2, r2, #3
    3982:	20ff      	movs	r0, #255	; 0xff
    3984:	4090      	lsls	r0, r2
    3986:	0002      	movs	r2, r0
    3988:	43d2      	mvns	r2, r2
    398a:	401a      	ands	r2, r3
       (((priority << (8U - __NVIC_PRIO_BITS)) & (uint32_t)0xFFUL) << _BIT_SHIFT(IRQn)));
    398c:	683b      	ldr	r3, [r7, #0]
    398e:	019b      	lsls	r3, r3, #6
    3990:	20ff      	movs	r0, #255	; 0xff
    3992:	4018      	ands	r0, r3
    3994:	1dfb      	adds	r3, r7, #7
    3996:	781b      	ldrb	r3, [r3, #0]
    3998:	001d      	movs	r5, r3
    399a:	2303      	movs	r3, #3
    399c:	402b      	ands	r3, r5
    399e:	00db      	lsls	r3, r3, #3
    39a0:	4098      	lsls	r0, r3
    39a2:	0003      	movs	r3, r0
    SCB->SHP[_SHP_IDX(IRQn)] = ((uint32_t)(SCB->SHP[_SHP_IDX(IRQn)] & ~(0xFFUL << _BIT_SHIFT(IRQn))) |
    39a4:	431a      	orrs	r2, r3
    39a6:	1d8b      	adds	r3, r1, #6
    39a8:	009b      	lsls	r3, r3, #2
    39aa:	18e3      	adds	r3, r4, r3
    39ac:	3304      	adds	r3, #4
    39ae:	601a      	str	r2, [r3, #0]
}
    39b0:	46c0      	nop			; (mov r8, r8)
    39b2:	46bd      	mov	sp, r7
    39b4:	b002      	add	sp, #8
    39b6:	bdb0      	pop	{r4, r5, r7, pc}
    39b8:	e000e100 	.word	0xe000e100
    39bc:	e000ed00 	.word	0xe000ed00

000039c0 <system_interrupt_enable>:
 *
 * \param[in] vector Interrupt vector to enable
 */
static inline void system_interrupt_enable(
		const enum system_interrupt_vector vector)
{
    39c0:	b580      	push	{r7, lr}
    39c2:	b082      	sub	sp, #8
    39c4:	af00      	add	r7, sp, #0
    39c6:	0002      	movs	r2, r0
    39c8:	1dfb      	adds	r3, r7, #7
    39ca:	701a      	strb	r2, [r3, #0]
	NVIC->ISER[0] = (uint32_t)(1 << ((uint32_t)vector & 0x0000001f));
    39cc:	4b06      	ldr	r3, [pc, #24]	; (39e8 <system_interrupt_enable+0x28>)
    39ce:	1dfa      	adds	r2, r7, #7
    39d0:	7812      	ldrb	r2, [r2, #0]
    39d2:	0011      	movs	r1, r2
    39d4:	221f      	movs	r2, #31
    39d6:	400a      	ands	r2, r1
    39d8:	2101      	movs	r1, #1
    39da:	4091      	lsls	r1, r2
    39dc:	000a      	movs	r2, r1
    39de:	601a      	str	r2, [r3, #0]
}
    39e0:	46c0      	nop			; (mov r8, r8)
    39e2:	46bd      	mov	sp, r7
    39e4:	b002      	add	sp, #8
    39e6:	bd80      	pop	{r7, pc}
    39e8:	e000e100 	.word	0xe000e100

000039ec <usart_is_syncing>:
 * \retval false  Peripheral is not busy syncing and can be read/written without
 *                stalling the bus
 */
static inline bool usart_is_syncing(
		const struct usart_module *const module)
{
    39ec:	b580      	push	{r7, lr}
    39ee:	b084      	sub	sp, #16
    39f0:	af00      	add	r7, sp, #0
    39f2:	6078      	str	r0, [r7, #4]
	/* Sanity check arguments */
	Assert(module);
	Assert(module->hw);

	SercomUsart *const usart_hw = &(module->hw->USART);
    39f4:	687b      	ldr	r3, [r7, #4]
    39f6:	681b      	ldr	r3, [r3, #0]
    39f8:	60fb      	str	r3, [r7, #12]

#ifdef FEATURE_USART_SYNC_SCHEME_V2
	return (usart_hw->SYNCBUSY.reg);
    39fa:	68fb      	ldr	r3, [r7, #12]
    39fc:	69db      	ldr	r3, [r3, #28]
    39fe:	1e5a      	subs	r2, r3, #1
    3a00:	4193      	sbcs	r3, r2
    3a02:	b2db      	uxtb	r3, r3
#else
	return (usart_hw->STATUS.reg & SERCOM_USART_STATUS_SYNCBUSY);
#endif
}
    3a04:	0018      	movs	r0, r3
    3a06:	46bd      	mov	sp, r7
    3a08:	b004      	add	sp, #16
    3a0a:	bd80      	pop	{r7, pc}

00003a0c <_usart_wait_for_sync>:
 * \internal
 * Waits until synchronization is complete
 */
static inline void _usart_wait_for_sync(
		const struct usart_module *const module)
{
    3a0c:	b580      	push	{r7, lr}
    3a0e:	b082      	sub	sp, #8
    3a10:	af00      	add	r7, sp, #0
    3a12:	6078      	str	r0, [r7, #4]
	/* Sanity check */
	Assert(module);

	while (usart_is_syncing(module)) {
    3a14:	46c0      	nop			; (mov r8, r8)
    3a16:	687b      	ldr	r3, [r7, #4]
    3a18:	0018      	movs	r0, r3
    3a1a:	4b04      	ldr	r3, [pc, #16]	; (3a2c <_usart_wait_for_sync+0x20>)
    3a1c:	4798      	blx	r3
    3a1e:	1e03      	subs	r3, r0, #0
    3a20:	d1f9      	bne.n	3a16 <_usart_wait_for_sync+0xa>
		/* Wait until the synchronization is complete */
	}
}
    3a22:	46c0      	nop			; (mov r8, r8)
    3a24:	46bd      	mov	sp, r7
    3a26:	b002      	add	sp, #8
    3a28:	bd80      	pop	{r7, pc}
    3a2a:	46c0      	nop			; (mov r8, r8)
    3a2c:	000039ed 	.word	0x000039ed

00003a30 <usart_get_config_defaults>:
 *
 * \param[in,out] config  Pointer to configuration struct
 */
static inline void usart_get_config_defaults(
		struct usart_config *const config)
{
    3a30:	b580      	push	{r7, lr}
    3a32:	b082      	sub	sp, #8
    3a34:	af00      	add	r7, sp, #0
    3a36:	6078      	str	r0, [r7, #4]
	/* Sanity check arguments */
	Assert(config);

	/* Set default config in the config struct */
	config->data_order       = USART_DATAORDER_LSB;
    3a38:	687b      	ldr	r3, [r7, #4]
    3a3a:	2280      	movs	r2, #128	; 0x80
    3a3c:	05d2      	lsls	r2, r2, #23
    3a3e:	601a      	str	r2, [r3, #0]
	config->transfer_mode    = USART_TRANSFER_ASYNCHRONOUSLY;
    3a40:	687b      	ldr	r3, [r7, #4]
    3a42:	2200      	movs	r2, #0
    3a44:	605a      	str	r2, [r3, #4]
	config->parity           = USART_PARITY_NONE;
    3a46:	687b      	ldr	r3, [r7, #4]
    3a48:	22ff      	movs	r2, #255	; 0xff
    3a4a:	811a      	strh	r2, [r3, #8]
	config->stopbits         = USART_STOPBITS_1;
    3a4c:	687b      	ldr	r3, [r7, #4]
    3a4e:	2200      	movs	r2, #0
    3a50:	729a      	strb	r2, [r3, #10]
	config->character_size   = USART_CHARACTER_SIZE_8BIT;
    3a52:	687b      	ldr	r3, [r7, #4]
    3a54:	2200      	movs	r2, #0
    3a56:	72da      	strb	r2, [r3, #11]
	config->baudrate         = 9600;
    3a58:	687b      	ldr	r3, [r7, #4]
    3a5a:	2296      	movs	r2, #150	; 0x96
    3a5c:	0192      	lsls	r2, r2, #6
    3a5e:	621a      	str	r2, [r3, #32]
	config->receiver_enable  = true;
    3a60:	687b      	ldr	r3, [r7, #4]
    3a62:	2224      	movs	r2, #36	; 0x24
    3a64:	2101      	movs	r1, #1
    3a66:	5499      	strb	r1, [r3, r2]
	config->transmitter_enable = true;
    3a68:	687b      	ldr	r3, [r7, #4]
    3a6a:	2225      	movs	r2, #37	; 0x25
    3a6c:	2101      	movs	r1, #1
    3a6e:	5499      	strb	r1, [r3, r2]
	config->clock_polarity_inverted = false;
    3a70:	687b      	ldr	r3, [r7, #4]
    3a72:	2226      	movs	r2, #38	; 0x26
    3a74:	2100      	movs	r1, #0
    3a76:	5499      	strb	r1, [r3, r2]
	config->use_external_clock = false;
    3a78:	687b      	ldr	r3, [r7, #4]
    3a7a:	2227      	movs	r2, #39	; 0x27
    3a7c:	2100      	movs	r1, #0
    3a7e:	5499      	strb	r1, [r3, r2]
	config->ext_clock_freq   = 0;
    3a80:	687b      	ldr	r3, [r7, #4]
    3a82:	2200      	movs	r2, #0
    3a84:	629a      	str	r2, [r3, #40]	; 0x28
	config->mux_setting      = USART_RX_1_TX_2_XCK_3;
    3a86:	687b      	ldr	r3, [r7, #4]
    3a88:	2288      	movs	r2, #136	; 0x88
    3a8a:	0352      	lsls	r2, r2, #13
    3a8c:	60da      	str	r2, [r3, #12]
	config->run_in_standby   = false;
    3a8e:	687b      	ldr	r3, [r7, #4]
    3a90:	222c      	movs	r2, #44	; 0x2c
    3a92:	2100      	movs	r1, #0
    3a94:	5499      	strb	r1, [r3, r2]
	config->generator_source = GCLK_GENERATOR_0;
    3a96:	687b      	ldr	r3, [r7, #4]
    3a98:	222d      	movs	r2, #45	; 0x2d
    3a9a:	2100      	movs	r1, #0
    3a9c:	5499      	strb	r1, [r3, r2]
	config->pinmux_pad0      = PINMUX_DEFAULT;
    3a9e:	687b      	ldr	r3, [r7, #4]
    3aa0:	2200      	movs	r2, #0
    3aa2:	631a      	str	r2, [r3, #48]	; 0x30
	config->pinmux_pad1      = PINMUX_DEFAULT;
    3aa4:	687b      	ldr	r3, [r7, #4]
    3aa6:	2200      	movs	r2, #0
    3aa8:	635a      	str	r2, [r3, #52]	; 0x34
	config->pinmux_pad2      = PINMUX_DEFAULT;
    3aaa:	687b      	ldr	r3, [r7, #4]
    3aac:	2200      	movs	r2, #0
    3aae:	639a      	str	r2, [r3, #56]	; 0x38
	config->pinmux_pad3      = PINMUX_DEFAULT;
    3ab0:	687b      	ldr	r3, [r7, #4]
    3ab2:	2200      	movs	r2, #0
    3ab4:	63da      	str	r2, [r3, #60]	; 0x3c
#ifdef FEATURE_USART_OVER_SAMPLE
	config->sample_adjustment     = USART_SAMPLE_ADJUSTMENT_7_8_9;
    3ab6:	687b      	ldr	r3, [r7, #4]
    3ab8:	2200      	movs	r2, #0
    3aba:	615a      	str	r2, [r3, #20]
	config->sample_rate           = USART_SAMPLE_RATE_16X_ARITHMETIC;
    3abc:	687b      	ldr	r3, [r7, #4]
    3abe:	2200      	movs	r2, #0
    3ac0:	821a      	strh	r2, [r3, #16]
#endif
#ifdef FEATURE_USART_LIN_SLAVE
	config->lin_slave_enable      = false;
    3ac2:	687b      	ldr	r3, [r7, #4]
    3ac4:	2200      	movs	r2, #0
    3ac6:	76da      	strb	r2, [r3, #27]
	config->lin_header_delay = LIN_MASTER_HEADER_DELAY_0;
	config->lin_break_length = LIN_MASTER_BREAK_LENGTH_13_BIT;
#endif

#ifdef FEATURE_USART_IMMEDIATE_BUFFER_OVERFLOW_NOTIFICATION
	config->immediate_buffer_overflow_notification  = false;
    3ac8:	687b      	ldr	r3, [r7, #4]
    3aca:	2200      	movs	r2, #0
    3acc:	761a      	strb	r2, [r3, #24]
#endif
#ifdef FEATURE_USART_START_FRAME_DECTION
	config->start_frame_detection_enable            = false;
    3ace:	687b      	ldr	r3, [r7, #4]
    3ad0:	2200      	movs	r2, #0
    3ad2:	771a      	strb	r2, [r3, #28]
#endif
#ifdef FEATURE_USART_IRDA
	config->encoding_format_enable                  = false;
    3ad4:	687b      	ldr	r3, [r7, #4]
    3ad6:	2200      	movs	r2, #0
    3ad8:	765a      	strb	r2, [r3, #25]
	config->receive_pulse_length                    = 19;
    3ada:	687b      	ldr	r3, [r7, #4]
    3adc:	2213      	movs	r2, #19
    3ade:	769a      	strb	r2, [r3, #26]
	config->iso7816_config.inhibit_nack             = ISO7816_INHIBIT_NACK_DISABLE;
	config->iso7816_config.successive_recv_nack     = ISO7816_SUCCESSIVE_RECV_NACK_DISABLE;
	config->iso7816_config.max_iterations           = 7;
#endif
#ifdef FEATURE_USART_COLLISION_DECTION
	config->collision_detection_enable              = false;
    3ae0:	687b      	ldr	r3, [r7, #4]
    3ae2:	2200      	movs	r2, #0
    3ae4:	775a      	strb	r2, [r3, #29]
#endif
#ifdef FEATURE_USART_RS485
	config->rs485_guard_time = RS485_GUARD_TIME_0_BIT;
#endif
}
    3ae6:	46c0      	nop			; (mov r8, r8)
    3ae8:	46bd      	mov	sp, r7
    3aea:	b002      	add	sp, #8
    3aec:	bd80      	pop	{r7, pc}
	...

00003af0 <usart_enable>:
 *
 * \param[in]  module  Pointer to USART software instance struct
 */
static inline void usart_enable(
		const struct usart_module *const module)
{
    3af0:	b580      	push	{r7, lr}
    3af2:	b084      	sub	sp, #16
    3af4:	af00      	add	r7, sp, #0
    3af6:	6078      	str	r0, [r7, #4]
	/* Sanity check arguments */
	Assert(module);
	Assert(module->hw);

	/* Get a pointer to the hardware module instance */
	SercomUsart *const usart_hw = &(module->hw->USART);
    3af8:	687b      	ldr	r3, [r7, #4]
    3afa:	681b      	ldr	r3, [r3, #0]
    3afc:	60fb      	str	r3, [r7, #12]

#if USART_CALLBACK_MODE == true
	/* Enable Global interrupt for module */
	system_interrupt_enable(_sercom_get_interrupt_vector(module->hw));
    3afe:	687b      	ldr	r3, [r7, #4]
    3b00:	681b      	ldr	r3, [r3, #0]
    3b02:	0018      	movs	r0, r3
    3b04:	4b09      	ldr	r3, [pc, #36]	; (3b2c <usart_enable+0x3c>)
    3b06:	4798      	blx	r3
    3b08:	0003      	movs	r3, r0
    3b0a:	0018      	movs	r0, r3
    3b0c:	4b08      	ldr	r3, [pc, #32]	; (3b30 <usart_enable+0x40>)
    3b0e:	4798      	blx	r3
#endif

	/* Wait until synchronization is complete */
	_usart_wait_for_sync(module);
    3b10:	687b      	ldr	r3, [r7, #4]
    3b12:	0018      	movs	r0, r3
    3b14:	4b07      	ldr	r3, [pc, #28]	; (3b34 <usart_enable+0x44>)
    3b16:	4798      	blx	r3

	/* Enable USART module */
	usart_hw->CTRLA.reg |= SERCOM_USART_CTRLA_ENABLE;
    3b18:	68fb      	ldr	r3, [r7, #12]
    3b1a:	681b      	ldr	r3, [r3, #0]
    3b1c:	2202      	movs	r2, #2
    3b1e:	431a      	orrs	r2, r3
    3b20:	68fb      	ldr	r3, [r7, #12]
    3b22:	601a      	str	r2, [r3, #0]
}
    3b24:	46c0      	nop			; (mov r8, r8)
    3b26:	46bd      	mov	sp, r7
    3b28:	b004      	add	sp, #16
    3b2a:	bd80      	pop	{r7, pc}
    3b2c:	00004b49 	.word	0x00004b49
    3b30:	000039c1 	.word	0x000039c1
    3b34:	00003a0d 	.word	0x00003a0d

00003b38 <usart_enable_callback>:
 * \param[in]  callback_type  Callback type given by an enum
 */
static inline void usart_enable_callback(
		struct usart_module *const module,
		enum usart_callback callback_type)
{
    3b38:	b580      	push	{r7, lr}
    3b3a:	b082      	sub	sp, #8
    3b3c:	af00      	add	r7, sp, #0
    3b3e:	6078      	str	r0, [r7, #4]
    3b40:	000a      	movs	r2, r1
    3b42:	1cfb      	adds	r3, r7, #3
    3b44:	701a      	strb	r2, [r3, #0]
	/* Sanity check arguments */
	Assert(module);

	/* Enable callback */
	module->callback_enable_mask |= (1 << callback_type);
    3b46:	687b      	ldr	r3, [r7, #4]
    3b48:	2231      	movs	r2, #49	; 0x31
    3b4a:	5c9b      	ldrb	r3, [r3, r2]
    3b4c:	b25a      	sxtb	r2, r3
    3b4e:	1cfb      	adds	r3, r7, #3
    3b50:	781b      	ldrb	r3, [r3, #0]
    3b52:	2101      	movs	r1, #1
    3b54:	4099      	lsls	r1, r3
    3b56:	000b      	movs	r3, r1
    3b58:	b25b      	sxtb	r3, r3
    3b5a:	4313      	orrs	r3, r2
    3b5c:	b25b      	sxtb	r3, r3
    3b5e:	b2d9      	uxtb	r1, r3
    3b60:	687b      	ldr	r3, [r7, #4]
    3b62:	2231      	movs	r2, #49	; 0x31
    3b64:	5499      	strb	r1, [r3, r2]

}
    3b66:	46c0      	nop			; (mov r8, r8)
    3b68:	46bd      	mov	sp, r7
    3b6a:	b002      	add	sp, #8
    3b6c:	bd80      	pop	{r7, pc}
	...

00003b70 <InitializeSerialConsole>:
*				asynchronous reads and writes. 
* @note			Call from main once to initialize Hardware.
*****************************************************************************/

void InitializeSerialConsole(void)
{
    3b70:	b580      	push	{r7, lr}
    3b72:	af00      	add	r7, sp, #0

	//Initialize circular buffers for RX and TX
	cbufRx = circular_buf_init((uint8_t*)rxCharacterBuffer, RX_BUFFER_SIZE);
    3b74:	2380      	movs	r3, #128	; 0x80
    3b76:	009a      	lsls	r2, r3, #2
    3b78:	4b11      	ldr	r3, [pc, #68]	; (3bc0 <InitializeSerialConsole+0x50>)
    3b7a:	0011      	movs	r1, r2
    3b7c:	0018      	movs	r0, r3
    3b7e:	4b11      	ldr	r3, [pc, #68]	; (3bc4 <InitializeSerialConsole+0x54>)
    3b80:	4798      	blx	r3
    3b82:	0002      	movs	r2, r0
    3b84:	4b10      	ldr	r3, [pc, #64]	; (3bc8 <InitializeSerialConsole+0x58>)
    3b86:	601a      	str	r2, [r3, #0]
	cbufTx = circular_buf_init((uint8_t*)txCharacterBuffer, RX_BUFFER_SIZE);
    3b88:	2380      	movs	r3, #128	; 0x80
    3b8a:	009a      	lsls	r2, r3, #2
    3b8c:	4b0f      	ldr	r3, [pc, #60]	; (3bcc <InitializeSerialConsole+0x5c>)
    3b8e:	0011      	movs	r1, r2
    3b90:	0018      	movs	r0, r3
    3b92:	4b0c      	ldr	r3, [pc, #48]	; (3bc4 <InitializeSerialConsole+0x54>)
    3b94:	4798      	blx	r3
    3b96:	0002      	movs	r2, r0
    3b98:	4b0d      	ldr	r3, [pc, #52]	; (3bd0 <InitializeSerialConsole+0x60>)
    3b9a:	601a      	str	r2, [r3, #0]

	//Configure USART and Callbacks
	configure_usart();
    3b9c:	4b0d      	ldr	r3, [pc, #52]	; (3bd4 <InitializeSerialConsole+0x64>)
    3b9e:	4798      	blx	r3
	configure_usart_callbacks();
    3ba0:	4b0d      	ldr	r3, [pc, #52]	; (3bd8 <InitializeSerialConsole+0x68>)
    3ba2:	4798      	blx	r3
	NVIC_SetPriority(SERCOM4_IRQn, 10);
    3ba4:	210a      	movs	r1, #10
    3ba6:	200d      	movs	r0, #13
    3ba8:	4b0c      	ldr	r3, [pc, #48]	; (3bdc <InitializeSerialConsole+0x6c>)
    3baa:	4798      	blx	r3

	usart_read_buffer_job(&usart_instance, (uint8_t*) &latestRx, 1);	//Kicks off constant reading of characters
    3bac:	490c      	ldr	r1, [pc, #48]	; (3be0 <InitializeSerialConsole+0x70>)
    3bae:	4b0d      	ldr	r3, [pc, #52]	; (3be4 <InitializeSerialConsole+0x74>)
    3bb0:	2201      	movs	r2, #1
    3bb2:	0018      	movs	r0, r3
    3bb4:	4b0c      	ldr	r3, [pc, #48]	; (3be8 <InitializeSerialConsole+0x78>)
    3bb6:	4798      	blx	r3

	//Add any other calls you need to do to initialize your Serial Console
}
    3bb8:	46c0      	nop			; (mov r8, r8)
    3bba:	46bd      	mov	sp, r7
    3bbc:	bd80      	pop	{r7, pc}
    3bbe:	46c0      	nop			; (mov r8, r8)
    3bc0:	20003664 	.word	0x20003664
    3bc4:	000037c5 	.word	0x000037c5
    3bc8:	2000345c 	.word	0x2000345c
    3bcc:	20003464 	.word	0x20003464
    3bd0:	20003868 	.word	0x20003868
    3bd4:	00003d5d 	.word	0x00003d5d
    3bd8:	00003dd5 	.word	0x00003dd5
    3bdc:	000038e5 	.word	0x000038e5
    3be0:	20003460 	.word	0x20003460
    3be4:	20003428 	.word	0x20003428
    3be8:	000046f1 	.word	0x000046f1

00003bec <SerialConsoleWriteString>:
* @brief		Writes a string to be written to the uart. Copies the string to a ring buffer that is used to hold the text send to the uart
* @details		Uses the ringbuffer 'cbufTx', which in turn uses the array 'txCharacterBuffer'
* @note			Use to send a string of characters to the user via UART
*****************************************************************************/
void SerialConsoleWriteString(char * string)
{
    3bec:	b580      	push	{r7, lr}
    3bee:	b084      	sub	sp, #16
    3bf0:	af00      	add	r7, sp, #0
    3bf2:	6078      	str	r0, [r7, #4]
	if(string != NULL)
    3bf4:	687b      	ldr	r3, [r7, #4]
    3bf6:	2b00      	cmp	r3, #0
    3bf8:	d02a      	beq.n	3c50 <SerialConsoleWriteString+0x64>
	{
		for (size_t iter = 0; iter < strlen(string); iter++)
    3bfa:	2300      	movs	r3, #0
    3bfc:	60fb      	str	r3, [r7, #12]
    3bfe:	e00b      	b.n	3c18 <SerialConsoleWriteString+0x2c>
		{
			circular_buf_put(cbufTx, string[iter]);
    3c00:	4b15      	ldr	r3, [pc, #84]	; (3c58 <SerialConsoleWriteString+0x6c>)
    3c02:	6818      	ldr	r0, [r3, #0]
    3c04:	687a      	ldr	r2, [r7, #4]
    3c06:	68fb      	ldr	r3, [r7, #12]
    3c08:	18d3      	adds	r3, r2, r3
    3c0a:	781b      	ldrb	r3, [r3, #0]
    3c0c:	0019      	movs	r1, r3
    3c0e:	4b13      	ldr	r3, [pc, #76]	; (3c5c <SerialConsoleWriteString+0x70>)
    3c10:	4798      	blx	r3
		for (size_t iter = 0; iter < strlen(string); iter++)
    3c12:	68fb      	ldr	r3, [r7, #12]
    3c14:	3301      	adds	r3, #1
    3c16:	60fb      	str	r3, [r7, #12]
    3c18:	687b      	ldr	r3, [r7, #4]
    3c1a:	0018      	movs	r0, r3
    3c1c:	4b10      	ldr	r3, [pc, #64]	; (3c60 <SerialConsoleWriteString+0x74>)
    3c1e:	4798      	blx	r3
    3c20:	0002      	movs	r2, r0
    3c22:	68fb      	ldr	r3, [r7, #12]
    3c24:	429a      	cmp	r2, r3
    3c26:	d8eb      	bhi.n	3c00 <SerialConsoleWriteString+0x14>
		}

		if(usart_get_job_status(&usart_instance, USART_TRANSCEIVER_TX) == STATUS_OK)
    3c28:	4b0e      	ldr	r3, [pc, #56]	; (3c64 <SerialConsoleWriteString+0x78>)
    3c2a:	2101      	movs	r1, #1
    3c2c:	0018      	movs	r0, r3
    3c2e:	4b0e      	ldr	r3, [pc, #56]	; (3c68 <SerialConsoleWriteString+0x7c>)
    3c30:	4798      	blx	r3
    3c32:	1e03      	subs	r3, r0, #0
    3c34:	d10c      	bne.n	3c50 <SerialConsoleWriteString+0x64>
		{
			circular_buf_get(cbufTx, (uint8_t*) &latestTx); //Perform only if the SERCOM TX is free (not busy)
    3c36:	4b08      	ldr	r3, [pc, #32]	; (3c58 <SerialConsoleWriteString+0x6c>)
    3c38:	681b      	ldr	r3, [r3, #0]
    3c3a:	4a0c      	ldr	r2, [pc, #48]	; (3c6c <SerialConsoleWriteString+0x80>)
    3c3c:	0011      	movs	r1, r2
    3c3e:	0018      	movs	r0, r3
    3c40:	4b0b      	ldr	r3, [pc, #44]	; (3c70 <SerialConsoleWriteString+0x84>)
    3c42:	4798      	blx	r3
			usart_write_buffer_job(&usart_instance, (uint8_t*) &latestTx, 1);
    3c44:	4909      	ldr	r1, [pc, #36]	; (3c6c <SerialConsoleWriteString+0x80>)
    3c46:	4b07      	ldr	r3, [pc, #28]	; (3c64 <SerialConsoleWriteString+0x78>)
    3c48:	2201      	movs	r2, #1
    3c4a:	0018      	movs	r0, r3
    3c4c:	4b09      	ldr	r3, [pc, #36]	; (3c74 <SerialConsoleWriteString+0x88>)
    3c4e:	4798      	blx	r3
		}
	}
}
    3c50:	46c0      	nop			; (mov r8, r8)
    3c52:	46bd      	mov	sp, r7
    3c54:	b004      	add	sp, #16
    3c56:	bd80      	pop	{r7, pc}
    3c58:	20003868 	.word	0x20003868
    3c5c:	00003825 	.word	0x00003825
    3c60:	00005b21 	.word	0x00005b21
    3c64:	20003428 	.word	0x20003428
    3c68:	00004739 	.word	0x00004739
    3c6c:	20003864 	.word	0x20003864
    3c70:	00003859 	.word	0x00003859
    3c74:	000046a9 	.word	0x000046a9

00003c78 <SerialConsoleReadCharacter>:
* @param[in]	Pointer to a character. This function will return the character from the RX buffer into this pointer
* @return		Returns -1 if there are no characters in the buffer
* @note			Use to receive characters from the RX buffer (FIFO)
*****************************************************************************/
int SerialConsoleReadCharacter(uint8_t *rxChar)
{
    3c78:	b580      	push	{r7, lr}
    3c7a:	b084      	sub	sp, #16
    3c7c:	af00      	add	r7, sp, #0
    3c7e:	6078      	str	r0, [r7, #4]
	vTaskSuspendAll();
    3c80:	4b08      	ldr	r3, [pc, #32]	; (3ca4 <SerialConsoleReadCharacter+0x2c>)
    3c82:	4798      	blx	r3
	int a = circular_buf_get(cbufRx, (uint8_t*) rxChar);
    3c84:	4b08      	ldr	r3, [pc, #32]	; (3ca8 <SerialConsoleReadCharacter+0x30>)
    3c86:	681b      	ldr	r3, [r3, #0]
    3c88:	687a      	ldr	r2, [r7, #4]
    3c8a:	0011      	movs	r1, r2
    3c8c:	0018      	movs	r0, r3
    3c8e:	4b07      	ldr	r3, [pc, #28]	; (3cac <SerialConsoleReadCharacter+0x34>)
    3c90:	4798      	blx	r3
    3c92:	0003      	movs	r3, r0
    3c94:	60fb      	str	r3, [r7, #12]
	xTaskResumeAll();
    3c96:	4b06      	ldr	r3, [pc, #24]	; (3cb0 <SerialConsoleReadCharacter+0x38>)
    3c98:	4798      	blx	r3
	return a;
    3c9a:	68fb      	ldr	r3, [r7, #12]
}
    3c9c:	0018      	movs	r0, r3
    3c9e:	46bd      	mov	sp, r7
    3ca0:	b004      	add	sp, #16
    3ca2:	bd80      	pop	{r7, pc}
    3ca4:	00002259 	.word	0x00002259
    3ca8:	2000345c 	.word	0x2000345c
    3cac:	00003859 	.word	0x00003859
    3cb0:	00002271 	.word	0x00002271

00003cb4 <getLogLevel>:
* @return		Returns the current debug level of the system.
* @note
*****************************************************************************/

enum eDebugLogLevels getLogLevel(void)
{
    3cb4:	b580      	push	{r7, lr}
    3cb6:	af00      	add	r7, sp, #0
return currentDebugLevel;
    3cb8:	4b02      	ldr	r3, [pc, #8]	; (3cc4 <getLogLevel+0x10>)
    3cba:	781b      	ldrb	r3, [r3, #0]
}
    3cbc:	0018      	movs	r0, r3
    3cbe:	46bd      	mov	sp, r7
    3cc0:	bd80      	pop	{r7, pc}
    3cc2:	46c0      	nop			; (mov r8, r8)
    3cc4:	200033a8 	.word	0x200033a8

00003cc8 <setLogLevel>:
*				Debug logs below the given level will not be allowed to be printed on the system
* @param[in]   debugLevel The debug level to be set for the debug logger
* @note
*****************************************************************************/
void setLogLevel(enum eDebugLogLevels debugLevel)
{
    3cc8:	b580      	push	{r7, lr}
    3cca:	b082      	sub	sp, #8
    3ccc:	af00      	add	r7, sp, #0
    3cce:	0002      	movs	r2, r0
    3cd0:	1dfb      	adds	r3, r7, #7
    3cd2:	701a      	strb	r2, [r3, #0]
currentDebugLevel = debugLevel;
    3cd4:	4b03      	ldr	r3, [pc, #12]	; (3ce4 <setLogLevel+0x1c>)
    3cd6:	1dfa      	adds	r2, r7, #7
    3cd8:	7812      	ldrb	r2, [r2, #0]
    3cda:	701a      	strb	r2, [r3, #0]
}
    3cdc:	46c0      	nop			; (mov r8, r8)
    3cde:	46bd      	mov	sp, r7
    3ce0:	b002      	add	sp, #8
    3ce2:	bd80      	pop	{r7, pc}
    3ce4:	200033a8 	.word	0x200033a8

00003ce8 <LogMessage>:
* @fn			LogMessage (Students to fill out this)
* @brief
* @note
*****************************************************************************/
void LogMessage(enum eDebugLogLevels level, const char *format, ...)
{
    3ce8:	b40e      	push	{r1, r2, r3}
    3cea:	b590      	push	{r4, r7, lr}
    3cec:	b0a6      	sub	sp, #152	; 0x98
    3cee:	af00      	add	r7, sp, #0
    3cf0:	0002      	movs	r2, r0
    3cf2:	1dfb      	adds	r3, r7, #7
    3cf4:	701a      	strb	r2, [r3, #0]
// Get the current log level
enum eDebugLogLevels current_level = getLogLevel();
    3cf6:	2397      	movs	r3, #151	; 0x97
    3cf8:	18fc      	adds	r4, r7, r3
    3cfa:	4b15      	ldr	r3, [pc, #84]	; (3d50 <LogMessage+0x68>)
    3cfc:	4798      	blx	r3
    3cfe:	0003      	movs	r3, r0
    3d00:	7023      	strb	r3, [r4, #0]
// Set a char array to store the string to be printed in the va list
char str[127];
// int value to store the return value from vsprintf
int ret = 0;
    3d02:	2300      	movs	r3, #0
    3d04:	2290      	movs	r2, #144	; 0x90
    3d06:	18ba      	adds	r2, r7, r2
    3d08:	6013      	str	r3, [r2, #0]
// If input level is larger than current level, print the current message
if (level >= current_level)
    3d0a:	1dfa      	adds	r2, r7, #7
    3d0c:	2397      	movs	r3, #151	; 0x97
    3d0e:	18fb      	adds	r3, r7, r3
    3d10:	7812      	ldrb	r2, [r2, #0]
    3d12:	781b      	ldrb	r3, [r3, #0]
    3d14:	429a      	cmp	r2, r3
    3d16:	d314      	bcc.n	3d42 <LogMessage+0x5a>
{
	va_list arg;
	va_start (arg, format);
    3d18:	23a8      	movs	r3, #168	; 0xa8
    3d1a:	18fb      	adds	r3, r7, r3
    3d1c:	60fb      	str	r3, [r7, #12]
	ret = vsprintf(str, format, arg);
    3d1e:	68fa      	ldr	r2, [r7, #12]
    3d20:	23a4      	movs	r3, #164	; 0xa4
    3d22:	18fb      	adds	r3, r7, r3
    3d24:	6819      	ldr	r1, [r3, #0]
    3d26:	2310      	movs	r3, #16
    3d28:	18fb      	adds	r3, r7, r3
    3d2a:	0018      	movs	r0, r3
    3d2c:	4b09      	ldr	r3, [pc, #36]	; (3d54 <LogMessage+0x6c>)
    3d2e:	4798      	blx	r3
    3d30:	0003      	movs	r3, r0
    3d32:	2290      	movs	r2, #144	; 0x90
    3d34:	18ba      	adds	r2, r7, r2
    3d36:	6013      	str	r3, [r2, #0]
	va_end(arg);
	SerialConsoleWriteString(str);
    3d38:	2310      	movs	r3, #16
    3d3a:	18fb      	adds	r3, r7, r3
    3d3c:	0018      	movs	r0, r3
    3d3e:	4b06      	ldr	r3, [pc, #24]	; (3d58 <LogMessage+0x70>)
    3d40:	4798      	blx	r3
	
}
else
{
}
};
    3d42:	46c0      	nop			; (mov r8, r8)
    3d44:	46bd      	mov	sp, r7
    3d46:	b026      	add	sp, #152	; 0x98
    3d48:	bc90      	pop	{r4, r7}
    3d4a:	bc08      	pop	{r3}
    3d4c:	b003      	add	sp, #12
    3d4e:	4718      	bx	r3
    3d50:	00003cb5 	.word	0x00003cb5
    3d54:	00005bad 	.word	0x00005bad
    3d58:	00003bed 	.word	0x00003bed

00003d5c <configure_usart>:
* @fn			static void configure_usart(void)
* @brief		Code to configure the SERCOM "EDBG_CDC_MODULE" to be a UART channel running at 115200 8N1
* @note			
*****************************************************************************/
static void configure_usart(void)
{
    3d5c:	b580      	push	{r7, lr}
    3d5e:	b090      	sub	sp, #64	; 0x40
    3d60:	af00      	add	r7, sp, #0
	struct usart_config config_usart;
	usart_get_config_defaults(&config_usart);
    3d62:	003b      	movs	r3, r7
    3d64:	0018      	movs	r0, r3
    3d66:	4b14      	ldr	r3, [pc, #80]	; (3db8 <configure_usart+0x5c>)
    3d68:	4798      	blx	r3

	config_usart.baudrate    = 115200;
    3d6a:	003b      	movs	r3, r7
    3d6c:	22e1      	movs	r2, #225	; 0xe1
    3d6e:	0252      	lsls	r2, r2, #9
    3d70:	621a      	str	r2, [r3, #32]
	config_usart.mux_setting = EDBG_CDC_SERCOM_MUX_SETTING;
    3d72:	003b      	movs	r3, r7
    3d74:	22c4      	movs	r2, #196	; 0xc4
    3d76:	0392      	lsls	r2, r2, #14
    3d78:	60da      	str	r2, [r3, #12]
	config_usart.pinmux_pad0 = EDBG_CDC_SERCOM_PINMUX_PAD0;
    3d7a:	003b      	movs	r3, r7
    3d7c:	2201      	movs	r2, #1
    3d7e:	4252      	negs	r2, r2
    3d80:	631a      	str	r2, [r3, #48]	; 0x30
	config_usart.pinmux_pad1 = EDBG_CDC_SERCOM_PINMUX_PAD1;
    3d82:	003b      	movs	r3, r7
    3d84:	2201      	movs	r2, #1
    3d86:	4252      	negs	r2, r2
    3d88:	635a      	str	r2, [r3, #52]	; 0x34
	config_usart.pinmux_pad2 = EDBG_CDC_SERCOM_PINMUX_PAD2;
    3d8a:	003b      	movs	r3, r7
    3d8c:	4a0b      	ldr	r2, [pc, #44]	; (3dbc <configure_usart+0x60>)
    3d8e:	639a      	str	r2, [r3, #56]	; 0x38
	config_usart.pinmux_pad3 = EDBG_CDC_SERCOM_PINMUX_PAD3;
    3d90:	003b      	movs	r3, r7
    3d92:	4a0b      	ldr	r2, [pc, #44]	; (3dc0 <configure_usart+0x64>)
    3d94:	63da      	str	r2, [r3, #60]	; 0x3c
	while (usart_init(&usart_instance,
    3d96:	46c0      	nop			; (mov r8, r8)
    3d98:	003a      	movs	r2, r7
    3d9a:	490a      	ldr	r1, [pc, #40]	; (3dc4 <configure_usart+0x68>)
    3d9c:	4b0a      	ldr	r3, [pc, #40]	; (3dc8 <configure_usart+0x6c>)
    3d9e:	0018      	movs	r0, r3
    3da0:	4b0a      	ldr	r3, [pc, #40]	; (3dcc <configure_usart+0x70>)
    3da2:	4798      	blx	r3
    3da4:	1e03      	subs	r3, r0, #0
    3da6:	d1f7      	bne.n	3d98 <configure_usart+0x3c>
					  &config_usart) != STATUS_OK) 
	{

	}
	
	usart_enable(&usart_instance);
    3da8:	4b07      	ldr	r3, [pc, #28]	; (3dc8 <configure_usart+0x6c>)
    3daa:	0018      	movs	r0, r3
    3dac:	4b08      	ldr	r3, [pc, #32]	; (3dd0 <configure_usart+0x74>)
    3dae:	4798      	blx	r3
}
    3db0:	46c0      	nop			; (mov r8, r8)
    3db2:	46bd      	mov	sp, r7
    3db4:	b010      	add	sp, #64	; 0x40
    3db6:	bd80      	pop	{r7, pc}
    3db8:	00003a31 	.word	0x00003a31
    3dbc:	002a0003 	.word	0x002a0003
    3dc0:	002b0003 	.word	0x002b0003
    3dc4:	42001800 	.word	0x42001800
    3dc8:	20003428 	.word	0x20003428
    3dcc:	000042ad 	.word	0x000042ad
    3dd0:	00003af1 	.word	0x00003af1

00003dd4 <configure_usart_callbacks>:
* @fn			static void configure_usart_callbacks(void)
* @brief		Code to register callbacks
* @note
*****************************************************************************/
static void configure_usart_callbacks(void)
{
    3dd4:	b580      	push	{r7, lr}
    3dd6:	af00      	add	r7, sp, #0
	usart_register_callback(&usart_instance,
    3dd8:	490c      	ldr	r1, [pc, #48]	; (3e0c <configure_usart_callbacks+0x38>)
    3dda:	4b0d      	ldr	r3, [pc, #52]	; (3e10 <configure_usart_callbacks+0x3c>)
    3ddc:	2200      	movs	r2, #0
    3dde:	0018      	movs	r0, r3
    3de0:	4b0c      	ldr	r3, [pc, #48]	; (3e14 <configure_usart_callbacks+0x40>)
    3de2:	4798      	blx	r3
							usart_write_callback, 
							USART_CALLBACK_BUFFER_TRANSMITTED);
	usart_register_callback(&usart_instance,
    3de4:	490c      	ldr	r1, [pc, #48]	; (3e18 <configure_usart_callbacks+0x44>)
    3de6:	4b0a      	ldr	r3, [pc, #40]	; (3e10 <configure_usart_callbacks+0x3c>)
    3de8:	2201      	movs	r2, #1
    3dea:	0018      	movs	r0, r3
    3dec:	4b09      	ldr	r3, [pc, #36]	; (3e14 <configure_usart_callbacks+0x40>)
    3dee:	4798      	blx	r3
							usart_read_callback, 
							USART_CALLBACK_BUFFER_RECEIVED);
	usart_enable_callback(&usart_instance, USART_CALLBACK_BUFFER_TRANSMITTED);
    3df0:	4b07      	ldr	r3, [pc, #28]	; (3e10 <configure_usart_callbacks+0x3c>)
    3df2:	2100      	movs	r1, #0
    3df4:	0018      	movs	r0, r3
    3df6:	4b09      	ldr	r3, [pc, #36]	; (3e1c <configure_usart_callbacks+0x48>)
    3df8:	4798      	blx	r3
	usart_enable_callback(&usart_instance, USART_CALLBACK_BUFFER_RECEIVED);
    3dfa:	4b05      	ldr	r3, [pc, #20]	; (3e10 <configure_usart_callbacks+0x3c>)
    3dfc:	2101      	movs	r1, #1
    3dfe:	0018      	movs	r0, r3
    3e00:	4b06      	ldr	r3, [pc, #24]	; (3e1c <configure_usart_callbacks+0x48>)
    3e02:	4798      	blx	r3
}
    3e04:	46c0      	nop			; (mov r8, r8)
    3e06:	46bd      	mov	sp, r7
    3e08:	bd80      	pop	{r7, pc}
    3e0a:	46c0      	nop			; (mov r8, r8)
    3e0c:	00003e95 	.word	0x00003e95
    3e10:	20003428 	.word	0x20003428
    3e14:	00004661 	.word	0x00004661
    3e18:	00003e21 	.word	0x00003e21
    3e1c:	00003b39 	.word	0x00003b39

00003e20 <usart_read_callback>:
* @brief		Callback called when the system finishes receives all the bytes requested from a UART read job
		Students to fill out. Please note that the code here is dummy code. It is only used to show you how some functions work.
* @note
*****************************************************************************/
void usart_read_callback(struct usart_module *const usart_module)
{
    3e20:	b590      	push	{r4, r7, lr}
    3e22:	b085      	sub	sp, #20
    3e24:	af00      	add	r7, sp, #0
    3e26:	6078      	str	r0, [r7, #4]
	//Order Echo
	//SerialConsoleWriteString(&latestRx);
	circular_buf_put(cbufRx, (uint8_t) latestRx); //Add the latest read character into the RX circular Buffer
    3e28:	4b12      	ldr	r3, [pc, #72]	; (3e74 <usart_read_callback+0x54>)
    3e2a:	681a      	ldr	r2, [r3, #0]
    3e2c:	4b12      	ldr	r3, [pc, #72]	; (3e78 <usart_read_callback+0x58>)
    3e2e:	781b      	ldrb	r3, [r3, #0]
    3e30:	0019      	movs	r1, r3
    3e32:	0010      	movs	r0, r2
    3e34:	4b11      	ldr	r3, [pc, #68]	; (3e7c <usart_read_callback+0x5c>)
    3e36:	4798      	blx	r3
	usart_read_buffer_job(&usart_instance, (uint8_t*) &latestRx, 1);	//Order the MCU to keep reading
    3e38:	490f      	ldr	r1, [pc, #60]	; (3e78 <usart_read_callback+0x58>)
    3e3a:	4b11      	ldr	r3, [pc, #68]	; (3e80 <usart_read_callback+0x60>)
    3e3c:	2201      	movs	r2, #1
    3e3e:	0018      	movs	r0, r3
    3e40:	4b10      	ldr	r3, [pc, #64]	; (3e84 <usart_read_callback+0x64>)
    3e42:	4798      	blx	r3

	char *rx1;
	SerialConsoleReadCharacter(&rx1);
    3e44:	230c      	movs	r3, #12
    3e46:	18fb      	adds	r3, r7, r3
    3e48:	0018      	movs	r0, r3
    3e4a:	4b0f      	ldr	r3, [pc, #60]	; (3e88 <usart_read_callback+0x68>)
    3e4c:	4798      	blx	r3

	//Add latest character again, just to try getting it out again
	circular_buf_put(cbufRx, (uint8_t) latestRx); //Add the latest read character into the RX circular Buffer
    3e4e:	4b09      	ldr	r3, [pc, #36]	; (3e74 <usart_read_callback+0x54>)
    3e50:	681a      	ldr	r2, [r3, #0]
    3e52:	4b09      	ldr	r3, [pc, #36]	; (3e78 <usart_read_callback+0x58>)
    3e54:	781b      	ldrb	r3, [r3, #0]
    3e56:	0019      	movs	r1, r3
    3e58:	0010      	movs	r0, r2
    3e5a:	4b08      	ldr	r3, [pc, #32]	; (3e7c <usart_read_callback+0x5c>)
    3e5c:	4798      	blx	r3

	//Try method 2
	//char rx2;
	//SerialConsoleReadCharacter(&rx2);
	xSemaphoreGive(BufferSemaphore);
    3e5e:	4b0b      	ldr	r3, [pc, #44]	; (3e8c <usart_read_callback+0x6c>)
    3e60:	6818      	ldr	r0, [r3, #0]
    3e62:	2300      	movs	r3, #0
    3e64:	2200      	movs	r2, #0
    3e66:	2100      	movs	r1, #0
    3e68:	4c09      	ldr	r4, [pc, #36]	; (3e90 <usart_read_callback+0x70>)
    3e6a:	47a0      	blx	r4
}
    3e6c:	46c0      	nop			; (mov r8, r8)
    3e6e:	46bd      	mov	sp, r7
    3e70:	b005      	add	sp, #20
    3e72:	bd90      	pop	{r4, r7, pc}
    3e74:	2000345c 	.word	0x2000345c
    3e78:	20003460 	.word	0x20003460
    3e7c:	00003825 	.word	0x00003825
    3e80:	20003428 	.word	0x20003428
    3e84:	000046f1 	.word	0x000046f1
    3e88:	00003c79 	.word	0x00003c79
    3e8c:	20003240 	.word	0x20003240
    3e90:	000014d9 	.word	0x000014d9

00003e94 <usart_write_callback>:
* @fn			void usart_write_callback(struct usart_module *const usart_module)
* @brief		Callback called when the system finishes sending all the bytes requested from a UART read job
* @note
*****************************************************************************/
void usart_write_callback(struct usart_module *const usart_module)
{
    3e94:	b580      	push	{r7, lr}
    3e96:	b082      	sub	sp, #8
    3e98:	af00      	add	r7, sp, #0
    3e9a:	6078      	str	r0, [r7, #4]
	if(circular_buf_get(cbufTx, (uint8_t*) &latestTx) != -1) //Only continue if there are more characters to send
    3e9c:	4b09      	ldr	r3, [pc, #36]	; (3ec4 <usart_write_callback+0x30>)
    3e9e:	681b      	ldr	r3, [r3, #0]
    3ea0:	4a09      	ldr	r2, [pc, #36]	; (3ec8 <usart_write_callback+0x34>)
    3ea2:	0011      	movs	r1, r2
    3ea4:	0018      	movs	r0, r3
    3ea6:	4b09      	ldr	r3, [pc, #36]	; (3ecc <usart_write_callback+0x38>)
    3ea8:	4798      	blx	r3
    3eaa:	0003      	movs	r3, r0
    3eac:	3301      	adds	r3, #1
    3eae:	d005      	beq.n	3ebc <usart_write_callback+0x28>
	{
		usart_write_buffer_job(&usart_instance, (uint8_t*) &latestTx, 1);
    3eb0:	4905      	ldr	r1, [pc, #20]	; (3ec8 <usart_write_callback+0x34>)
    3eb2:	4b07      	ldr	r3, [pc, #28]	; (3ed0 <usart_write_callback+0x3c>)
    3eb4:	2201      	movs	r2, #1
    3eb6:	0018      	movs	r0, r3
    3eb8:	4b06      	ldr	r3, [pc, #24]	; (3ed4 <usart_write_callback+0x40>)
    3eba:	4798      	blx	r3
	}
	
}
    3ebc:	46c0      	nop			; (mov r8, r8)
    3ebe:	46bd      	mov	sp, r7
    3ec0:	b002      	add	sp, #8
    3ec2:	bd80      	pop	{r7, pc}
    3ec4:	20003868 	.word	0x20003868
    3ec8:	20003864 	.word	0x20003864
    3ecc:	00003859 	.word	0x00003859
    3ed0:	20003428 	.word	0x20003428
    3ed4:	000046a9 	.word	0x000046a9

00003ed8 <system_gclk_chan_get_config_defaults>:
    3ed8:	b580      	push	{r7, lr}
    3eda:	b082      	sub	sp, #8
    3edc:	af00      	add	r7, sp, #0
    3ede:	6078      	str	r0, [r7, #4]
    3ee0:	687b      	ldr	r3, [r7, #4]
    3ee2:	2200      	movs	r2, #0
    3ee4:	701a      	strb	r2, [r3, #0]
    3ee6:	46c0      	nop			; (mov r8, r8)
    3ee8:	46bd      	mov	sp, r7
    3eea:	b002      	add	sp, #8
    3eec:	bd80      	pop	{r7, pc}
	...

00003ef0 <system_apb_clock_set_mask>:
    3ef0:	b580      	push	{r7, lr}
    3ef2:	b082      	sub	sp, #8
    3ef4:	af00      	add	r7, sp, #0
    3ef6:	0002      	movs	r2, r0
    3ef8:	6039      	str	r1, [r7, #0]
    3efa:	1dfb      	adds	r3, r7, #7
    3efc:	701a      	strb	r2, [r3, #0]
    3efe:	1dfb      	adds	r3, r7, #7
    3f00:	781b      	ldrb	r3, [r3, #0]
    3f02:	2b01      	cmp	r3, #1
    3f04:	d00a      	beq.n	3f1c <system_apb_clock_set_mask+0x2c>
    3f06:	2b02      	cmp	r3, #2
    3f08:	d00f      	beq.n	3f2a <system_apb_clock_set_mask+0x3a>
    3f0a:	2b00      	cmp	r3, #0
    3f0c:	d114      	bne.n	3f38 <system_apb_clock_set_mask+0x48>
    3f0e:	4b0e      	ldr	r3, [pc, #56]	; (3f48 <system_apb_clock_set_mask+0x58>)
    3f10:	4a0d      	ldr	r2, [pc, #52]	; (3f48 <system_apb_clock_set_mask+0x58>)
    3f12:	6991      	ldr	r1, [r2, #24]
    3f14:	683a      	ldr	r2, [r7, #0]
    3f16:	430a      	orrs	r2, r1
    3f18:	619a      	str	r2, [r3, #24]
    3f1a:	e00f      	b.n	3f3c <system_apb_clock_set_mask+0x4c>
    3f1c:	4b0a      	ldr	r3, [pc, #40]	; (3f48 <system_apb_clock_set_mask+0x58>)
    3f1e:	4a0a      	ldr	r2, [pc, #40]	; (3f48 <system_apb_clock_set_mask+0x58>)
    3f20:	69d1      	ldr	r1, [r2, #28]
    3f22:	683a      	ldr	r2, [r7, #0]
    3f24:	430a      	orrs	r2, r1
    3f26:	61da      	str	r2, [r3, #28]
    3f28:	e008      	b.n	3f3c <system_apb_clock_set_mask+0x4c>
    3f2a:	4b07      	ldr	r3, [pc, #28]	; (3f48 <system_apb_clock_set_mask+0x58>)
    3f2c:	4a06      	ldr	r2, [pc, #24]	; (3f48 <system_apb_clock_set_mask+0x58>)
    3f2e:	6a11      	ldr	r1, [r2, #32]
    3f30:	683a      	ldr	r2, [r7, #0]
    3f32:	430a      	orrs	r2, r1
    3f34:	621a      	str	r2, [r3, #32]
    3f36:	e001      	b.n	3f3c <system_apb_clock_set_mask+0x4c>
    3f38:	2317      	movs	r3, #23
    3f3a:	e000      	b.n	3f3e <system_apb_clock_set_mask+0x4e>
    3f3c:	2300      	movs	r3, #0
    3f3e:	0018      	movs	r0, r3
    3f40:	46bd      	mov	sp, r7
    3f42:	b002      	add	sp, #8
    3f44:	bd80      	pop	{r7, pc}
    3f46:	46c0      	nop			; (mov r8, r8)
    3f48:	40000400 	.word	0x40000400

00003f4c <system_pinmux_get_config_defaults>:
    3f4c:	b580      	push	{r7, lr}
    3f4e:	b082      	sub	sp, #8
    3f50:	af00      	add	r7, sp, #0
    3f52:	6078      	str	r0, [r7, #4]
    3f54:	687b      	ldr	r3, [r7, #4]
    3f56:	2280      	movs	r2, #128	; 0x80
    3f58:	701a      	strb	r2, [r3, #0]
    3f5a:	687b      	ldr	r3, [r7, #4]
    3f5c:	2200      	movs	r2, #0
    3f5e:	705a      	strb	r2, [r3, #1]
    3f60:	687b      	ldr	r3, [r7, #4]
    3f62:	2201      	movs	r2, #1
    3f64:	709a      	strb	r2, [r3, #2]
    3f66:	687b      	ldr	r3, [r7, #4]
    3f68:	2200      	movs	r2, #0
    3f6a:	70da      	strb	r2, [r3, #3]
    3f6c:	46c0      	nop			; (mov r8, r8)
    3f6e:	46bd      	mov	sp, r7
    3f70:	b002      	add	sp, #8
    3f72:	bd80      	pop	{r7, pc}

00003f74 <system_is_debugger_present>:
    3f74:	b580      	push	{r7, lr}
    3f76:	af00      	add	r7, sp, #0
    3f78:	4b05      	ldr	r3, [pc, #20]	; (3f90 <system_is_debugger_present+0x1c>)
    3f7a:	789b      	ldrb	r3, [r3, #2]
    3f7c:	b2db      	uxtb	r3, r3
    3f7e:	001a      	movs	r2, r3
    3f80:	2302      	movs	r3, #2
    3f82:	4013      	ands	r3, r2
    3f84:	1e5a      	subs	r2, r3, #1
    3f86:	4193      	sbcs	r3, r2
    3f88:	b2db      	uxtb	r3, r3
    3f8a:	0018      	movs	r0, r3
    3f8c:	46bd      	mov	sp, r7
    3f8e:	bd80      	pop	{r7, pc}
    3f90:	41002000 	.word	0x41002000

00003f94 <usart_is_syncing>:
    3f94:	b580      	push	{r7, lr}
    3f96:	b084      	sub	sp, #16
    3f98:	af00      	add	r7, sp, #0
    3f9a:	6078      	str	r0, [r7, #4]
    3f9c:	687b      	ldr	r3, [r7, #4]
    3f9e:	681b      	ldr	r3, [r3, #0]
    3fa0:	60fb      	str	r3, [r7, #12]
    3fa2:	68fb      	ldr	r3, [r7, #12]
    3fa4:	69db      	ldr	r3, [r3, #28]
    3fa6:	1e5a      	subs	r2, r3, #1
    3fa8:	4193      	sbcs	r3, r2
    3faa:	b2db      	uxtb	r3, r3
    3fac:	0018      	movs	r0, r3
    3fae:	46bd      	mov	sp, r7
    3fb0:	b004      	add	sp, #16
    3fb2:	bd80      	pop	{r7, pc}

00003fb4 <_usart_wait_for_sync>:
    3fb4:	b580      	push	{r7, lr}
    3fb6:	b082      	sub	sp, #8
    3fb8:	af00      	add	r7, sp, #0
    3fba:	6078      	str	r0, [r7, #4]
    3fbc:	46c0      	nop			; (mov r8, r8)
    3fbe:	687b      	ldr	r3, [r7, #4]
    3fc0:	0018      	movs	r0, r3
    3fc2:	4b04      	ldr	r3, [pc, #16]	; (3fd4 <_usart_wait_for_sync+0x20>)
    3fc4:	4798      	blx	r3
    3fc6:	1e03      	subs	r3, r0, #0
    3fc8:	d1f9      	bne.n	3fbe <_usart_wait_for_sync+0xa>
    3fca:	46c0      	nop			; (mov r8, r8)
    3fcc:	46bd      	mov	sp, r7
    3fce:	b002      	add	sp, #8
    3fd0:	bd80      	pop	{r7, pc}
    3fd2:	46c0      	nop			; (mov r8, r8)
    3fd4:	00003f95 	.word	0x00003f95

00003fd8 <_usart_set_config>:
    3fd8:	b5b0      	push	{r4, r5, r7, lr}
    3fda:	b08c      	sub	sp, #48	; 0x30
    3fdc:	af02      	add	r7, sp, #8
    3fde:	6078      	str	r0, [r7, #4]
    3fe0:	6039      	str	r1, [r7, #0]
    3fe2:	687b      	ldr	r3, [r7, #4]
    3fe4:	681b      	ldr	r3, [r3, #0]
    3fe6:	61bb      	str	r3, [r7, #24]
    3fe8:	687b      	ldr	r3, [r7, #4]
    3fea:	681b      	ldr	r3, [r3, #0]
    3fec:	0018      	movs	r0, r3
    3fee:	4ba9      	ldr	r3, [pc, #676]	; (4294 <_usart_set_config+0x2bc>)
    3ff0:	4798      	blx	r3
    3ff2:	0003      	movs	r3, r0
    3ff4:	617b      	str	r3, [r7, #20]
    3ff6:	697b      	ldr	r3, [r7, #20]
    3ff8:	3314      	adds	r3, #20
    3ffa:	613b      	str	r3, [r7, #16]
    3ffc:	2300      	movs	r3, #0
    3ffe:	627b      	str	r3, [r7, #36]	; 0x24
    4000:	2300      	movs	r3, #0
    4002:	623b      	str	r3, [r7, #32]
    4004:	230a      	movs	r3, #10
    4006:	18fb      	adds	r3, r7, r3
    4008:	2200      	movs	r2, #0
    400a:	801a      	strh	r2, [r3, #0]
    400c:	231f      	movs	r3, #31
    400e:	18fb      	adds	r3, r7, r3
    4010:	2200      	movs	r2, #0
    4012:	701a      	strb	r2, [r3, #0]
    4014:	231e      	movs	r3, #30
    4016:	18fb      	adds	r3, r7, r3
    4018:	2210      	movs	r2, #16
    401a:	701a      	strb	r2, [r3, #0]
    401c:	683b      	ldr	r3, [r7, #0]
    401e:	8a1b      	ldrh	r3, [r3, #16]
    4020:	2280      	movs	r2, #128	; 0x80
    4022:	01d2      	lsls	r2, r2, #7
    4024:	4293      	cmp	r3, r2
    4026:	d01c      	beq.n	4062 <_usart_set_config+0x8a>
    4028:	2280      	movs	r2, #128	; 0x80
    402a:	01d2      	lsls	r2, r2, #7
    402c:	4293      	cmp	r3, r2
    402e:	dc06      	bgt.n	403e <_usart_set_config+0x66>
    4030:	2b00      	cmp	r3, #0
    4032:	d00d      	beq.n	4050 <_usart_set_config+0x78>
    4034:	2280      	movs	r2, #128	; 0x80
    4036:	0192      	lsls	r2, r2, #6
    4038:	4293      	cmp	r3, r2
    403a:	d024      	beq.n	4086 <_usart_set_config+0xae>
    403c:	e035      	b.n	40aa <_usart_set_config+0xd2>
    403e:	22c0      	movs	r2, #192	; 0xc0
    4040:	01d2      	lsls	r2, r2, #7
    4042:	4293      	cmp	r3, r2
    4044:	d028      	beq.n	4098 <_usart_set_config+0xc0>
    4046:	2280      	movs	r2, #128	; 0x80
    4048:	0212      	lsls	r2, r2, #8
    404a:	4293      	cmp	r3, r2
    404c:	d012      	beq.n	4074 <_usart_set_config+0x9c>
    404e:	e02c      	b.n	40aa <_usart_set_config+0xd2>
    4050:	231f      	movs	r3, #31
    4052:	18fb      	adds	r3, r7, r3
    4054:	2200      	movs	r2, #0
    4056:	701a      	strb	r2, [r3, #0]
    4058:	231e      	movs	r3, #30
    405a:	18fb      	adds	r3, r7, r3
    405c:	2210      	movs	r2, #16
    405e:	701a      	strb	r2, [r3, #0]
    4060:	e023      	b.n	40aa <_usart_set_config+0xd2>
    4062:	231f      	movs	r3, #31
    4064:	18fb      	adds	r3, r7, r3
    4066:	2200      	movs	r2, #0
    4068:	701a      	strb	r2, [r3, #0]
    406a:	231e      	movs	r3, #30
    406c:	18fb      	adds	r3, r7, r3
    406e:	2208      	movs	r2, #8
    4070:	701a      	strb	r2, [r3, #0]
    4072:	e01a      	b.n	40aa <_usart_set_config+0xd2>
    4074:	231f      	movs	r3, #31
    4076:	18fb      	adds	r3, r7, r3
    4078:	2200      	movs	r2, #0
    407a:	701a      	strb	r2, [r3, #0]
    407c:	231e      	movs	r3, #30
    407e:	18fb      	adds	r3, r7, r3
    4080:	2203      	movs	r2, #3
    4082:	701a      	strb	r2, [r3, #0]
    4084:	e011      	b.n	40aa <_usart_set_config+0xd2>
    4086:	231f      	movs	r3, #31
    4088:	18fb      	adds	r3, r7, r3
    408a:	2201      	movs	r2, #1
    408c:	701a      	strb	r2, [r3, #0]
    408e:	231e      	movs	r3, #30
    4090:	18fb      	adds	r3, r7, r3
    4092:	2210      	movs	r2, #16
    4094:	701a      	strb	r2, [r3, #0]
    4096:	e008      	b.n	40aa <_usart_set_config+0xd2>
    4098:	231f      	movs	r3, #31
    409a:	18fb      	adds	r3, r7, r3
    409c:	2201      	movs	r2, #1
    409e:	701a      	strb	r2, [r3, #0]
    40a0:	231e      	movs	r3, #30
    40a2:	18fb      	adds	r3, r7, r3
    40a4:	2208      	movs	r2, #8
    40a6:	701a      	strb	r2, [r3, #0]
    40a8:	46c0      	nop			; (mov r8, r8)
    40aa:	683b      	ldr	r3, [r7, #0]
    40ac:	681a      	ldr	r2, [r3, #0]
    40ae:	683b      	ldr	r3, [r7, #0]
    40b0:	68db      	ldr	r3, [r3, #12]
    40b2:	431a      	orrs	r2, r3
    40b4:	683b      	ldr	r3, [r7, #0]
    40b6:	695b      	ldr	r3, [r3, #20]
    40b8:	4313      	orrs	r3, r2
    40ba:	683a      	ldr	r2, [r7, #0]
    40bc:	8a12      	ldrh	r2, [r2, #16]
    40be:	4313      	orrs	r3, r2
    40c0:	683a      	ldr	r2, [r7, #0]
    40c2:	7e12      	ldrb	r2, [r2, #24]
    40c4:	0212      	lsls	r2, r2, #8
    40c6:	4313      	orrs	r3, r2
    40c8:	683a      	ldr	r2, [r7, #0]
    40ca:	2126      	movs	r1, #38	; 0x26
    40cc:	5c52      	ldrb	r2, [r2, r1]
    40ce:	0752      	lsls	r2, r2, #29
    40d0:	4313      	orrs	r3, r2
    40d2:	627b      	str	r3, [r7, #36]	; 0x24
    40d4:	231d      	movs	r3, #29
    40d6:	18fb      	adds	r3, r7, r3
    40d8:	2200      	movs	r2, #0
    40da:	701a      	strb	r2, [r3, #0]
    40dc:	683b      	ldr	r3, [r7, #0]
    40de:	685b      	ldr	r3, [r3, #4]
    40e0:	60fb      	str	r3, [r7, #12]
    40e2:	68fb      	ldr	r3, [r7, #12]
    40e4:	2b00      	cmp	r3, #0
    40e6:	d01e      	beq.n	4126 <_usart_set_config+0x14e>
    40e8:	2280      	movs	r2, #128	; 0x80
    40ea:	0552      	lsls	r2, r2, #21
    40ec:	4293      	cmp	r3, r2
    40ee:	d14f      	bne.n	4190 <_usart_set_config+0x1b8>
    40f0:	683b      	ldr	r3, [r7, #0]
    40f2:	2227      	movs	r2, #39	; 0x27
    40f4:	5c9b      	ldrb	r3, [r3, r2]
    40f6:	2201      	movs	r2, #1
    40f8:	4053      	eors	r3, r2
    40fa:	b2db      	uxtb	r3, r3
    40fc:	2b00      	cmp	r3, #0
    40fe:	d046      	beq.n	418e <_usart_set_config+0x1b6>
    4100:	683b      	ldr	r3, [r7, #0]
    4102:	6a1d      	ldr	r5, [r3, #32]
    4104:	693b      	ldr	r3, [r7, #16]
    4106:	b2db      	uxtb	r3, r3
    4108:	0018      	movs	r0, r3
    410a:	4b63      	ldr	r3, [pc, #396]	; (4298 <_usart_set_config+0x2c0>)
    410c:	4798      	blx	r3
    410e:	0001      	movs	r1, r0
    4110:	231d      	movs	r3, #29
    4112:	18fc      	adds	r4, r7, r3
    4114:	230a      	movs	r3, #10
    4116:	18fb      	adds	r3, r7, r3
    4118:	001a      	movs	r2, r3
    411a:	0028      	movs	r0, r5
    411c:	4b5f      	ldr	r3, [pc, #380]	; (429c <_usart_set_config+0x2c4>)
    411e:	4798      	blx	r3
    4120:	0003      	movs	r3, r0
    4122:	7023      	strb	r3, [r4, #0]
    4124:	e033      	b.n	418e <_usart_set_config+0x1b6>
    4126:	683b      	ldr	r3, [r7, #0]
    4128:	2227      	movs	r2, #39	; 0x27
    412a:	5c9b      	ldrb	r3, [r3, r2]
    412c:	2b00      	cmp	r3, #0
    412e:	d014      	beq.n	415a <_usart_set_config+0x182>
    4130:	683b      	ldr	r3, [r7, #0]
    4132:	6a18      	ldr	r0, [r3, #32]
    4134:	683b      	ldr	r3, [r7, #0]
    4136:	6a99      	ldr	r1, [r3, #40]	; 0x28
    4138:	231d      	movs	r3, #29
    413a:	18fc      	adds	r4, r7, r3
    413c:	231f      	movs	r3, #31
    413e:	18fb      	adds	r3, r7, r3
    4140:	781d      	ldrb	r5, [r3, #0]
    4142:	230a      	movs	r3, #10
    4144:	18fa      	adds	r2, r7, r3
    4146:	231e      	movs	r3, #30
    4148:	18fb      	adds	r3, r7, r3
    414a:	781b      	ldrb	r3, [r3, #0]
    414c:	9300      	str	r3, [sp, #0]
    414e:	002b      	movs	r3, r5
    4150:	4d53      	ldr	r5, [pc, #332]	; (42a0 <_usart_set_config+0x2c8>)
    4152:	47a8      	blx	r5
    4154:	0003      	movs	r3, r0
    4156:	7023      	strb	r3, [r4, #0]
    4158:	e01a      	b.n	4190 <_usart_set_config+0x1b8>
    415a:	683b      	ldr	r3, [r7, #0]
    415c:	6a1d      	ldr	r5, [r3, #32]
    415e:	693b      	ldr	r3, [r7, #16]
    4160:	b2db      	uxtb	r3, r3
    4162:	0018      	movs	r0, r3
    4164:	4b4c      	ldr	r3, [pc, #304]	; (4298 <_usart_set_config+0x2c0>)
    4166:	4798      	blx	r3
    4168:	231d      	movs	r3, #29
    416a:	18fc      	adds	r4, r7, r3
    416c:	231f      	movs	r3, #31
    416e:	18fb      	adds	r3, r7, r3
    4170:	7819      	ldrb	r1, [r3, #0]
    4172:	230a      	movs	r3, #10
    4174:	18fa      	adds	r2, r7, r3
    4176:	231e      	movs	r3, #30
    4178:	18fb      	adds	r3, r7, r3
    417a:	781b      	ldrb	r3, [r3, #0]
    417c:	9300      	str	r3, [sp, #0]
    417e:	000b      	movs	r3, r1
    4180:	0001      	movs	r1, r0
    4182:	0028      	movs	r0, r5
    4184:	4d46      	ldr	r5, [pc, #280]	; (42a0 <_usart_set_config+0x2c8>)
    4186:	47a8      	blx	r5
    4188:	0003      	movs	r3, r0
    418a:	7023      	strb	r3, [r4, #0]
    418c:	e000      	b.n	4190 <_usart_set_config+0x1b8>
    418e:	46c0      	nop			; (mov r8, r8)
    4190:	231d      	movs	r3, #29
    4192:	18fb      	adds	r3, r7, r3
    4194:	781b      	ldrb	r3, [r3, #0]
    4196:	2b00      	cmp	r3, #0
    4198:	d003      	beq.n	41a2 <_usart_set_config+0x1ca>
    419a:	231d      	movs	r3, #29
    419c:	18fb      	adds	r3, r7, r3
    419e:	781b      	ldrb	r3, [r3, #0]
    41a0:	e073      	b.n	428a <_usart_set_config+0x2b2>
    41a2:	683b      	ldr	r3, [r7, #0]
    41a4:	7e5b      	ldrb	r3, [r3, #25]
    41a6:	2b00      	cmp	r3, #0
    41a8:	d003      	beq.n	41b2 <_usart_set_config+0x1da>
    41aa:	683b      	ldr	r3, [r7, #0]
    41ac:	7e9a      	ldrb	r2, [r3, #26]
    41ae:	69bb      	ldr	r3, [r7, #24]
    41b0:	739a      	strb	r2, [r3, #14]
    41b2:	230a      	movs	r3, #10
    41b4:	18fb      	adds	r3, r7, r3
    41b6:	881a      	ldrh	r2, [r3, #0]
    41b8:	69bb      	ldr	r3, [r7, #24]
    41ba:	819a      	strh	r2, [r3, #12]
    41bc:	6a7a      	ldr	r2, [r7, #36]	; 0x24
    41be:	68fb      	ldr	r3, [r7, #12]
    41c0:	4313      	orrs	r3, r2
    41c2:	627b      	str	r3, [r7, #36]	; 0x24
    41c4:	683b      	ldr	r3, [r7, #0]
    41c6:	2227      	movs	r2, #39	; 0x27
    41c8:	5c9b      	ldrb	r3, [r3, r2]
    41ca:	2201      	movs	r2, #1
    41cc:	4053      	eors	r3, r2
    41ce:	b2db      	uxtb	r3, r3
    41d0:	2b00      	cmp	r3, #0
    41d2:	d003      	beq.n	41dc <_usart_set_config+0x204>
    41d4:	6a7b      	ldr	r3, [r7, #36]	; 0x24
    41d6:	2204      	movs	r2, #4
    41d8:	4313      	orrs	r3, r2
    41da:	627b      	str	r3, [r7, #36]	; 0x24
    41dc:	683b      	ldr	r3, [r7, #0]
    41de:	7e5b      	ldrb	r3, [r3, #25]
    41e0:	029a      	lsls	r2, r3, #10
    41e2:	683b      	ldr	r3, [r7, #0]
    41e4:	7f1b      	ldrb	r3, [r3, #28]
    41e6:	025b      	lsls	r3, r3, #9
    41e8:	431a      	orrs	r2, r3
    41ea:	683b      	ldr	r3, [r7, #0]
    41ec:	7f5b      	ldrb	r3, [r3, #29]
    41ee:	021b      	lsls	r3, r3, #8
    41f0:	431a      	orrs	r2, r3
    41f2:	683b      	ldr	r3, [r7, #0]
    41f4:	2124      	movs	r1, #36	; 0x24
    41f6:	5c5b      	ldrb	r3, [r3, r1]
    41f8:	045b      	lsls	r3, r3, #17
    41fa:	431a      	orrs	r2, r3
    41fc:	683b      	ldr	r3, [r7, #0]
    41fe:	2125      	movs	r1, #37	; 0x25
    4200:	5c5b      	ldrb	r3, [r3, r1]
    4202:	041b      	lsls	r3, r3, #16
    4204:	4313      	orrs	r3, r2
    4206:	623b      	str	r3, [r7, #32]
    4208:	683b      	ldr	r3, [r7, #0]
    420a:	7a9b      	ldrb	r3, [r3, #10]
    420c:	001a      	movs	r2, r3
    420e:	6a3b      	ldr	r3, [r7, #32]
    4210:	4313      	orrs	r3, r2
    4212:	623b      	str	r3, [r7, #32]
    4214:	683b      	ldr	r3, [r7, #0]
    4216:	7adb      	ldrb	r3, [r3, #11]
    4218:	001a      	movs	r2, r3
    421a:	6a3b      	ldr	r3, [r7, #32]
    421c:	4313      	orrs	r3, r2
    421e:	623b      	str	r3, [r7, #32]
    4220:	683b      	ldr	r3, [r7, #0]
    4222:	891b      	ldrh	r3, [r3, #8]
    4224:	2bff      	cmp	r3, #255	; 0xff
    4226:	d00b      	beq.n	4240 <_usart_set_config+0x268>
    4228:	6a7b      	ldr	r3, [r7, #36]	; 0x24
    422a:	2280      	movs	r2, #128	; 0x80
    422c:	0452      	lsls	r2, r2, #17
    422e:	4313      	orrs	r3, r2
    4230:	627b      	str	r3, [r7, #36]	; 0x24
    4232:	683b      	ldr	r3, [r7, #0]
    4234:	891b      	ldrh	r3, [r3, #8]
    4236:	001a      	movs	r2, r3
    4238:	6a3b      	ldr	r3, [r7, #32]
    423a:	4313      	orrs	r3, r2
    423c:	623b      	str	r3, [r7, #32]
    423e:	e008      	b.n	4252 <_usart_set_config+0x27a>
    4240:	683b      	ldr	r3, [r7, #0]
    4242:	7edb      	ldrb	r3, [r3, #27]
    4244:	2b00      	cmp	r3, #0
    4246:	d004      	beq.n	4252 <_usart_set_config+0x27a>
    4248:	6a7b      	ldr	r3, [r7, #36]	; 0x24
    424a:	2280      	movs	r2, #128	; 0x80
    424c:	04d2      	lsls	r2, r2, #19
    424e:	4313      	orrs	r3, r2
    4250:	627b      	str	r3, [r7, #36]	; 0x24
    4252:	683b      	ldr	r3, [r7, #0]
    4254:	222c      	movs	r2, #44	; 0x2c
    4256:	5c9b      	ldrb	r3, [r3, r2]
    4258:	2b00      	cmp	r3, #0
    425a:	d103      	bne.n	4264 <_usart_set_config+0x28c>
    425c:	4b11      	ldr	r3, [pc, #68]	; (42a4 <_usart_set_config+0x2cc>)
    425e:	4798      	blx	r3
    4260:	1e03      	subs	r3, r0, #0
    4262:	d003      	beq.n	426c <_usart_set_config+0x294>
    4264:	6a7b      	ldr	r3, [r7, #36]	; 0x24
    4266:	2280      	movs	r2, #128	; 0x80
    4268:	4313      	orrs	r3, r2
    426a:	627b      	str	r3, [r7, #36]	; 0x24
    426c:	687b      	ldr	r3, [r7, #4]
    426e:	0018      	movs	r0, r3
    4270:	4b0d      	ldr	r3, [pc, #52]	; (42a8 <_usart_set_config+0x2d0>)
    4272:	4798      	blx	r3
    4274:	69bb      	ldr	r3, [r7, #24]
    4276:	6a3a      	ldr	r2, [r7, #32]
    4278:	605a      	str	r2, [r3, #4]
    427a:	687b      	ldr	r3, [r7, #4]
    427c:	0018      	movs	r0, r3
    427e:	4b0a      	ldr	r3, [pc, #40]	; (42a8 <_usart_set_config+0x2d0>)
    4280:	4798      	blx	r3
    4282:	69bb      	ldr	r3, [r7, #24]
    4284:	6a7a      	ldr	r2, [r7, #36]	; 0x24
    4286:	601a      	str	r2, [r3, #0]
    4288:	2300      	movs	r3, #0
    428a:	0018      	movs	r0, r3
    428c:	46bd      	mov	sp, r7
    428e:	b00a      	add	sp, #40	; 0x28
    4290:	bdb0      	pop	{r4, r5, r7, pc}
    4292:	46c0      	nop			; (mov r8, r8)
    4294:	000008f9 	.word	0x000008f9
    4298:	000054b5 	.word	0x000054b5
    429c:	00000473 	.word	0x00000473
    42a0:	000004f1 	.word	0x000004f1
    42a4:	00003f75 	.word	0x00003f75
    42a8:	00003fb5 	.word	0x00003fb5

000042ac <usart_init>:
    42ac:	b590      	push	{r4, r7, lr}
    42ae:	b093      	sub	sp, #76	; 0x4c
    42b0:	af00      	add	r7, sp, #0
    42b2:	60f8      	str	r0, [r7, #12]
    42b4:	60b9      	str	r1, [r7, #8]
    42b6:	607a      	str	r2, [r7, #4]
    42b8:	233b      	movs	r3, #59	; 0x3b
    42ba:	18fb      	adds	r3, r7, r3
    42bc:	2200      	movs	r2, #0
    42be:	701a      	strb	r2, [r3, #0]
    42c0:	68fb      	ldr	r3, [r7, #12]
    42c2:	68ba      	ldr	r2, [r7, #8]
    42c4:	601a      	str	r2, [r3, #0]
    42c6:	68fb      	ldr	r3, [r7, #12]
    42c8:	681b      	ldr	r3, [r3, #0]
    42ca:	637b      	str	r3, [r7, #52]	; 0x34
    42cc:	68fb      	ldr	r3, [r7, #12]
    42ce:	681b      	ldr	r3, [r3, #0]
    42d0:	0018      	movs	r0, r3
    42d2:	4b86      	ldr	r3, [pc, #536]	; (44ec <usart_init+0x240>)
    42d4:	4798      	blx	r3
    42d6:	0003      	movs	r3, r0
    42d8:	633b      	str	r3, [r7, #48]	; 0x30
    42da:	6b3b      	ldr	r3, [r7, #48]	; 0x30
    42dc:	3302      	adds	r3, #2
    42de:	62fb      	str	r3, [r7, #44]	; 0x2c
    42e0:	6b3b      	ldr	r3, [r7, #48]	; 0x30
    42e2:	3314      	adds	r3, #20
    42e4:	62bb      	str	r3, [r7, #40]	; 0x28
    42e6:	6b7b      	ldr	r3, [r7, #52]	; 0x34
    42e8:	681b      	ldr	r3, [r3, #0]
    42ea:	2201      	movs	r2, #1
    42ec:	4013      	ands	r3, r2
    42ee:	d001      	beq.n	42f4 <usart_init+0x48>
    42f0:	2305      	movs	r3, #5
    42f2:	e0f6      	b.n	44e2 <usart_init+0x236>
    42f4:	6b7b      	ldr	r3, [r7, #52]	; 0x34
    42f6:	681b      	ldr	r3, [r3, #0]
    42f8:	2202      	movs	r2, #2
    42fa:	4013      	ands	r3, r2
    42fc:	d001      	beq.n	4302 <usart_init+0x56>
    42fe:	231c      	movs	r3, #28
    4300:	e0ef      	b.n	44e2 <usart_init+0x236>
    4302:	2201      	movs	r2, #1
    4304:	6afb      	ldr	r3, [r7, #44]	; 0x2c
    4306:	409a      	lsls	r2, r3
    4308:	0013      	movs	r3, r2
    430a:	0019      	movs	r1, r3
    430c:	2002      	movs	r0, #2
    430e:	4b78      	ldr	r3, [pc, #480]	; (44f0 <usart_init+0x244>)
    4310:	4798      	blx	r3
    4312:	2324      	movs	r3, #36	; 0x24
    4314:	18fb      	adds	r3, r7, r3
    4316:	0018      	movs	r0, r3
    4318:	4b76      	ldr	r3, [pc, #472]	; (44f4 <usart_init+0x248>)
    431a:	4798      	blx	r3
    431c:	687b      	ldr	r3, [r7, #4]
    431e:	222d      	movs	r2, #45	; 0x2d
    4320:	5c9a      	ldrb	r2, [r3, r2]
    4322:	2324      	movs	r3, #36	; 0x24
    4324:	18fb      	adds	r3, r7, r3
    4326:	701a      	strb	r2, [r3, #0]
    4328:	6abb      	ldr	r3, [r7, #40]	; 0x28
    432a:	b2db      	uxtb	r3, r3
    432c:	2224      	movs	r2, #36	; 0x24
    432e:	18ba      	adds	r2, r7, r2
    4330:	0011      	movs	r1, r2
    4332:	0018      	movs	r0, r3
    4334:	4b70      	ldr	r3, [pc, #448]	; (44f8 <usart_init+0x24c>)
    4336:	4798      	blx	r3
    4338:	6abb      	ldr	r3, [r7, #40]	; 0x28
    433a:	b2db      	uxtb	r3, r3
    433c:	0018      	movs	r0, r3
    433e:	4b6f      	ldr	r3, [pc, #444]	; (44fc <usart_init+0x250>)
    4340:	4798      	blx	r3
    4342:	687b      	ldr	r3, [r7, #4]
    4344:	222d      	movs	r2, #45	; 0x2d
    4346:	5c9b      	ldrb	r3, [r3, r2]
    4348:	2100      	movs	r1, #0
    434a:	0018      	movs	r0, r3
    434c:	4b6c      	ldr	r3, [pc, #432]	; (4500 <usart_init+0x254>)
    434e:	4798      	blx	r3
    4350:	687b      	ldr	r3, [r7, #4]
    4352:	7ada      	ldrb	r2, [r3, #11]
    4354:	68fb      	ldr	r3, [r7, #12]
    4356:	715a      	strb	r2, [r3, #5]
    4358:	687b      	ldr	r3, [r7, #4]
    435a:	2224      	movs	r2, #36	; 0x24
    435c:	5c9a      	ldrb	r2, [r3, r2]
    435e:	68fb      	ldr	r3, [r7, #12]
    4360:	719a      	strb	r2, [r3, #6]
    4362:	687b      	ldr	r3, [r7, #4]
    4364:	2225      	movs	r2, #37	; 0x25
    4366:	5c9a      	ldrb	r2, [r3, r2]
    4368:	68fb      	ldr	r3, [r7, #12]
    436a:	71da      	strb	r2, [r3, #7]
    436c:	687b      	ldr	r3, [r7, #4]
    436e:	7eda      	ldrb	r2, [r3, #27]
    4370:	68fb      	ldr	r3, [r7, #12]
    4372:	721a      	strb	r2, [r3, #8]
    4374:	687b      	ldr	r3, [r7, #4]
    4376:	7f1a      	ldrb	r2, [r3, #28]
    4378:	68fb      	ldr	r3, [r7, #12]
    437a:	725a      	strb	r2, [r3, #9]
    437c:	233b      	movs	r3, #59	; 0x3b
    437e:	18fc      	adds	r4, r7, r3
    4380:	687a      	ldr	r2, [r7, #4]
    4382:	68fb      	ldr	r3, [r7, #12]
    4384:	0011      	movs	r1, r2
    4386:	0018      	movs	r0, r3
    4388:	4b5e      	ldr	r3, [pc, #376]	; (4504 <usart_init+0x258>)
    438a:	4798      	blx	r3
    438c:	0003      	movs	r3, r0
    438e:	7023      	strb	r3, [r4, #0]
    4390:	233b      	movs	r3, #59	; 0x3b
    4392:	18fb      	adds	r3, r7, r3
    4394:	781b      	ldrb	r3, [r3, #0]
    4396:	2b00      	cmp	r3, #0
    4398:	d003      	beq.n	43a2 <usart_init+0xf6>
    439a:	233b      	movs	r3, #59	; 0x3b
    439c:	18fb      	adds	r3, r7, r3
    439e:	781b      	ldrb	r3, [r3, #0]
    43a0:	e09f      	b.n	44e2 <usart_init+0x236>
    43a2:	2320      	movs	r3, #32
    43a4:	18fb      	adds	r3, r7, r3
    43a6:	0018      	movs	r0, r3
    43a8:	4b57      	ldr	r3, [pc, #348]	; (4508 <usart_init+0x25c>)
    43aa:	4798      	blx	r3
    43ac:	2320      	movs	r3, #32
    43ae:	18fb      	adds	r3, r7, r3
    43b0:	2200      	movs	r2, #0
    43b2:	705a      	strb	r2, [r3, #1]
    43b4:	2320      	movs	r3, #32
    43b6:	18fb      	adds	r3, r7, r3
    43b8:	2200      	movs	r2, #0
    43ba:	709a      	strb	r2, [r3, #2]
    43bc:	687b      	ldr	r3, [r7, #4]
    43be:	6b1a      	ldr	r2, [r3, #48]	; 0x30
    43c0:	2310      	movs	r3, #16
    43c2:	18fb      	adds	r3, r7, r3
    43c4:	601a      	str	r2, [r3, #0]
    43c6:	687b      	ldr	r3, [r7, #4]
    43c8:	6b5a      	ldr	r2, [r3, #52]	; 0x34
    43ca:	2310      	movs	r3, #16
    43cc:	18fb      	adds	r3, r7, r3
    43ce:	605a      	str	r2, [r3, #4]
    43d0:	687b      	ldr	r3, [r7, #4]
    43d2:	6b9a      	ldr	r2, [r3, #56]	; 0x38
    43d4:	2310      	movs	r3, #16
    43d6:	18fb      	adds	r3, r7, r3
    43d8:	609a      	str	r2, [r3, #8]
    43da:	687b      	ldr	r3, [r7, #4]
    43dc:	6bda      	ldr	r2, [r3, #60]	; 0x3c
    43de:	2310      	movs	r3, #16
    43e0:	18fb      	adds	r3, r7, r3
    43e2:	60da      	str	r2, [r3, #12]
    43e4:	2347      	movs	r3, #71	; 0x47
    43e6:	18fb      	adds	r3, r7, r3
    43e8:	2200      	movs	r2, #0
    43ea:	701a      	strb	r2, [r3, #0]
    43ec:	e02c      	b.n	4448 <usart_init+0x19c>
    43ee:	2347      	movs	r3, #71	; 0x47
    43f0:	18fb      	adds	r3, r7, r3
    43f2:	781a      	ldrb	r2, [r3, #0]
    43f4:	2310      	movs	r3, #16
    43f6:	18fb      	adds	r3, r7, r3
    43f8:	0092      	lsls	r2, r2, #2
    43fa:	58d3      	ldr	r3, [r2, r3]
    43fc:	643b      	str	r3, [r7, #64]	; 0x40
    43fe:	6c3b      	ldr	r3, [r7, #64]	; 0x40
    4400:	2b00      	cmp	r3, #0
    4402:	d109      	bne.n	4418 <usart_init+0x16c>
    4404:	2347      	movs	r3, #71	; 0x47
    4406:	18fb      	adds	r3, r7, r3
    4408:	781a      	ldrb	r2, [r3, #0]
    440a:	68bb      	ldr	r3, [r7, #8]
    440c:	0011      	movs	r1, r2
    440e:	0018      	movs	r0, r3
    4410:	4b3e      	ldr	r3, [pc, #248]	; (450c <usart_init+0x260>)
    4412:	4798      	blx	r3
    4414:	0003      	movs	r3, r0
    4416:	643b      	str	r3, [r7, #64]	; 0x40
    4418:	6c3b      	ldr	r3, [r7, #64]	; 0x40
    441a:	3301      	adds	r3, #1
    441c:	d00d      	beq.n	443a <usart_init+0x18e>
    441e:	6c3b      	ldr	r3, [r7, #64]	; 0x40
    4420:	b2da      	uxtb	r2, r3
    4422:	2320      	movs	r3, #32
    4424:	18fb      	adds	r3, r7, r3
    4426:	701a      	strb	r2, [r3, #0]
    4428:	6c3b      	ldr	r3, [r7, #64]	; 0x40
    442a:	0c1b      	lsrs	r3, r3, #16
    442c:	b2db      	uxtb	r3, r3
    442e:	2220      	movs	r2, #32
    4430:	18ba      	adds	r2, r7, r2
    4432:	0011      	movs	r1, r2
    4434:	0018      	movs	r0, r3
    4436:	4b36      	ldr	r3, [pc, #216]	; (4510 <usart_init+0x264>)
    4438:	4798      	blx	r3
    443a:	2347      	movs	r3, #71	; 0x47
    443c:	18fb      	adds	r3, r7, r3
    443e:	781a      	ldrb	r2, [r3, #0]
    4440:	2347      	movs	r3, #71	; 0x47
    4442:	18fb      	adds	r3, r7, r3
    4444:	3201      	adds	r2, #1
    4446:	701a      	strb	r2, [r3, #0]
    4448:	2347      	movs	r3, #71	; 0x47
    444a:	18fb      	adds	r3, r7, r3
    444c:	781b      	ldrb	r3, [r3, #0]
    444e:	2b03      	cmp	r3, #3
    4450:	d9cd      	bls.n	43ee <usart_init+0x142>
    4452:	2300      	movs	r3, #0
    4454:	63fb      	str	r3, [r7, #60]	; 0x3c
    4456:	e00a      	b.n	446e <usart_init+0x1c2>
    4458:	68fa      	ldr	r2, [r7, #12]
    445a:	6bfb      	ldr	r3, [r7, #60]	; 0x3c
    445c:	3302      	adds	r3, #2
    445e:	009b      	lsls	r3, r3, #2
    4460:	18d3      	adds	r3, r2, r3
    4462:	3304      	adds	r3, #4
    4464:	2200      	movs	r2, #0
    4466:	601a      	str	r2, [r3, #0]
    4468:	6bfb      	ldr	r3, [r7, #60]	; 0x3c
    446a:	3301      	adds	r3, #1
    446c:	63fb      	str	r3, [r7, #60]	; 0x3c
    446e:	6bfb      	ldr	r3, [r7, #60]	; 0x3c
    4470:	2b05      	cmp	r3, #5
    4472:	d9f1      	bls.n	4458 <usart_init+0x1ac>
    4474:	68fb      	ldr	r3, [r7, #12]
    4476:	2200      	movs	r2, #0
    4478:	629a      	str	r2, [r3, #40]	; 0x28
    447a:	68fb      	ldr	r3, [r7, #12]
    447c:	2200      	movs	r2, #0
    447e:	625a      	str	r2, [r3, #36]	; 0x24
    4480:	68fb      	ldr	r3, [r7, #12]
    4482:	2200      	movs	r2, #0
    4484:	85da      	strh	r2, [r3, #46]	; 0x2e
    4486:	68fb      	ldr	r3, [r7, #12]
    4488:	2200      	movs	r2, #0
    448a:	859a      	strh	r2, [r3, #44]	; 0x2c
    448c:	68fb      	ldr	r3, [r7, #12]
    448e:	2230      	movs	r2, #48	; 0x30
    4490:	2100      	movs	r1, #0
    4492:	5499      	strb	r1, [r3, r2]
    4494:	68fb      	ldr	r3, [r7, #12]
    4496:	2231      	movs	r2, #49	; 0x31
    4498:	2100      	movs	r1, #0
    449a:	5499      	strb	r1, [r3, r2]
    449c:	68fb      	ldr	r3, [r7, #12]
    449e:	2232      	movs	r2, #50	; 0x32
    44a0:	2100      	movs	r1, #0
    44a2:	5499      	strb	r1, [r3, r2]
    44a4:	68fb      	ldr	r3, [r7, #12]
    44a6:	2233      	movs	r2, #51	; 0x33
    44a8:	2100      	movs	r1, #0
    44aa:	5499      	strb	r1, [r3, r2]
    44ac:	68fb      	ldr	r3, [r7, #12]
    44ae:	681b      	ldr	r3, [r3, #0]
    44b0:	2227      	movs	r2, #39	; 0x27
    44b2:	18bc      	adds	r4, r7, r2
    44b4:	0018      	movs	r0, r3
    44b6:	4b0d      	ldr	r3, [pc, #52]	; (44ec <usart_init+0x240>)
    44b8:	4798      	blx	r3
    44ba:	0003      	movs	r3, r0
    44bc:	7023      	strb	r3, [r4, #0]
    44be:	4a15      	ldr	r2, [pc, #84]	; (4514 <usart_init+0x268>)
    44c0:	2327      	movs	r3, #39	; 0x27
    44c2:	18fb      	adds	r3, r7, r3
    44c4:	781b      	ldrb	r3, [r3, #0]
    44c6:	0011      	movs	r1, r2
    44c8:	0018      	movs	r0, r3
    44ca:	4b13      	ldr	r3, [pc, #76]	; (4518 <usart_init+0x26c>)
    44cc:	4798      	blx	r3
    44ce:	2327      	movs	r3, #39	; 0x27
    44d0:	18fb      	adds	r3, r7, r3
    44d2:	781a      	ldrb	r2, [r3, #0]
    44d4:	4b11      	ldr	r3, [pc, #68]	; (451c <usart_init+0x270>)
    44d6:	0092      	lsls	r2, r2, #2
    44d8:	68f9      	ldr	r1, [r7, #12]
    44da:	50d1      	str	r1, [r2, r3]
    44dc:	233b      	movs	r3, #59	; 0x3b
    44de:	18fb      	adds	r3, r7, r3
    44e0:	781b      	ldrb	r3, [r3, #0]
    44e2:	0018      	movs	r0, r3
    44e4:	46bd      	mov	sp, r7
    44e6:	b013      	add	sp, #76	; 0x4c
    44e8:	bd90      	pop	{r4, r7, pc}
    44ea:	46c0      	nop			; (mov r8, r8)
    44ec:	000008f9 	.word	0x000008f9
    44f0:	00003ef1 	.word	0x00003ef1
    44f4:	00003ed9 	.word	0x00003ed9
    44f8:	00005391 	.word	0x00005391
    44fc:	000053d5 	.word	0x000053d5
    4500:	000006b1 	.word	0x000006b1
    4504:	00003fd9 	.word	0x00003fd9
    4508:	00003f4d 	.word	0x00003f4d
    450c:	0000073d 	.word	0x0000073d
    4510:	00000ab9 	.word	0x00000ab9
    4514:	00004789 	.word	0x00004789
    4518:	00004add 	.word	0x00004add
    451c:	2000386c 	.word	0x2000386c

00004520 <system_interrupt_enter_critical_section>:
    4520:	b580      	push	{r7, lr}
    4522:	af00      	add	r7, sp, #0
    4524:	4b02      	ldr	r3, [pc, #8]	; (4530 <system_interrupt_enter_critical_section+0x10>)
    4526:	4798      	blx	r3
    4528:	46c0      	nop			; (mov r8, r8)
    452a:	46bd      	mov	sp, r7
    452c:	bd80      	pop	{r7, pc}
    452e:	46c0      	nop			; (mov r8, r8)
    4530:	00000115 	.word	0x00000115

00004534 <system_interrupt_leave_critical_section>:
    4534:	b580      	push	{r7, lr}
    4536:	af00      	add	r7, sp, #0
    4538:	4b02      	ldr	r3, [pc, #8]	; (4544 <system_interrupt_leave_critical_section+0x10>)
    453a:	4798      	blx	r3
    453c:	46c0      	nop			; (mov r8, r8)
    453e:	46bd      	mov	sp, r7
    4540:	bd80      	pop	{r7, pc}
    4542:	46c0      	nop			; (mov r8, r8)
    4544:	00000169 	.word	0x00000169

00004548 <usart_is_syncing>:
    4548:	b580      	push	{r7, lr}
    454a:	b084      	sub	sp, #16
    454c:	af00      	add	r7, sp, #0
    454e:	6078      	str	r0, [r7, #4]
    4550:	687b      	ldr	r3, [r7, #4]
    4552:	681b      	ldr	r3, [r3, #0]
    4554:	60fb      	str	r3, [r7, #12]
    4556:	68fb      	ldr	r3, [r7, #12]
    4558:	69db      	ldr	r3, [r3, #28]
    455a:	1e5a      	subs	r2, r3, #1
    455c:	4193      	sbcs	r3, r2
    455e:	b2db      	uxtb	r3, r3
    4560:	0018      	movs	r0, r3
    4562:	46bd      	mov	sp, r7
    4564:	b004      	add	sp, #16
    4566:	bd80      	pop	{r7, pc}

00004568 <_usart_wait_for_sync>:
    4568:	b580      	push	{r7, lr}
    456a:	b082      	sub	sp, #8
    456c:	af00      	add	r7, sp, #0
    456e:	6078      	str	r0, [r7, #4]
    4570:	46c0      	nop			; (mov r8, r8)
    4572:	687b      	ldr	r3, [r7, #4]
    4574:	0018      	movs	r0, r3
    4576:	4b04      	ldr	r3, [pc, #16]	; (4588 <_usart_wait_for_sync+0x20>)
    4578:	4798      	blx	r3
    457a:	1e03      	subs	r3, r0, #0
    457c:	d1f9      	bne.n	4572 <_usart_wait_for_sync+0xa>
    457e:	46c0      	nop			; (mov r8, r8)
    4580:	46bd      	mov	sp, r7
    4582:	b002      	add	sp, #8
    4584:	bd80      	pop	{r7, pc}
    4586:	46c0      	nop			; (mov r8, r8)
    4588:	00004549 	.word	0x00004549

0000458c <_usart_write_buffer>:
    458c:	b580      	push	{r7, lr}
    458e:	b086      	sub	sp, #24
    4590:	af00      	add	r7, sp, #0
    4592:	60f8      	str	r0, [r7, #12]
    4594:	60b9      	str	r1, [r7, #8]
    4596:	1dbb      	adds	r3, r7, #6
    4598:	801a      	strh	r2, [r3, #0]
    459a:	68fb      	ldr	r3, [r7, #12]
    459c:	681b      	ldr	r3, [r3, #0]
    459e:	617b      	str	r3, [r7, #20]
    45a0:	4b0f      	ldr	r3, [pc, #60]	; (45e0 <_usart_write_buffer+0x54>)
    45a2:	4798      	blx	r3
    45a4:	68fb      	ldr	r3, [r7, #12]
    45a6:	8ddb      	ldrh	r3, [r3, #46]	; 0x2e
    45a8:	b29b      	uxth	r3, r3
    45aa:	2b00      	cmp	r3, #0
    45ac:	d003      	beq.n	45b6 <_usart_write_buffer+0x2a>
    45ae:	4b0d      	ldr	r3, [pc, #52]	; (45e4 <_usart_write_buffer+0x58>)
    45b0:	4798      	blx	r3
    45b2:	2305      	movs	r3, #5
    45b4:	e010      	b.n	45d8 <_usart_write_buffer+0x4c>
    45b6:	68fb      	ldr	r3, [r7, #12]
    45b8:	1dba      	adds	r2, r7, #6
    45ba:	8812      	ldrh	r2, [r2, #0]
    45bc:	85da      	strh	r2, [r3, #46]	; 0x2e
    45be:	4b09      	ldr	r3, [pc, #36]	; (45e4 <_usart_write_buffer+0x58>)
    45c0:	4798      	blx	r3
    45c2:	68fb      	ldr	r3, [r7, #12]
    45c4:	68ba      	ldr	r2, [r7, #8]
    45c6:	629a      	str	r2, [r3, #40]	; 0x28
    45c8:	68fb      	ldr	r3, [r7, #12]
    45ca:	2233      	movs	r2, #51	; 0x33
    45cc:	2105      	movs	r1, #5
    45ce:	5499      	strb	r1, [r3, r2]
    45d0:	697b      	ldr	r3, [r7, #20]
    45d2:	2201      	movs	r2, #1
    45d4:	759a      	strb	r2, [r3, #22]
    45d6:	2300      	movs	r3, #0
    45d8:	0018      	movs	r0, r3
    45da:	46bd      	mov	sp, r7
    45dc:	b006      	add	sp, #24
    45de:	bd80      	pop	{r7, pc}
    45e0:	00004521 	.word	0x00004521
    45e4:	00004535 	.word	0x00004535

000045e8 <_usart_read_buffer>:
    45e8:	b580      	push	{r7, lr}
    45ea:	b086      	sub	sp, #24
    45ec:	af00      	add	r7, sp, #0
    45ee:	60f8      	str	r0, [r7, #12]
    45f0:	60b9      	str	r1, [r7, #8]
    45f2:	1dbb      	adds	r3, r7, #6
    45f4:	801a      	strh	r2, [r3, #0]
    45f6:	68fb      	ldr	r3, [r7, #12]
    45f8:	681b      	ldr	r3, [r3, #0]
    45fa:	617b      	str	r3, [r7, #20]
    45fc:	4b16      	ldr	r3, [pc, #88]	; (4658 <_usart_read_buffer+0x70>)
    45fe:	4798      	blx	r3
    4600:	68fb      	ldr	r3, [r7, #12]
    4602:	8d9b      	ldrh	r3, [r3, #44]	; 0x2c
    4604:	b29b      	uxth	r3, r3
    4606:	2b00      	cmp	r3, #0
    4608:	d003      	beq.n	4612 <_usart_read_buffer+0x2a>
    460a:	4b14      	ldr	r3, [pc, #80]	; (465c <_usart_read_buffer+0x74>)
    460c:	4798      	blx	r3
    460e:	2305      	movs	r3, #5
    4610:	e01e      	b.n	4650 <_usart_read_buffer+0x68>
    4612:	68fb      	ldr	r3, [r7, #12]
    4614:	1dba      	adds	r2, r7, #6
    4616:	8812      	ldrh	r2, [r2, #0]
    4618:	859a      	strh	r2, [r3, #44]	; 0x2c
    461a:	4b10      	ldr	r3, [pc, #64]	; (465c <_usart_read_buffer+0x74>)
    461c:	4798      	blx	r3
    461e:	68fb      	ldr	r3, [r7, #12]
    4620:	68ba      	ldr	r2, [r7, #8]
    4622:	625a      	str	r2, [r3, #36]	; 0x24
    4624:	68fb      	ldr	r3, [r7, #12]
    4626:	2232      	movs	r2, #50	; 0x32
    4628:	2105      	movs	r1, #5
    462a:	5499      	strb	r1, [r3, r2]
    462c:	697b      	ldr	r3, [r7, #20]
    462e:	2204      	movs	r2, #4
    4630:	759a      	strb	r2, [r3, #22]
    4632:	68fb      	ldr	r3, [r7, #12]
    4634:	7a1b      	ldrb	r3, [r3, #8]
    4636:	2b00      	cmp	r3, #0
    4638:	d002      	beq.n	4640 <_usart_read_buffer+0x58>
    463a:	697b      	ldr	r3, [r7, #20]
    463c:	2220      	movs	r2, #32
    463e:	759a      	strb	r2, [r3, #22]
    4640:	68fb      	ldr	r3, [r7, #12]
    4642:	7a5b      	ldrb	r3, [r3, #9]
    4644:	2b00      	cmp	r3, #0
    4646:	d002      	beq.n	464e <_usart_read_buffer+0x66>
    4648:	697b      	ldr	r3, [r7, #20]
    464a:	2208      	movs	r2, #8
    464c:	759a      	strb	r2, [r3, #22]
    464e:	2300      	movs	r3, #0
    4650:	0018      	movs	r0, r3
    4652:	46bd      	mov	sp, r7
    4654:	b006      	add	sp, #24
    4656:	bd80      	pop	{r7, pc}
    4658:	00004521 	.word	0x00004521
    465c:	00004535 	.word	0x00004535

00004660 <usart_register_callback>:
    4660:	b580      	push	{r7, lr}
    4662:	b084      	sub	sp, #16
    4664:	af00      	add	r7, sp, #0
    4666:	60f8      	str	r0, [r7, #12]
    4668:	60b9      	str	r1, [r7, #8]
    466a:	1dfb      	adds	r3, r7, #7
    466c:	701a      	strb	r2, [r3, #0]
    466e:	1dfb      	adds	r3, r7, #7
    4670:	781b      	ldrb	r3, [r3, #0]
    4672:	68fa      	ldr	r2, [r7, #12]
    4674:	3302      	adds	r3, #2
    4676:	009b      	lsls	r3, r3, #2
    4678:	18d3      	adds	r3, r2, r3
    467a:	3304      	adds	r3, #4
    467c:	68ba      	ldr	r2, [r7, #8]
    467e:	601a      	str	r2, [r3, #0]
    4680:	68fb      	ldr	r3, [r7, #12]
    4682:	2230      	movs	r2, #48	; 0x30
    4684:	5c9b      	ldrb	r3, [r3, r2]
    4686:	b25a      	sxtb	r2, r3
    4688:	1dfb      	adds	r3, r7, #7
    468a:	781b      	ldrb	r3, [r3, #0]
    468c:	2101      	movs	r1, #1
    468e:	4099      	lsls	r1, r3
    4690:	000b      	movs	r3, r1
    4692:	b25b      	sxtb	r3, r3
    4694:	4313      	orrs	r3, r2
    4696:	b25b      	sxtb	r3, r3
    4698:	b2d9      	uxtb	r1, r3
    469a:	68fb      	ldr	r3, [r7, #12]
    469c:	2230      	movs	r2, #48	; 0x30
    469e:	5499      	strb	r1, [r3, r2]
    46a0:	46c0      	nop			; (mov r8, r8)
    46a2:	46bd      	mov	sp, r7
    46a4:	b004      	add	sp, #16
    46a6:	bd80      	pop	{r7, pc}

000046a8 <usart_write_buffer_job>:
    46a8:	b580      	push	{r7, lr}
    46aa:	b084      	sub	sp, #16
    46ac:	af00      	add	r7, sp, #0
    46ae:	60f8      	str	r0, [r7, #12]
    46b0:	60b9      	str	r1, [r7, #8]
    46b2:	1dbb      	adds	r3, r7, #6
    46b4:	801a      	strh	r2, [r3, #0]
    46b6:	1dbb      	adds	r3, r7, #6
    46b8:	881b      	ldrh	r3, [r3, #0]
    46ba:	2b00      	cmp	r3, #0
    46bc:	d101      	bne.n	46c2 <usart_write_buffer_job+0x1a>
    46be:	2317      	movs	r3, #23
    46c0:	e010      	b.n	46e4 <usart_write_buffer_job+0x3c>
    46c2:	68fb      	ldr	r3, [r7, #12]
    46c4:	79db      	ldrb	r3, [r3, #7]
    46c6:	2201      	movs	r2, #1
    46c8:	4053      	eors	r3, r2
    46ca:	b2db      	uxtb	r3, r3
    46cc:	2b00      	cmp	r3, #0
    46ce:	d001      	beq.n	46d4 <usart_write_buffer_job+0x2c>
    46d0:	231c      	movs	r3, #28
    46d2:	e007      	b.n	46e4 <usart_write_buffer_job+0x3c>
    46d4:	1dbb      	adds	r3, r7, #6
    46d6:	881a      	ldrh	r2, [r3, #0]
    46d8:	68b9      	ldr	r1, [r7, #8]
    46da:	68fb      	ldr	r3, [r7, #12]
    46dc:	0018      	movs	r0, r3
    46de:	4b03      	ldr	r3, [pc, #12]	; (46ec <usart_write_buffer_job+0x44>)
    46e0:	4798      	blx	r3
    46e2:	0003      	movs	r3, r0
    46e4:	0018      	movs	r0, r3
    46e6:	46bd      	mov	sp, r7
    46e8:	b004      	add	sp, #16
    46ea:	bd80      	pop	{r7, pc}
    46ec:	0000458d 	.word	0x0000458d

000046f0 <usart_read_buffer_job>:
    46f0:	b580      	push	{r7, lr}
    46f2:	b084      	sub	sp, #16
    46f4:	af00      	add	r7, sp, #0
    46f6:	60f8      	str	r0, [r7, #12]
    46f8:	60b9      	str	r1, [r7, #8]
    46fa:	1dbb      	adds	r3, r7, #6
    46fc:	801a      	strh	r2, [r3, #0]
    46fe:	1dbb      	adds	r3, r7, #6
    4700:	881b      	ldrh	r3, [r3, #0]
    4702:	2b00      	cmp	r3, #0
    4704:	d101      	bne.n	470a <usart_read_buffer_job+0x1a>
    4706:	2317      	movs	r3, #23
    4708:	e010      	b.n	472c <usart_read_buffer_job+0x3c>
    470a:	68fb      	ldr	r3, [r7, #12]
    470c:	799b      	ldrb	r3, [r3, #6]
    470e:	2201      	movs	r2, #1
    4710:	4053      	eors	r3, r2
    4712:	b2db      	uxtb	r3, r3
    4714:	2b00      	cmp	r3, #0
    4716:	d001      	beq.n	471c <usart_read_buffer_job+0x2c>
    4718:	231c      	movs	r3, #28
    471a:	e007      	b.n	472c <usart_read_buffer_job+0x3c>
    471c:	1dbb      	adds	r3, r7, #6
    471e:	881a      	ldrh	r2, [r3, #0]
    4720:	68b9      	ldr	r1, [r7, #8]
    4722:	68fb      	ldr	r3, [r7, #12]
    4724:	0018      	movs	r0, r3
    4726:	4b03      	ldr	r3, [pc, #12]	; (4734 <usart_read_buffer_job+0x44>)
    4728:	4798      	blx	r3
    472a:	0003      	movs	r3, r0
    472c:	0018      	movs	r0, r3
    472e:	46bd      	mov	sp, r7
    4730:	b004      	add	sp, #16
    4732:	bd80      	pop	{r7, pc}
    4734:	000045e9 	.word	0x000045e9

00004738 <usart_get_job_status>:
    4738:	b580      	push	{r7, lr}
    473a:	b084      	sub	sp, #16
    473c:	af00      	add	r7, sp, #0
    473e:	6078      	str	r0, [r7, #4]
    4740:	000a      	movs	r2, r1
    4742:	1cfb      	adds	r3, r7, #3
    4744:	701a      	strb	r2, [r3, #0]
    4746:	1cfb      	adds	r3, r7, #3
    4748:	781b      	ldrb	r3, [r3, #0]
    474a:	2b00      	cmp	r3, #0
    474c:	d002      	beq.n	4754 <usart_get_job_status+0x1c>
    474e:	2b01      	cmp	r3, #1
    4750:	d007      	beq.n	4762 <usart_get_job_status+0x2a>
    4752:	e00d      	b.n	4770 <usart_get_job_status+0x38>
    4754:	230f      	movs	r3, #15
    4756:	18fb      	adds	r3, r7, r3
    4758:	687a      	ldr	r2, [r7, #4]
    475a:	2132      	movs	r1, #50	; 0x32
    475c:	5c52      	ldrb	r2, [r2, r1]
    475e:	701a      	strb	r2, [r3, #0]
    4760:	e00b      	b.n	477a <usart_get_job_status+0x42>
    4762:	230f      	movs	r3, #15
    4764:	18fb      	adds	r3, r7, r3
    4766:	687a      	ldr	r2, [r7, #4]
    4768:	2133      	movs	r1, #51	; 0x33
    476a:	5c52      	ldrb	r2, [r2, r1]
    476c:	701a      	strb	r2, [r3, #0]
    476e:	e004      	b.n	477a <usart_get_job_status+0x42>
    4770:	230f      	movs	r3, #15
    4772:	18fb      	adds	r3, r7, r3
    4774:	2217      	movs	r2, #23
    4776:	701a      	strb	r2, [r3, #0]
    4778:	46c0      	nop			; (mov r8, r8)
    477a:	230f      	movs	r3, #15
    477c:	18fb      	adds	r3, r7, r3
    477e:	781b      	ldrb	r3, [r3, #0]
    4780:	0018      	movs	r0, r3
    4782:	46bd      	mov	sp, r7
    4784:	b004      	add	sp, #16
    4786:	bd80      	pop	{r7, pc}

00004788 <_usart_interrupt_handler>:
    4788:	b580      	push	{r7, lr}
    478a:	b088      	sub	sp, #32
    478c:	af00      	add	r7, sp, #0
    478e:	0002      	movs	r2, r0
    4790:	1dfb      	adds	r3, r7, #7
    4792:	701a      	strb	r2, [r3, #0]
    4794:	1dfb      	adds	r3, r7, #7
    4796:	781a      	ldrb	r2, [r3, #0]
    4798:	4ba3      	ldr	r3, [pc, #652]	; (4a28 <_usart_interrupt_handler+0x2a0>)
    479a:	0092      	lsls	r2, r2, #2
    479c:	58d3      	ldr	r3, [r2, r3]
    479e:	61bb      	str	r3, [r7, #24]
    47a0:	69bb      	ldr	r3, [r7, #24]
    47a2:	681b      	ldr	r3, [r3, #0]
    47a4:	617b      	str	r3, [r7, #20]
    47a6:	69bb      	ldr	r3, [r7, #24]
    47a8:	0018      	movs	r0, r3
    47aa:	4ba0      	ldr	r3, [pc, #640]	; (4a2c <_usart_interrupt_handler+0x2a4>)
    47ac:	4798      	blx	r3
    47ae:	697b      	ldr	r3, [r7, #20]
    47b0:	7e1b      	ldrb	r3, [r3, #24]
    47b2:	b2da      	uxtb	r2, r3
    47b4:	2312      	movs	r3, #18
    47b6:	18fb      	adds	r3, r7, r3
    47b8:	801a      	strh	r2, [r3, #0]
    47ba:	697b      	ldr	r3, [r7, #20]
    47bc:	7d9b      	ldrb	r3, [r3, #22]
    47be:	b2db      	uxtb	r3, r3
    47c0:	b29a      	uxth	r2, r3
    47c2:	2312      	movs	r3, #18
    47c4:	18fb      	adds	r3, r7, r3
    47c6:	2112      	movs	r1, #18
    47c8:	1879      	adds	r1, r7, r1
    47ca:	8809      	ldrh	r1, [r1, #0]
    47cc:	400a      	ands	r2, r1
    47ce:	801a      	strh	r2, [r3, #0]
    47d0:	69bb      	ldr	r3, [r7, #24]
    47d2:	2230      	movs	r2, #48	; 0x30
    47d4:	5c9b      	ldrb	r3, [r3, r2]
    47d6:	69ba      	ldr	r2, [r7, #24]
    47d8:	2131      	movs	r1, #49	; 0x31
    47da:	5c52      	ldrb	r2, [r2, r1]
    47dc:	4013      	ands	r3, r2
    47de:	b2da      	uxtb	r2, r3
    47e0:	2310      	movs	r3, #16
    47e2:	18fb      	adds	r3, r7, r3
    47e4:	801a      	strh	r2, [r3, #0]
    47e6:	2312      	movs	r3, #18
    47e8:	18fb      	adds	r3, r7, r3
    47ea:	881b      	ldrh	r3, [r3, #0]
    47ec:	2201      	movs	r2, #1
    47ee:	4013      	ands	r3, r2
    47f0:	d044      	beq.n	487c <_usart_interrupt_handler+0xf4>
    47f2:	69bb      	ldr	r3, [r7, #24]
    47f4:	8ddb      	ldrh	r3, [r3, #46]	; 0x2e
    47f6:	b29b      	uxth	r3, r3
    47f8:	2b00      	cmp	r3, #0
    47fa:	d03c      	beq.n	4876 <_usart_interrupt_handler+0xee>
    47fc:	69bb      	ldr	r3, [r7, #24]
    47fe:	6a9b      	ldr	r3, [r3, #40]	; 0x28
    4800:	781b      	ldrb	r3, [r3, #0]
    4802:	b2da      	uxtb	r2, r3
    4804:	231c      	movs	r3, #28
    4806:	18fb      	adds	r3, r7, r3
    4808:	801a      	strh	r2, [r3, #0]
    480a:	69bb      	ldr	r3, [r7, #24]
    480c:	6a9b      	ldr	r3, [r3, #40]	; 0x28
    480e:	1c5a      	adds	r2, r3, #1
    4810:	69bb      	ldr	r3, [r7, #24]
    4812:	629a      	str	r2, [r3, #40]	; 0x28
    4814:	69bb      	ldr	r3, [r7, #24]
    4816:	795b      	ldrb	r3, [r3, #5]
    4818:	2b01      	cmp	r3, #1
    481a:	d113      	bne.n	4844 <_usart_interrupt_handler+0xbc>
    481c:	69bb      	ldr	r3, [r7, #24]
    481e:	6a9b      	ldr	r3, [r3, #40]	; 0x28
    4820:	781b      	ldrb	r3, [r3, #0]
    4822:	b2db      	uxtb	r3, r3
    4824:	021b      	lsls	r3, r3, #8
    4826:	b21a      	sxth	r2, r3
    4828:	231c      	movs	r3, #28
    482a:	18fb      	adds	r3, r7, r3
    482c:	2100      	movs	r1, #0
    482e:	5e5b      	ldrsh	r3, [r3, r1]
    4830:	4313      	orrs	r3, r2
    4832:	b21a      	sxth	r2, r3
    4834:	231c      	movs	r3, #28
    4836:	18fb      	adds	r3, r7, r3
    4838:	801a      	strh	r2, [r3, #0]
    483a:	69bb      	ldr	r3, [r7, #24]
    483c:	6a9b      	ldr	r3, [r3, #40]	; 0x28
    483e:	1c5a      	adds	r2, r3, #1
    4840:	69bb      	ldr	r3, [r7, #24]
    4842:	629a      	str	r2, [r3, #40]	; 0x28
    4844:	231c      	movs	r3, #28
    4846:	18fb      	adds	r3, r7, r3
    4848:	881b      	ldrh	r3, [r3, #0]
    484a:	05db      	lsls	r3, r3, #23
    484c:	0ddb      	lsrs	r3, r3, #23
    484e:	b29a      	uxth	r2, r3
    4850:	697b      	ldr	r3, [r7, #20]
    4852:	851a      	strh	r2, [r3, #40]	; 0x28
    4854:	69bb      	ldr	r3, [r7, #24]
    4856:	8ddb      	ldrh	r3, [r3, #46]	; 0x2e
    4858:	b29b      	uxth	r3, r3
    485a:	3b01      	subs	r3, #1
    485c:	b29b      	uxth	r3, r3
    485e:	69ba      	ldr	r2, [r7, #24]
    4860:	1c19      	adds	r1, r3, #0
    4862:	85d1      	strh	r1, [r2, #46]	; 0x2e
    4864:	2b00      	cmp	r3, #0
    4866:	d109      	bne.n	487c <_usart_interrupt_handler+0xf4>
    4868:	697b      	ldr	r3, [r7, #20]
    486a:	2201      	movs	r2, #1
    486c:	751a      	strb	r2, [r3, #20]
    486e:	697b      	ldr	r3, [r7, #20]
    4870:	2202      	movs	r2, #2
    4872:	759a      	strb	r2, [r3, #22]
    4874:	e002      	b.n	487c <_usart_interrupt_handler+0xf4>
    4876:	697b      	ldr	r3, [r7, #20]
    4878:	2201      	movs	r2, #1
    487a:	751a      	strb	r2, [r3, #20]
    487c:	2312      	movs	r3, #18
    487e:	18fb      	adds	r3, r7, r3
    4880:	881b      	ldrh	r3, [r3, #0]
    4882:	2202      	movs	r2, #2
    4884:	4013      	ands	r3, r2
    4886:	d011      	beq.n	48ac <_usart_interrupt_handler+0x124>
    4888:	697b      	ldr	r3, [r7, #20]
    488a:	2202      	movs	r2, #2
    488c:	751a      	strb	r2, [r3, #20]
    488e:	69bb      	ldr	r3, [r7, #24]
    4890:	2233      	movs	r2, #51	; 0x33
    4892:	2100      	movs	r1, #0
    4894:	5499      	strb	r1, [r3, r2]
    4896:	2310      	movs	r3, #16
    4898:	18fb      	adds	r3, r7, r3
    489a:	881b      	ldrh	r3, [r3, #0]
    489c:	2201      	movs	r2, #1
    489e:	4013      	ands	r3, r2
    48a0:	d004      	beq.n	48ac <_usart_interrupt_handler+0x124>
    48a2:	69bb      	ldr	r3, [r7, #24]
    48a4:	68db      	ldr	r3, [r3, #12]
    48a6:	69ba      	ldr	r2, [r7, #24]
    48a8:	0010      	movs	r0, r2
    48aa:	4798      	blx	r3
    48ac:	2312      	movs	r3, #18
    48ae:	18fb      	adds	r3, r7, r3
    48b0:	881b      	ldrh	r3, [r3, #0]
    48b2:	2204      	movs	r2, #4
    48b4:	4013      	ands	r3, r2
    48b6:	d100      	bne.n	48ba <_usart_interrupt_handler+0x132>
    48b8:	e0bd      	b.n	4a36 <_usart_interrupt_handler+0x2ae>
    48ba:	69bb      	ldr	r3, [r7, #24]
    48bc:	8d9b      	ldrh	r3, [r3, #44]	; 0x2c
    48be:	b29b      	uxth	r3, r3
    48c0:	2b00      	cmp	r3, #0
    48c2:	d100      	bne.n	48c6 <_usart_interrupt_handler+0x13e>
    48c4:	e0b4      	b.n	4a30 <_usart_interrupt_handler+0x2a8>
    48c6:	697b      	ldr	r3, [r7, #20]
    48c8:	8b5b      	ldrh	r3, [r3, #26]
    48ca:	b29b      	uxth	r3, r3
    48cc:	b2da      	uxtb	r2, r3
    48ce:	231f      	movs	r3, #31
    48d0:	18fb      	adds	r3, r7, r3
    48d2:	213f      	movs	r1, #63	; 0x3f
    48d4:	400a      	ands	r2, r1
    48d6:	701a      	strb	r2, [r3, #0]
    48d8:	231f      	movs	r3, #31
    48da:	18fb      	adds	r3, r7, r3
    48dc:	781b      	ldrb	r3, [r3, #0]
    48de:	2208      	movs	r2, #8
    48e0:	4013      	ands	r3, r2
    48e2:	d007      	beq.n	48f4 <_usart_interrupt_handler+0x16c>
    48e4:	231f      	movs	r3, #31
    48e6:	18fb      	adds	r3, r7, r3
    48e8:	221f      	movs	r2, #31
    48ea:	18ba      	adds	r2, r7, r2
    48ec:	7812      	ldrb	r2, [r2, #0]
    48ee:	2108      	movs	r1, #8
    48f0:	438a      	bics	r2, r1
    48f2:	701a      	strb	r2, [r3, #0]
    48f4:	231f      	movs	r3, #31
    48f6:	18fb      	adds	r3, r7, r3
    48f8:	781b      	ldrb	r3, [r3, #0]
    48fa:	2b00      	cmp	r3, #0
    48fc:	d050      	beq.n	49a0 <_usart_interrupt_handler+0x218>
    48fe:	231f      	movs	r3, #31
    4900:	18fb      	adds	r3, r7, r3
    4902:	781b      	ldrb	r3, [r3, #0]
    4904:	2202      	movs	r2, #2
    4906:	4013      	ands	r3, r2
    4908:	d007      	beq.n	491a <_usart_interrupt_handler+0x192>
    490a:	69bb      	ldr	r3, [r7, #24]
    490c:	2232      	movs	r2, #50	; 0x32
    490e:	211a      	movs	r1, #26
    4910:	5499      	strb	r1, [r3, r2]
    4912:	697b      	ldr	r3, [r7, #20]
    4914:	2202      	movs	r2, #2
    4916:	835a      	strh	r2, [r3, #26]
    4918:	e036      	b.n	4988 <_usart_interrupt_handler+0x200>
    491a:	231f      	movs	r3, #31
    491c:	18fb      	adds	r3, r7, r3
    491e:	781b      	ldrb	r3, [r3, #0]
    4920:	2204      	movs	r2, #4
    4922:	4013      	ands	r3, r2
    4924:	d007      	beq.n	4936 <_usart_interrupt_handler+0x1ae>
    4926:	69bb      	ldr	r3, [r7, #24]
    4928:	2232      	movs	r2, #50	; 0x32
    492a:	211e      	movs	r1, #30
    492c:	5499      	strb	r1, [r3, r2]
    492e:	697b      	ldr	r3, [r7, #20]
    4930:	2204      	movs	r2, #4
    4932:	835a      	strh	r2, [r3, #26]
    4934:	e028      	b.n	4988 <_usart_interrupt_handler+0x200>
    4936:	231f      	movs	r3, #31
    4938:	18fb      	adds	r3, r7, r3
    493a:	781b      	ldrb	r3, [r3, #0]
    493c:	2201      	movs	r2, #1
    493e:	4013      	ands	r3, r2
    4940:	d007      	beq.n	4952 <_usart_interrupt_handler+0x1ca>
    4942:	69bb      	ldr	r3, [r7, #24]
    4944:	2232      	movs	r2, #50	; 0x32
    4946:	2113      	movs	r1, #19
    4948:	5499      	strb	r1, [r3, r2]
    494a:	697b      	ldr	r3, [r7, #20]
    494c:	2201      	movs	r2, #1
    494e:	835a      	strh	r2, [r3, #26]
    4950:	e01a      	b.n	4988 <_usart_interrupt_handler+0x200>
    4952:	231f      	movs	r3, #31
    4954:	18fb      	adds	r3, r7, r3
    4956:	781b      	ldrb	r3, [r3, #0]
    4958:	2210      	movs	r2, #16
    495a:	4013      	ands	r3, r2
    495c:	d007      	beq.n	496e <_usart_interrupt_handler+0x1e6>
    495e:	69bb      	ldr	r3, [r7, #24]
    4960:	2232      	movs	r2, #50	; 0x32
    4962:	2142      	movs	r1, #66	; 0x42
    4964:	5499      	strb	r1, [r3, r2]
    4966:	697b      	ldr	r3, [r7, #20]
    4968:	2210      	movs	r2, #16
    496a:	835a      	strh	r2, [r3, #26]
    496c:	e00c      	b.n	4988 <_usart_interrupt_handler+0x200>
    496e:	231f      	movs	r3, #31
    4970:	18fb      	adds	r3, r7, r3
    4972:	781b      	ldrb	r3, [r3, #0]
    4974:	2220      	movs	r2, #32
    4976:	4013      	ands	r3, r2
    4978:	d006      	beq.n	4988 <_usart_interrupt_handler+0x200>
    497a:	69bb      	ldr	r3, [r7, #24]
    497c:	2232      	movs	r2, #50	; 0x32
    497e:	2141      	movs	r1, #65	; 0x41
    4980:	5499      	strb	r1, [r3, r2]
    4982:	697b      	ldr	r3, [r7, #20]
    4984:	2220      	movs	r2, #32
    4986:	835a      	strh	r2, [r3, #26]
    4988:	2310      	movs	r3, #16
    498a:	18fb      	adds	r3, r7, r3
    498c:	881b      	ldrh	r3, [r3, #0]
    498e:	2204      	movs	r2, #4
    4990:	4013      	ands	r3, r2
    4992:	d050      	beq.n	4a36 <_usart_interrupt_handler+0x2ae>
    4994:	69bb      	ldr	r3, [r7, #24]
    4996:	695b      	ldr	r3, [r3, #20]
    4998:	69ba      	ldr	r2, [r7, #24]
    499a:	0010      	movs	r0, r2
    499c:	4798      	blx	r3
    499e:	e04a      	b.n	4a36 <_usart_interrupt_handler+0x2ae>
    49a0:	697b      	ldr	r3, [r7, #20]
    49a2:	8d1b      	ldrh	r3, [r3, #40]	; 0x28
    49a4:	b29a      	uxth	r2, r3
    49a6:	230e      	movs	r3, #14
    49a8:	18fb      	adds	r3, r7, r3
    49aa:	05d2      	lsls	r2, r2, #23
    49ac:	0dd2      	lsrs	r2, r2, #23
    49ae:	801a      	strh	r2, [r3, #0]
    49b0:	69bb      	ldr	r3, [r7, #24]
    49b2:	6a5b      	ldr	r3, [r3, #36]	; 0x24
    49b4:	220e      	movs	r2, #14
    49b6:	18ba      	adds	r2, r7, r2
    49b8:	8812      	ldrh	r2, [r2, #0]
    49ba:	b2d2      	uxtb	r2, r2
    49bc:	701a      	strb	r2, [r3, #0]
    49be:	69bb      	ldr	r3, [r7, #24]
    49c0:	6a5b      	ldr	r3, [r3, #36]	; 0x24
    49c2:	1c5a      	adds	r2, r3, #1
    49c4:	69bb      	ldr	r3, [r7, #24]
    49c6:	625a      	str	r2, [r3, #36]	; 0x24
    49c8:	69bb      	ldr	r3, [r7, #24]
    49ca:	795b      	ldrb	r3, [r3, #5]
    49cc:	2b01      	cmp	r3, #1
    49ce:	d10d      	bne.n	49ec <_usart_interrupt_handler+0x264>
    49d0:	69bb      	ldr	r3, [r7, #24]
    49d2:	6a5b      	ldr	r3, [r3, #36]	; 0x24
    49d4:	220e      	movs	r2, #14
    49d6:	18ba      	adds	r2, r7, r2
    49d8:	8812      	ldrh	r2, [r2, #0]
    49da:	0a12      	lsrs	r2, r2, #8
    49dc:	b292      	uxth	r2, r2
    49de:	b2d2      	uxtb	r2, r2
    49e0:	701a      	strb	r2, [r3, #0]
    49e2:	69bb      	ldr	r3, [r7, #24]
    49e4:	6a5b      	ldr	r3, [r3, #36]	; 0x24
    49e6:	1c5a      	adds	r2, r3, #1
    49e8:	69bb      	ldr	r3, [r7, #24]
    49ea:	625a      	str	r2, [r3, #36]	; 0x24
    49ec:	69bb      	ldr	r3, [r7, #24]
    49ee:	8d9b      	ldrh	r3, [r3, #44]	; 0x2c
    49f0:	b29b      	uxth	r3, r3
    49f2:	3b01      	subs	r3, #1
    49f4:	b29b      	uxth	r3, r3
    49f6:	69ba      	ldr	r2, [r7, #24]
    49f8:	1c19      	adds	r1, r3, #0
    49fa:	8591      	strh	r1, [r2, #44]	; 0x2c
    49fc:	2b00      	cmp	r3, #0
    49fe:	d11a      	bne.n	4a36 <_usart_interrupt_handler+0x2ae>
    4a00:	697b      	ldr	r3, [r7, #20]
    4a02:	2204      	movs	r2, #4
    4a04:	751a      	strb	r2, [r3, #20]
    4a06:	69bb      	ldr	r3, [r7, #24]
    4a08:	2232      	movs	r2, #50	; 0x32
    4a0a:	2100      	movs	r1, #0
    4a0c:	5499      	strb	r1, [r3, r2]
    4a0e:	2310      	movs	r3, #16
    4a10:	18fb      	adds	r3, r7, r3
    4a12:	881b      	ldrh	r3, [r3, #0]
    4a14:	2202      	movs	r2, #2
    4a16:	4013      	ands	r3, r2
    4a18:	d00d      	beq.n	4a36 <_usart_interrupt_handler+0x2ae>
    4a1a:	69bb      	ldr	r3, [r7, #24]
    4a1c:	691b      	ldr	r3, [r3, #16]
    4a1e:	69ba      	ldr	r2, [r7, #24]
    4a20:	0010      	movs	r0, r2
    4a22:	4798      	blx	r3
    4a24:	e007      	b.n	4a36 <_usart_interrupt_handler+0x2ae>
    4a26:	46c0      	nop			; (mov r8, r8)
    4a28:	2000386c 	.word	0x2000386c
    4a2c:	00004569 	.word	0x00004569
    4a30:	697b      	ldr	r3, [r7, #20]
    4a32:	2204      	movs	r2, #4
    4a34:	751a      	strb	r2, [r3, #20]
    4a36:	2312      	movs	r3, #18
    4a38:	18fb      	adds	r3, r7, r3
    4a3a:	881b      	ldrh	r3, [r3, #0]
    4a3c:	2210      	movs	r2, #16
    4a3e:	4013      	ands	r3, r2
    4a40:	d010      	beq.n	4a64 <_usart_interrupt_handler+0x2dc>
    4a42:	697b      	ldr	r3, [r7, #20]
    4a44:	2210      	movs	r2, #16
    4a46:	751a      	strb	r2, [r3, #20]
    4a48:	697b      	ldr	r3, [r7, #20]
    4a4a:	2210      	movs	r2, #16
    4a4c:	761a      	strb	r2, [r3, #24]
    4a4e:	2310      	movs	r3, #16
    4a50:	18fb      	adds	r3, r7, r3
    4a52:	881b      	ldrh	r3, [r3, #0]
    4a54:	2210      	movs	r2, #16
    4a56:	4013      	ands	r3, r2
    4a58:	d004      	beq.n	4a64 <_usart_interrupt_handler+0x2dc>
    4a5a:	69bb      	ldr	r3, [r7, #24]
    4a5c:	69db      	ldr	r3, [r3, #28]
    4a5e:	69ba      	ldr	r2, [r7, #24]
    4a60:	0010      	movs	r0, r2
    4a62:	4798      	blx	r3
    4a64:	2312      	movs	r3, #18
    4a66:	18fb      	adds	r3, r7, r3
    4a68:	881b      	ldrh	r3, [r3, #0]
    4a6a:	2220      	movs	r2, #32
    4a6c:	4013      	ands	r3, r2
    4a6e:	d010      	beq.n	4a92 <_usart_interrupt_handler+0x30a>
    4a70:	697b      	ldr	r3, [r7, #20]
    4a72:	2220      	movs	r2, #32
    4a74:	751a      	strb	r2, [r3, #20]
    4a76:	697b      	ldr	r3, [r7, #20]
    4a78:	2220      	movs	r2, #32
    4a7a:	761a      	strb	r2, [r3, #24]
    4a7c:	2310      	movs	r3, #16
    4a7e:	18fb      	adds	r3, r7, r3
    4a80:	881b      	ldrh	r3, [r3, #0]
    4a82:	2208      	movs	r2, #8
    4a84:	4013      	ands	r3, r2
    4a86:	d004      	beq.n	4a92 <_usart_interrupt_handler+0x30a>
    4a88:	69bb      	ldr	r3, [r7, #24]
    4a8a:	699b      	ldr	r3, [r3, #24]
    4a8c:	69ba      	ldr	r2, [r7, #24]
    4a8e:	0010      	movs	r0, r2
    4a90:	4798      	blx	r3
    4a92:	2312      	movs	r3, #18
    4a94:	18fb      	adds	r3, r7, r3
    4a96:	881b      	ldrh	r3, [r3, #0]
    4a98:	2208      	movs	r2, #8
    4a9a:	4013      	ands	r3, r2
    4a9c:	d010      	beq.n	4ac0 <_usart_interrupt_handler+0x338>
    4a9e:	697b      	ldr	r3, [r7, #20]
    4aa0:	2208      	movs	r2, #8
    4aa2:	751a      	strb	r2, [r3, #20]
    4aa4:	697b      	ldr	r3, [r7, #20]
    4aa6:	2208      	movs	r2, #8
    4aa8:	761a      	strb	r2, [r3, #24]
    4aaa:	2310      	movs	r3, #16
    4aac:	18fb      	adds	r3, r7, r3
    4aae:	881b      	ldrh	r3, [r3, #0]
    4ab0:	2220      	movs	r2, #32
    4ab2:	4013      	ands	r3, r2
    4ab4:	d004      	beq.n	4ac0 <_usart_interrupt_handler+0x338>
    4ab6:	69bb      	ldr	r3, [r7, #24]
    4ab8:	6a1b      	ldr	r3, [r3, #32]
    4aba:	69ba      	ldr	r2, [r7, #24]
    4abc:	0010      	movs	r0, r2
    4abe:	4798      	blx	r3
    4ac0:	46c0      	nop			; (mov r8, r8)
    4ac2:	46bd      	mov	sp, r7
    4ac4:	b008      	add	sp, #32
    4ac6:	bd80      	pop	{r7, pc}

00004ac8 <_sercom_default_handler>:
    4ac8:	b580      	push	{r7, lr}
    4aca:	b082      	sub	sp, #8
    4acc:	af00      	add	r7, sp, #0
    4ace:	0002      	movs	r2, r0
    4ad0:	1dfb      	adds	r3, r7, #7
    4ad2:	701a      	strb	r2, [r3, #0]
    4ad4:	46c0      	nop			; (mov r8, r8)
    4ad6:	46bd      	mov	sp, r7
    4ad8:	b002      	add	sp, #8
    4ada:	bd80      	pop	{r7, pc}

00004adc <_sercom_set_handler>:
    4adc:	b580      	push	{r7, lr}
    4ade:	b084      	sub	sp, #16
    4ae0:	af00      	add	r7, sp, #0
    4ae2:	0002      	movs	r2, r0
    4ae4:	6039      	str	r1, [r7, #0]
    4ae6:	1dfb      	adds	r3, r7, #7
    4ae8:	701a      	strb	r2, [r3, #0]
    4aea:	4b13      	ldr	r3, [pc, #76]	; (4b38 <_sercom_set_handler+0x5c>)
    4aec:	781b      	ldrb	r3, [r3, #0]
    4aee:	2201      	movs	r2, #1
    4af0:	4053      	eors	r3, r2
    4af2:	b2db      	uxtb	r3, r3
    4af4:	2b00      	cmp	r3, #0
    4af6:	d015      	beq.n	4b24 <_sercom_set_handler+0x48>
    4af8:	2300      	movs	r3, #0
    4afa:	60fb      	str	r3, [r7, #12]
    4afc:	e00c      	b.n	4b18 <_sercom_set_handler+0x3c>
    4afe:	4b0f      	ldr	r3, [pc, #60]	; (4b3c <_sercom_set_handler+0x60>)
    4b00:	68fa      	ldr	r2, [r7, #12]
    4b02:	0092      	lsls	r2, r2, #2
    4b04:	490e      	ldr	r1, [pc, #56]	; (4b40 <_sercom_set_handler+0x64>)
    4b06:	50d1      	str	r1, [r2, r3]
    4b08:	4b0e      	ldr	r3, [pc, #56]	; (4b44 <_sercom_set_handler+0x68>)
    4b0a:	68fa      	ldr	r2, [r7, #12]
    4b0c:	0092      	lsls	r2, r2, #2
    4b0e:	2100      	movs	r1, #0
    4b10:	50d1      	str	r1, [r2, r3]
    4b12:	68fb      	ldr	r3, [r7, #12]
    4b14:	3301      	adds	r3, #1
    4b16:	60fb      	str	r3, [r7, #12]
    4b18:	68fb      	ldr	r3, [r7, #12]
    4b1a:	2b05      	cmp	r3, #5
    4b1c:	d9ef      	bls.n	4afe <_sercom_set_handler+0x22>
    4b1e:	4b06      	ldr	r3, [pc, #24]	; (4b38 <_sercom_set_handler+0x5c>)
    4b20:	2201      	movs	r2, #1
    4b22:	701a      	strb	r2, [r3, #0]
    4b24:	1dfb      	adds	r3, r7, #7
    4b26:	781a      	ldrb	r2, [r3, #0]
    4b28:	4b04      	ldr	r3, [pc, #16]	; (4b3c <_sercom_set_handler+0x60>)
    4b2a:	0092      	lsls	r2, r2, #2
    4b2c:	6839      	ldr	r1, [r7, #0]
    4b2e:	50d1      	str	r1, [r2, r3]
    4b30:	46c0      	nop			; (mov r8, r8)
    4b32:	46bd      	mov	sp, r7
    4b34:	b004      	add	sp, #16
    4b36:	bd80      	pop	{r7, pc}
    4b38:	200033a9 	.word	0x200033a9
    4b3c:	200033ac 	.word	0x200033ac
    4b40:	00004ac9 	.word	0x00004ac9
    4b44:	2000386c 	.word	0x2000386c

00004b48 <_sercom_get_interrupt_vector>:
    4b48:	b590      	push	{r4, r7, lr}
    4b4a:	b085      	sub	sp, #20
    4b4c:	af00      	add	r7, sp, #0
    4b4e:	6078      	str	r0, [r7, #4]
    4b50:	2308      	movs	r3, #8
    4b52:	18fb      	adds	r3, r7, r3
    4b54:	4a0b      	ldr	r2, [pc, #44]	; (4b84 <_sercom_get_interrupt_vector+0x3c>)
    4b56:	6811      	ldr	r1, [r2, #0]
    4b58:	6019      	str	r1, [r3, #0]
    4b5a:	8892      	ldrh	r2, [r2, #4]
    4b5c:	809a      	strh	r2, [r3, #4]
    4b5e:	230f      	movs	r3, #15
    4b60:	18fc      	adds	r4, r7, r3
    4b62:	687b      	ldr	r3, [r7, #4]
    4b64:	0018      	movs	r0, r3
    4b66:	4b08      	ldr	r3, [pc, #32]	; (4b88 <_sercom_get_interrupt_vector+0x40>)
    4b68:	4798      	blx	r3
    4b6a:	0003      	movs	r3, r0
    4b6c:	7023      	strb	r3, [r4, #0]
    4b6e:	230f      	movs	r3, #15
    4b70:	18fb      	adds	r3, r7, r3
    4b72:	781b      	ldrb	r3, [r3, #0]
    4b74:	2208      	movs	r2, #8
    4b76:	18ba      	adds	r2, r7, r2
    4b78:	5cd3      	ldrb	r3, [r2, r3]
    4b7a:	b25b      	sxtb	r3, r3
    4b7c:	0018      	movs	r0, r3
    4b7e:	46bd      	mov	sp, r7
    4b80:	b005      	add	sp, #20
    4b82:	bd90      	pop	{r4, r7, pc}
    4b84:	0000653c 	.word	0x0000653c
    4b88:	000008f9 	.word	0x000008f9

00004b8c <SERCOM0_Handler>:
    4b8c:	b580      	push	{r7, lr}
    4b8e:	af00      	add	r7, sp, #0
    4b90:	4b03      	ldr	r3, [pc, #12]	; (4ba0 <SERCOM0_Handler+0x14>)
    4b92:	681b      	ldr	r3, [r3, #0]
    4b94:	2000      	movs	r0, #0
    4b96:	4798      	blx	r3
    4b98:	46c0      	nop			; (mov r8, r8)
    4b9a:	46bd      	mov	sp, r7
    4b9c:	bd80      	pop	{r7, pc}
    4b9e:	46c0      	nop			; (mov r8, r8)
    4ba0:	200033ac 	.word	0x200033ac

00004ba4 <SERCOM1_Handler>:
    4ba4:	b580      	push	{r7, lr}
    4ba6:	af00      	add	r7, sp, #0
    4ba8:	4b03      	ldr	r3, [pc, #12]	; (4bb8 <SERCOM1_Handler+0x14>)
    4baa:	685b      	ldr	r3, [r3, #4]
    4bac:	2001      	movs	r0, #1
    4bae:	4798      	blx	r3
    4bb0:	46c0      	nop			; (mov r8, r8)
    4bb2:	46bd      	mov	sp, r7
    4bb4:	bd80      	pop	{r7, pc}
    4bb6:	46c0      	nop			; (mov r8, r8)
    4bb8:	200033ac 	.word	0x200033ac

00004bbc <SERCOM2_Handler>:
    4bbc:	b580      	push	{r7, lr}
    4bbe:	af00      	add	r7, sp, #0
    4bc0:	4b03      	ldr	r3, [pc, #12]	; (4bd0 <SERCOM2_Handler+0x14>)
    4bc2:	689b      	ldr	r3, [r3, #8]
    4bc4:	2002      	movs	r0, #2
    4bc6:	4798      	blx	r3
    4bc8:	46c0      	nop			; (mov r8, r8)
    4bca:	46bd      	mov	sp, r7
    4bcc:	bd80      	pop	{r7, pc}
    4bce:	46c0      	nop			; (mov r8, r8)
    4bd0:	200033ac 	.word	0x200033ac

00004bd4 <SERCOM3_Handler>:
    4bd4:	b580      	push	{r7, lr}
    4bd6:	af00      	add	r7, sp, #0
    4bd8:	4b03      	ldr	r3, [pc, #12]	; (4be8 <SERCOM3_Handler+0x14>)
    4bda:	68db      	ldr	r3, [r3, #12]
    4bdc:	2003      	movs	r0, #3
    4bde:	4798      	blx	r3
    4be0:	46c0      	nop			; (mov r8, r8)
    4be2:	46bd      	mov	sp, r7
    4be4:	bd80      	pop	{r7, pc}
    4be6:	46c0      	nop			; (mov r8, r8)
    4be8:	200033ac 	.word	0x200033ac

00004bec <SERCOM4_Handler>:
    4bec:	b580      	push	{r7, lr}
    4bee:	af00      	add	r7, sp, #0
    4bf0:	4b03      	ldr	r3, [pc, #12]	; (4c00 <SERCOM4_Handler+0x14>)
    4bf2:	691b      	ldr	r3, [r3, #16]
    4bf4:	2004      	movs	r0, #4
    4bf6:	4798      	blx	r3
    4bf8:	46c0      	nop			; (mov r8, r8)
    4bfa:	46bd      	mov	sp, r7
    4bfc:	bd80      	pop	{r7, pc}
    4bfe:	46c0      	nop			; (mov r8, r8)
    4c00:	200033ac 	.word	0x200033ac

00004c04 <SERCOM5_Handler>:
    4c04:	b580      	push	{r7, lr}
    4c06:	af00      	add	r7, sp, #0
    4c08:	4b03      	ldr	r3, [pc, #12]	; (4c18 <SERCOM5_Handler+0x14>)
    4c0a:	695b      	ldr	r3, [r3, #20]
    4c0c:	2005      	movs	r0, #5
    4c0e:	4798      	blx	r3
    4c10:	46c0      	nop			; (mov r8, r8)
    4c12:	46bd      	mov	sp, r7
    4c14:	bd80      	pop	{r7, pc}
    4c16:	46c0      	nop			; (mov r8, r8)
    4c18:	200033ac 	.word	0x200033ac

00004c1c <system_gclk_gen_get_config_defaults>:
    4c1c:	b580      	push	{r7, lr}
    4c1e:	b082      	sub	sp, #8
    4c20:	af00      	add	r7, sp, #0
    4c22:	6078      	str	r0, [r7, #4]
    4c24:	687b      	ldr	r3, [r7, #4]
    4c26:	2201      	movs	r2, #1
    4c28:	605a      	str	r2, [r3, #4]
    4c2a:	687b      	ldr	r3, [r7, #4]
    4c2c:	2200      	movs	r2, #0
    4c2e:	705a      	strb	r2, [r3, #1]
    4c30:	687b      	ldr	r3, [r7, #4]
    4c32:	2206      	movs	r2, #6
    4c34:	701a      	strb	r2, [r3, #0]
    4c36:	687b      	ldr	r3, [r7, #4]
    4c38:	2200      	movs	r2, #0
    4c3a:	721a      	strb	r2, [r3, #8]
    4c3c:	687b      	ldr	r3, [r7, #4]
    4c3e:	2200      	movs	r2, #0
    4c40:	725a      	strb	r2, [r3, #9]
    4c42:	46c0      	nop			; (mov r8, r8)
    4c44:	46bd      	mov	sp, r7
    4c46:	b002      	add	sp, #8
    4c48:	bd80      	pop	{r7, pc}

00004c4a <system_clock_source_osc8m_get_config_defaults>:
    4c4a:	b580      	push	{r7, lr}
    4c4c:	b082      	sub	sp, #8
    4c4e:	af00      	add	r7, sp, #0
    4c50:	6078      	str	r0, [r7, #4]
    4c52:	687b      	ldr	r3, [r7, #4]
    4c54:	2203      	movs	r2, #3
    4c56:	701a      	strb	r2, [r3, #0]
    4c58:	687b      	ldr	r3, [r7, #4]
    4c5a:	2200      	movs	r2, #0
    4c5c:	705a      	strb	r2, [r3, #1]
    4c5e:	687b      	ldr	r3, [r7, #4]
    4c60:	2201      	movs	r2, #1
    4c62:	709a      	strb	r2, [r3, #2]
    4c64:	46c0      	nop			; (mov r8, r8)
    4c66:	46bd      	mov	sp, r7
    4c68:	b002      	add	sp, #8
    4c6a:	bd80      	pop	{r7, pc}

00004c6c <system_cpu_clock_set_divider>:
    4c6c:	b580      	push	{r7, lr}
    4c6e:	b082      	sub	sp, #8
    4c70:	af00      	add	r7, sp, #0
    4c72:	0002      	movs	r2, r0
    4c74:	1dfb      	adds	r3, r7, #7
    4c76:	701a      	strb	r2, [r3, #0]
    4c78:	4a03      	ldr	r2, [pc, #12]	; (4c88 <system_cpu_clock_set_divider+0x1c>)
    4c7a:	1dfb      	adds	r3, r7, #7
    4c7c:	781b      	ldrb	r3, [r3, #0]
    4c7e:	7213      	strb	r3, [r2, #8]
    4c80:	46c0      	nop			; (mov r8, r8)
    4c82:	46bd      	mov	sp, r7
    4c84:	b002      	add	sp, #8
    4c86:	bd80      	pop	{r7, pc}
    4c88:	40000400 	.word	0x40000400

00004c8c <system_apb_clock_set_divider>:
    4c8c:	b580      	push	{r7, lr}
    4c8e:	b082      	sub	sp, #8
    4c90:	af00      	add	r7, sp, #0
    4c92:	0002      	movs	r2, r0
    4c94:	1dfb      	adds	r3, r7, #7
    4c96:	701a      	strb	r2, [r3, #0]
    4c98:	1dbb      	adds	r3, r7, #6
    4c9a:	1c0a      	adds	r2, r1, #0
    4c9c:	701a      	strb	r2, [r3, #0]
    4c9e:	1dfb      	adds	r3, r7, #7
    4ca0:	781b      	ldrb	r3, [r3, #0]
    4ca2:	2b01      	cmp	r3, #1
    4ca4:	d008      	beq.n	4cb8 <system_apb_clock_set_divider+0x2c>
    4ca6:	2b02      	cmp	r3, #2
    4ca8:	d00b      	beq.n	4cc2 <system_apb_clock_set_divider+0x36>
    4caa:	2b00      	cmp	r3, #0
    4cac:	d10e      	bne.n	4ccc <system_apb_clock_set_divider+0x40>
    4cae:	4a0b      	ldr	r2, [pc, #44]	; (4cdc <system_apb_clock_set_divider+0x50>)
    4cb0:	1dbb      	adds	r3, r7, #6
    4cb2:	781b      	ldrb	r3, [r3, #0]
    4cb4:	7253      	strb	r3, [r2, #9]
    4cb6:	e00b      	b.n	4cd0 <system_apb_clock_set_divider+0x44>
    4cb8:	4a08      	ldr	r2, [pc, #32]	; (4cdc <system_apb_clock_set_divider+0x50>)
    4cba:	1dbb      	adds	r3, r7, #6
    4cbc:	781b      	ldrb	r3, [r3, #0]
    4cbe:	7293      	strb	r3, [r2, #10]
    4cc0:	e006      	b.n	4cd0 <system_apb_clock_set_divider+0x44>
    4cc2:	4a06      	ldr	r2, [pc, #24]	; (4cdc <system_apb_clock_set_divider+0x50>)
    4cc4:	1dbb      	adds	r3, r7, #6
    4cc6:	781b      	ldrb	r3, [r3, #0]
    4cc8:	72d3      	strb	r3, [r2, #11]
    4cca:	e001      	b.n	4cd0 <system_apb_clock_set_divider+0x44>
    4ccc:	2317      	movs	r3, #23
    4cce:	e000      	b.n	4cd2 <system_apb_clock_set_divider+0x46>
    4cd0:	2300      	movs	r3, #0
    4cd2:	0018      	movs	r0, r3
    4cd4:	46bd      	mov	sp, r7
    4cd6:	b002      	add	sp, #8
    4cd8:	bd80      	pop	{r7, pc}
    4cda:	46c0      	nop			; (mov r8, r8)
    4cdc:	40000400 	.word	0x40000400

00004ce0 <system_flash_set_waitstates>:
    4ce0:	b580      	push	{r7, lr}
    4ce2:	b082      	sub	sp, #8
    4ce4:	af00      	add	r7, sp, #0
    4ce6:	0002      	movs	r2, r0
    4ce8:	1dfb      	adds	r3, r7, #7
    4cea:	701a      	strb	r2, [r3, #0]
    4cec:	4a08      	ldr	r2, [pc, #32]	; (4d10 <system_flash_set_waitstates+0x30>)
    4cee:	1dfb      	adds	r3, r7, #7
    4cf0:	781b      	ldrb	r3, [r3, #0]
    4cf2:	210f      	movs	r1, #15
    4cf4:	400b      	ands	r3, r1
    4cf6:	b2d9      	uxtb	r1, r3
    4cf8:	6853      	ldr	r3, [r2, #4]
    4cfa:	200f      	movs	r0, #15
    4cfc:	4001      	ands	r1, r0
    4cfe:	0049      	lsls	r1, r1, #1
    4d00:	201e      	movs	r0, #30
    4d02:	4383      	bics	r3, r0
    4d04:	430b      	orrs	r3, r1
    4d06:	6053      	str	r3, [r2, #4]
    4d08:	46c0      	nop			; (mov r8, r8)
    4d0a:	46bd      	mov	sp, r7
    4d0c:	b002      	add	sp, #8
    4d0e:	bd80      	pop	{r7, pc}
    4d10:	41004000 	.word	0x41004000

00004d14 <_system_dfll_wait_for_sync>:
    4d14:	b580      	push	{r7, lr}
    4d16:	af00      	add	r7, sp, #0
    4d18:	46c0      	nop			; (mov r8, r8)
    4d1a:	4b04      	ldr	r3, [pc, #16]	; (4d2c <_system_dfll_wait_for_sync+0x18>)
    4d1c:	68db      	ldr	r3, [r3, #12]
    4d1e:	2210      	movs	r2, #16
    4d20:	4013      	ands	r3, r2
    4d22:	d0fa      	beq.n	4d1a <_system_dfll_wait_for_sync+0x6>
    4d24:	46c0      	nop			; (mov r8, r8)
    4d26:	46bd      	mov	sp, r7
    4d28:	bd80      	pop	{r7, pc}
    4d2a:	46c0      	nop			; (mov r8, r8)
    4d2c:	40000800 	.word	0x40000800

00004d30 <_system_clock_source_dfll_set_config_errata_9905>:
    4d30:	b580      	push	{r7, lr}
    4d32:	af00      	add	r7, sp, #0
    4d34:	4b0c      	ldr	r3, [pc, #48]	; (4d68 <_system_clock_source_dfll_set_config_errata_9905+0x38>)
    4d36:	2202      	movs	r2, #2
    4d38:	849a      	strh	r2, [r3, #36]	; 0x24
    4d3a:	4b0c      	ldr	r3, [pc, #48]	; (4d6c <_system_clock_source_dfll_set_config_errata_9905+0x3c>)
    4d3c:	4798      	blx	r3
    4d3e:	4a0a      	ldr	r2, [pc, #40]	; (4d68 <_system_clock_source_dfll_set_config_errata_9905+0x38>)
    4d40:	4b0b      	ldr	r3, [pc, #44]	; (4d70 <_system_clock_source_dfll_set_config_errata_9905+0x40>)
    4d42:	689b      	ldr	r3, [r3, #8]
    4d44:	62d3      	str	r3, [r2, #44]	; 0x2c
    4d46:	4a08      	ldr	r2, [pc, #32]	; (4d68 <_system_clock_source_dfll_set_config_errata_9905+0x38>)
    4d48:	4b09      	ldr	r3, [pc, #36]	; (4d70 <_system_clock_source_dfll_set_config_errata_9905+0x40>)
    4d4a:	685b      	ldr	r3, [r3, #4]
    4d4c:	6293      	str	r3, [r2, #40]	; 0x28
    4d4e:	4b06      	ldr	r3, [pc, #24]	; (4d68 <_system_clock_source_dfll_set_config_errata_9905+0x38>)
    4d50:	2200      	movs	r2, #0
    4d52:	849a      	strh	r2, [r3, #36]	; 0x24
    4d54:	4b05      	ldr	r3, [pc, #20]	; (4d6c <_system_clock_source_dfll_set_config_errata_9905+0x3c>)
    4d56:	4798      	blx	r3
    4d58:	4a03      	ldr	r2, [pc, #12]	; (4d68 <_system_clock_source_dfll_set_config_errata_9905+0x38>)
    4d5a:	4b05      	ldr	r3, [pc, #20]	; (4d70 <_system_clock_source_dfll_set_config_errata_9905+0x40>)
    4d5c:	681b      	ldr	r3, [r3, #0]
    4d5e:	b29b      	uxth	r3, r3
    4d60:	8493      	strh	r3, [r2, #36]	; 0x24
    4d62:	46c0      	nop			; (mov r8, r8)
    4d64:	46bd      	mov	sp, r7
    4d66:	bd80      	pop	{r7, pc}
    4d68:	40000800 	.word	0x40000800
    4d6c:	00004d15 	.word	0x00004d15
    4d70:	200033c4 	.word	0x200033c4

00004d74 <system_clock_source_get_hz>:
    4d74:	b580      	push	{r7, lr}
    4d76:	b082      	sub	sp, #8
    4d78:	af00      	add	r7, sp, #0
    4d7a:	0002      	movs	r2, r0
    4d7c:	1dfb      	adds	r3, r7, #7
    4d7e:	701a      	strb	r2, [r3, #0]
    4d80:	1dfb      	adds	r3, r7, #7
    4d82:	781b      	ldrb	r3, [r3, #0]
    4d84:	2b08      	cmp	r3, #8
    4d86:	d841      	bhi.n	4e0c <system_clock_source_get_hz+0x98>
    4d88:	009a      	lsls	r2, r3, #2
    4d8a:	4b23      	ldr	r3, [pc, #140]	; (4e18 <system_clock_source_get_hz+0xa4>)
    4d8c:	18d3      	adds	r3, r2, r3
    4d8e:	681b      	ldr	r3, [r3, #0]
    4d90:	469f      	mov	pc, r3
    4d92:	4b22      	ldr	r3, [pc, #136]	; (4e1c <system_clock_source_get_hz+0xa8>)
    4d94:	691b      	ldr	r3, [r3, #16]
    4d96:	e03a      	b.n	4e0e <system_clock_source_get_hz+0x9a>
    4d98:	4b21      	ldr	r3, [pc, #132]	; (4e20 <system_clock_source_get_hz+0xac>)
    4d9a:	6a1b      	ldr	r3, [r3, #32]
    4d9c:	059b      	lsls	r3, r3, #22
    4d9e:	0f9b      	lsrs	r3, r3, #30
    4da0:	b2db      	uxtb	r3, r3
    4da2:	001a      	movs	r2, r3
    4da4:	4b1f      	ldr	r3, [pc, #124]	; (4e24 <system_clock_source_get_hz+0xb0>)
    4da6:	40d3      	lsrs	r3, r2
    4da8:	e031      	b.n	4e0e <system_clock_source_get_hz+0x9a>
    4daa:	2380      	movs	r3, #128	; 0x80
    4dac:	021b      	lsls	r3, r3, #8
    4dae:	e02e      	b.n	4e0e <system_clock_source_get_hz+0x9a>
    4db0:	2380      	movs	r3, #128	; 0x80
    4db2:	021b      	lsls	r3, r3, #8
    4db4:	e02b      	b.n	4e0e <system_clock_source_get_hz+0x9a>
    4db6:	4b19      	ldr	r3, [pc, #100]	; (4e1c <system_clock_source_get_hz+0xa8>)
    4db8:	695b      	ldr	r3, [r3, #20]
    4dba:	e028      	b.n	4e0e <system_clock_source_get_hz+0x9a>
    4dbc:	4b17      	ldr	r3, [pc, #92]	; (4e1c <system_clock_source_get_hz+0xa8>)
    4dbe:	681b      	ldr	r3, [r3, #0]
    4dc0:	2202      	movs	r2, #2
    4dc2:	4013      	ands	r3, r2
    4dc4:	d101      	bne.n	4dca <system_clock_source_get_hz+0x56>
    4dc6:	2300      	movs	r3, #0
    4dc8:	e021      	b.n	4e0e <system_clock_source_get_hz+0x9a>
    4dca:	4b17      	ldr	r3, [pc, #92]	; (4e28 <system_clock_source_get_hz+0xb4>)
    4dcc:	4798      	blx	r3
    4dce:	4b13      	ldr	r3, [pc, #76]	; (4e1c <system_clock_source_get_hz+0xa8>)
    4dd0:	681b      	ldr	r3, [r3, #0]
    4dd2:	2224      	movs	r2, #36	; 0x24
    4dd4:	4013      	ands	r3, r2
    4dd6:	2b04      	cmp	r3, #4
    4dd8:	d109      	bne.n	4dee <system_clock_source_get_hz+0x7a>
    4dda:	2000      	movs	r0, #0
    4ddc:	4b13      	ldr	r3, [pc, #76]	; (4e2c <system_clock_source_get_hz+0xb8>)
    4dde:	4798      	blx	r3
    4de0:	0002      	movs	r2, r0
    4de2:	4b0e      	ldr	r3, [pc, #56]	; (4e1c <system_clock_source_get_hz+0xa8>)
    4de4:	689b      	ldr	r3, [r3, #8]
    4de6:	041b      	lsls	r3, r3, #16
    4de8:	0c1b      	lsrs	r3, r3, #16
    4dea:	4353      	muls	r3, r2
    4dec:	e00f      	b.n	4e0e <system_clock_source_get_hz+0x9a>
    4dee:	4b10      	ldr	r3, [pc, #64]	; (4e30 <system_clock_source_get_hz+0xbc>)
    4df0:	e00d      	b.n	4e0e <system_clock_source_get_hz+0x9a>
    4df2:	4a0b      	ldr	r2, [pc, #44]	; (4e20 <system_clock_source_get_hz+0xac>)
    4df4:	2350      	movs	r3, #80	; 0x50
    4df6:	5cd3      	ldrb	r3, [r2, r3]
    4df8:	b2db      	uxtb	r3, r3
    4dfa:	001a      	movs	r2, r3
    4dfc:	2304      	movs	r3, #4
    4dfe:	4013      	ands	r3, r2
    4e00:	d101      	bne.n	4e06 <system_clock_source_get_hz+0x92>
    4e02:	2300      	movs	r3, #0
    4e04:	e003      	b.n	4e0e <system_clock_source_get_hz+0x9a>
    4e06:	4b05      	ldr	r3, [pc, #20]	; (4e1c <system_clock_source_get_hz+0xa8>)
    4e08:	68db      	ldr	r3, [r3, #12]
    4e0a:	e000      	b.n	4e0e <system_clock_source_get_hz+0x9a>
    4e0c:	2300      	movs	r3, #0
    4e0e:	0018      	movs	r0, r3
    4e10:	46bd      	mov	sp, r7
    4e12:	b002      	add	sp, #8
    4e14:	bd80      	pop	{r7, pc}
    4e16:	46c0      	nop			; (mov r8, r8)
    4e18:	00006544 	.word	0x00006544
    4e1c:	200033c4 	.word	0x200033c4
    4e20:	40000800 	.word	0x40000800
    4e24:	007a1200 	.word	0x007a1200
    4e28:	00004d15 	.word	0x00004d15
    4e2c:	000054b5 	.word	0x000054b5
    4e30:	02dc6c00 	.word	0x02dc6c00

00004e34 <system_clock_source_osc8m_set_config>:
    4e34:	b580      	push	{r7, lr}
    4e36:	b084      	sub	sp, #16
    4e38:	af00      	add	r7, sp, #0
    4e3a:	6078      	str	r0, [r7, #4]
    4e3c:	4b1a      	ldr	r3, [pc, #104]	; (4ea8 <system_clock_source_osc8m_set_config+0x74>)
    4e3e:	6a1b      	ldr	r3, [r3, #32]
    4e40:	60fb      	str	r3, [r7, #12]
    4e42:	687b      	ldr	r3, [r7, #4]
    4e44:	781b      	ldrb	r3, [r3, #0]
    4e46:	1c1a      	adds	r2, r3, #0
    4e48:	2303      	movs	r3, #3
    4e4a:	4013      	ands	r3, r2
    4e4c:	b2da      	uxtb	r2, r3
    4e4e:	230d      	movs	r3, #13
    4e50:	18fb      	adds	r3, r7, r3
    4e52:	2103      	movs	r1, #3
    4e54:	400a      	ands	r2, r1
    4e56:	0010      	movs	r0, r2
    4e58:	781a      	ldrb	r2, [r3, #0]
    4e5a:	2103      	movs	r1, #3
    4e5c:	438a      	bics	r2, r1
    4e5e:	1c11      	adds	r1, r2, #0
    4e60:	1c02      	adds	r2, r0, #0
    4e62:	430a      	orrs	r2, r1
    4e64:	701a      	strb	r2, [r3, #0]
    4e66:	687b      	ldr	r3, [r7, #4]
    4e68:	789a      	ldrb	r2, [r3, #2]
    4e6a:	230c      	movs	r3, #12
    4e6c:	18fb      	adds	r3, r7, r3
    4e6e:	01d0      	lsls	r0, r2, #7
    4e70:	781a      	ldrb	r2, [r3, #0]
    4e72:	217f      	movs	r1, #127	; 0x7f
    4e74:	400a      	ands	r2, r1
    4e76:	1c11      	adds	r1, r2, #0
    4e78:	1c02      	adds	r2, r0, #0
    4e7a:	430a      	orrs	r2, r1
    4e7c:	701a      	strb	r2, [r3, #0]
    4e7e:	687b      	ldr	r3, [r7, #4]
    4e80:	785a      	ldrb	r2, [r3, #1]
    4e82:	230c      	movs	r3, #12
    4e84:	18fb      	adds	r3, r7, r3
    4e86:	2101      	movs	r1, #1
    4e88:	400a      	ands	r2, r1
    4e8a:	0190      	lsls	r0, r2, #6
    4e8c:	781a      	ldrb	r2, [r3, #0]
    4e8e:	2140      	movs	r1, #64	; 0x40
    4e90:	438a      	bics	r2, r1
    4e92:	1c11      	adds	r1, r2, #0
    4e94:	1c02      	adds	r2, r0, #0
    4e96:	430a      	orrs	r2, r1
    4e98:	701a      	strb	r2, [r3, #0]
    4e9a:	4b03      	ldr	r3, [pc, #12]	; (4ea8 <system_clock_source_osc8m_set_config+0x74>)
    4e9c:	68fa      	ldr	r2, [r7, #12]
    4e9e:	621a      	str	r2, [r3, #32]
    4ea0:	46c0      	nop			; (mov r8, r8)
    4ea2:	46bd      	mov	sp, r7
    4ea4:	b004      	add	sp, #16
    4ea6:	bd80      	pop	{r7, pc}
    4ea8:	40000800 	.word	0x40000800

00004eac <system_clock_source_enable>:
    4eac:	b580      	push	{r7, lr}
    4eae:	b082      	sub	sp, #8
    4eb0:	af00      	add	r7, sp, #0
    4eb2:	0002      	movs	r2, r0
    4eb4:	1dfb      	adds	r3, r7, #7
    4eb6:	701a      	strb	r2, [r3, #0]
    4eb8:	1dfb      	adds	r3, r7, #7
    4eba:	781b      	ldrb	r3, [r3, #0]
    4ebc:	2b08      	cmp	r3, #8
    4ebe:	d83b      	bhi.n	4f38 <system_clock_source_enable+0x8c>
    4ec0:	009a      	lsls	r2, r3, #2
    4ec2:	4b21      	ldr	r3, [pc, #132]	; (4f48 <system_clock_source_enable+0x9c>)
    4ec4:	18d3      	adds	r3, r2, r3
    4ec6:	681b      	ldr	r3, [r3, #0]
    4ec8:	469f      	mov	pc, r3
    4eca:	4b20      	ldr	r3, [pc, #128]	; (4f4c <system_clock_source_enable+0xa0>)
    4ecc:	4a1f      	ldr	r2, [pc, #124]	; (4f4c <system_clock_source_enable+0xa0>)
    4ece:	6a12      	ldr	r2, [r2, #32]
    4ed0:	2102      	movs	r1, #2
    4ed2:	430a      	orrs	r2, r1
    4ed4:	621a      	str	r2, [r3, #32]
    4ed6:	2300      	movs	r3, #0
    4ed8:	e031      	b.n	4f3e <system_clock_source_enable+0x92>
    4eda:	4b1c      	ldr	r3, [pc, #112]	; (4f4c <system_clock_source_enable+0xa0>)
    4edc:	4a1b      	ldr	r2, [pc, #108]	; (4f4c <system_clock_source_enable+0xa0>)
    4ede:	6992      	ldr	r2, [r2, #24]
    4ee0:	2102      	movs	r1, #2
    4ee2:	430a      	orrs	r2, r1
    4ee4:	619a      	str	r2, [r3, #24]
    4ee6:	e029      	b.n	4f3c <system_clock_source_enable+0x90>
    4ee8:	4a18      	ldr	r2, [pc, #96]	; (4f4c <system_clock_source_enable+0xa0>)
    4eea:	4b18      	ldr	r3, [pc, #96]	; (4f4c <system_clock_source_enable+0xa0>)
    4eec:	8a1b      	ldrh	r3, [r3, #16]
    4eee:	b29b      	uxth	r3, r3
    4ef0:	2102      	movs	r1, #2
    4ef2:	430b      	orrs	r3, r1
    4ef4:	b29b      	uxth	r3, r3
    4ef6:	8213      	strh	r3, [r2, #16]
    4ef8:	e020      	b.n	4f3c <system_clock_source_enable+0x90>
    4efa:	4a14      	ldr	r2, [pc, #80]	; (4f4c <system_clock_source_enable+0xa0>)
    4efc:	4b13      	ldr	r3, [pc, #76]	; (4f4c <system_clock_source_enable+0xa0>)
    4efe:	8a9b      	ldrh	r3, [r3, #20]
    4f00:	b29b      	uxth	r3, r3
    4f02:	2102      	movs	r1, #2
    4f04:	430b      	orrs	r3, r1
    4f06:	b29b      	uxth	r3, r3
    4f08:	8293      	strh	r3, [r2, #20]
    4f0a:	e017      	b.n	4f3c <system_clock_source_enable+0x90>
    4f0c:	4b10      	ldr	r3, [pc, #64]	; (4f50 <system_clock_source_enable+0xa4>)
    4f0e:	681b      	ldr	r3, [r3, #0]
    4f10:	2202      	movs	r2, #2
    4f12:	431a      	orrs	r2, r3
    4f14:	4b0e      	ldr	r3, [pc, #56]	; (4f50 <system_clock_source_enable+0xa4>)
    4f16:	601a      	str	r2, [r3, #0]
    4f18:	4b0e      	ldr	r3, [pc, #56]	; (4f54 <system_clock_source_enable+0xa8>)
    4f1a:	4798      	blx	r3
    4f1c:	e00e      	b.n	4f3c <system_clock_source_enable+0x90>
    4f1e:	4a0b      	ldr	r2, [pc, #44]	; (4f4c <system_clock_source_enable+0xa0>)
    4f20:	490a      	ldr	r1, [pc, #40]	; (4f4c <system_clock_source_enable+0xa0>)
    4f22:	2344      	movs	r3, #68	; 0x44
    4f24:	5ccb      	ldrb	r3, [r1, r3]
    4f26:	b2db      	uxtb	r3, r3
    4f28:	2102      	movs	r1, #2
    4f2a:	430b      	orrs	r3, r1
    4f2c:	b2d9      	uxtb	r1, r3
    4f2e:	2344      	movs	r3, #68	; 0x44
    4f30:	54d1      	strb	r1, [r2, r3]
    4f32:	e003      	b.n	4f3c <system_clock_source_enable+0x90>
    4f34:	2300      	movs	r3, #0
    4f36:	e002      	b.n	4f3e <system_clock_source_enable+0x92>
    4f38:	2317      	movs	r3, #23
    4f3a:	e000      	b.n	4f3e <system_clock_source_enable+0x92>
    4f3c:	2300      	movs	r3, #0
    4f3e:	0018      	movs	r0, r3
    4f40:	46bd      	mov	sp, r7
    4f42:	b002      	add	sp, #8
    4f44:	bd80      	pop	{r7, pc}
    4f46:	46c0      	nop			; (mov r8, r8)
    4f48:	00006568 	.word	0x00006568
    4f4c:	40000800 	.word	0x40000800
    4f50:	200033c4 	.word	0x200033c4
    4f54:	00004d31 	.word	0x00004d31

00004f58 <_switch_peripheral_gclk>:
    4f58:	b580      	push	{r7, lr}
    4f5a:	b082      	sub	sp, #8
    4f5c:	af00      	add	r7, sp, #0
    4f5e:	003b      	movs	r3, r7
    4f60:	2201      	movs	r2, #1
    4f62:	701a      	strb	r2, [r3, #0]
    4f64:	2300      	movs	r3, #0
    4f66:	607b      	str	r3, [r7, #4]
    4f68:	e009      	b.n	4f7e <_switch_peripheral_gclk+0x26>
    4f6a:	687b      	ldr	r3, [r7, #4]
    4f6c:	b2db      	uxtb	r3, r3
    4f6e:	003a      	movs	r2, r7
    4f70:	0011      	movs	r1, r2
    4f72:	0018      	movs	r0, r3
    4f74:	4b05      	ldr	r3, [pc, #20]	; (4f8c <_switch_peripheral_gclk+0x34>)
    4f76:	4798      	blx	r3
    4f78:	687b      	ldr	r3, [r7, #4]
    4f7a:	3301      	adds	r3, #1
    4f7c:	607b      	str	r3, [r7, #4]
    4f7e:	687b      	ldr	r3, [r7, #4]
    4f80:	2b24      	cmp	r3, #36	; 0x24
    4f82:	d9f2      	bls.n	4f6a <_switch_peripheral_gclk+0x12>
    4f84:	46c0      	nop			; (mov r8, r8)
    4f86:	46bd      	mov	sp, r7
    4f88:	b002      	add	sp, #8
    4f8a:	bd80      	pop	{r7, pc}
    4f8c:	00005391 	.word	0x00005391

00004f90 <system_clock_init>:
    4f90:	b580      	push	{r7, lr}
    4f92:	b0a0      	sub	sp, #128	; 0x80
    4f94:	af00      	add	r7, sp, #0
    4f96:	4b27      	ldr	r3, [pc, #156]	; (5034 <system_clock_init+0xa4>)
    4f98:	22c2      	movs	r2, #194	; 0xc2
    4f9a:	00d2      	lsls	r2, r2, #3
    4f9c:	609a      	str	r2, [r3, #8]
    4f9e:	2000      	movs	r0, #0
    4fa0:	4b25      	ldr	r3, [pc, #148]	; (5038 <system_clock_init+0xa8>)
    4fa2:	4798      	blx	r3
    4fa4:	4b25      	ldr	r3, [pc, #148]	; (503c <system_clock_init+0xac>)
    4fa6:	4798      	blx	r3
    4fa8:	237c      	movs	r3, #124	; 0x7c
    4faa:	18fb      	adds	r3, r7, r3
    4fac:	0018      	movs	r0, r3
    4fae:	4b24      	ldr	r3, [pc, #144]	; (5040 <system_clock_init+0xb0>)
    4fb0:	4798      	blx	r3
    4fb2:	237c      	movs	r3, #124	; 0x7c
    4fb4:	18fb      	adds	r3, r7, r3
    4fb6:	2200      	movs	r2, #0
    4fb8:	701a      	strb	r2, [r3, #0]
    4fba:	237c      	movs	r3, #124	; 0x7c
    4fbc:	18fb      	adds	r3, r7, r3
    4fbe:	2201      	movs	r2, #1
    4fc0:	709a      	strb	r2, [r3, #2]
    4fc2:	237c      	movs	r3, #124	; 0x7c
    4fc4:	18fb      	adds	r3, r7, r3
    4fc6:	2200      	movs	r2, #0
    4fc8:	705a      	strb	r2, [r3, #1]
    4fca:	237c      	movs	r3, #124	; 0x7c
    4fcc:	18fb      	adds	r3, r7, r3
    4fce:	0018      	movs	r0, r3
    4fd0:	4b1c      	ldr	r3, [pc, #112]	; (5044 <system_clock_init+0xb4>)
    4fd2:	4798      	blx	r3
    4fd4:	2006      	movs	r0, #6
    4fd6:	4b1c      	ldr	r3, [pc, #112]	; (5048 <system_clock_init+0xb8>)
    4fd8:	4798      	blx	r3
    4fda:	4b1c      	ldr	r3, [pc, #112]	; (504c <system_clock_init+0xbc>)
    4fdc:	4798      	blx	r3
    4fde:	2000      	movs	r0, #0
    4fe0:	4b1b      	ldr	r3, [pc, #108]	; (5050 <system_clock_init+0xc0>)
    4fe2:	4798      	blx	r3
    4fe4:	2100      	movs	r1, #0
    4fe6:	2000      	movs	r0, #0
    4fe8:	4b1a      	ldr	r3, [pc, #104]	; (5054 <system_clock_init+0xc4>)
    4fea:	4798      	blx	r3
    4fec:	2100      	movs	r1, #0
    4fee:	2001      	movs	r0, #1
    4ff0:	4b18      	ldr	r3, [pc, #96]	; (5054 <system_clock_init+0xc4>)
    4ff2:	4798      	blx	r3
    4ff4:	2100      	movs	r1, #0
    4ff6:	2002      	movs	r0, #2
    4ff8:	4b16      	ldr	r3, [pc, #88]	; (5054 <system_clock_init+0xc4>)
    4ffa:	4798      	blx	r3
    4ffc:	1d3b      	adds	r3, r7, #4
    4ffe:	0018      	movs	r0, r3
    5000:	4b15      	ldr	r3, [pc, #84]	; (5058 <system_clock_init+0xc8>)
    5002:	4798      	blx	r3
    5004:	1d3b      	adds	r3, r7, #4
    5006:	2206      	movs	r2, #6
    5008:	701a      	strb	r2, [r3, #0]
    500a:	1d3b      	adds	r3, r7, #4
    500c:	2201      	movs	r2, #1
    500e:	605a      	str	r2, [r3, #4]
    5010:	1d3b      	adds	r3, r7, #4
    5012:	2200      	movs	r2, #0
    5014:	721a      	strb	r2, [r3, #8]
    5016:	1d3b      	adds	r3, r7, #4
    5018:	2200      	movs	r2, #0
    501a:	725a      	strb	r2, [r3, #9]
    501c:	1d3b      	adds	r3, r7, #4
    501e:	0019      	movs	r1, r3
    5020:	2000      	movs	r0, #0
    5022:	4b0e      	ldr	r3, [pc, #56]	; (505c <system_clock_init+0xcc>)
    5024:	4798      	blx	r3
    5026:	2000      	movs	r0, #0
    5028:	4b0d      	ldr	r3, [pc, #52]	; (5060 <system_clock_init+0xd0>)
    502a:	4798      	blx	r3
    502c:	46c0      	nop			; (mov r8, r8)
    502e:	46bd      	mov	sp, r7
    5030:	b020      	add	sp, #128	; 0x80
    5032:	bd80      	pop	{r7, pc}
    5034:	40000800 	.word	0x40000800
    5038:	00004ce1 	.word	0x00004ce1
    503c:	00004f59 	.word	0x00004f59
    5040:	00004c4b 	.word	0x00004c4b
    5044:	00004e35 	.word	0x00004e35
    5048:	00004ead 	.word	0x00004ead
    504c:	00005109 	.word	0x00005109
    5050:	00004c6d 	.word	0x00004c6d
    5054:	00004c8d 	.word	0x00004c8d
    5058:	00004c1d 	.word	0x00004c1d
    505c:	00005139 	.word	0x00005139
    5060:	0000525d 	.word	0x0000525d

00005064 <system_apb_clock_set_mask>:
    5064:	b580      	push	{r7, lr}
    5066:	b082      	sub	sp, #8
    5068:	af00      	add	r7, sp, #0
    506a:	0002      	movs	r2, r0
    506c:	6039      	str	r1, [r7, #0]
    506e:	1dfb      	adds	r3, r7, #7
    5070:	701a      	strb	r2, [r3, #0]
    5072:	1dfb      	adds	r3, r7, #7
    5074:	781b      	ldrb	r3, [r3, #0]
    5076:	2b01      	cmp	r3, #1
    5078:	d00a      	beq.n	5090 <system_apb_clock_set_mask+0x2c>
    507a:	2b02      	cmp	r3, #2
    507c:	d00f      	beq.n	509e <system_apb_clock_set_mask+0x3a>
    507e:	2b00      	cmp	r3, #0
    5080:	d114      	bne.n	50ac <system_apb_clock_set_mask+0x48>
    5082:	4b0e      	ldr	r3, [pc, #56]	; (50bc <system_apb_clock_set_mask+0x58>)
    5084:	4a0d      	ldr	r2, [pc, #52]	; (50bc <system_apb_clock_set_mask+0x58>)
    5086:	6991      	ldr	r1, [r2, #24]
    5088:	683a      	ldr	r2, [r7, #0]
    508a:	430a      	orrs	r2, r1
    508c:	619a      	str	r2, [r3, #24]
    508e:	e00f      	b.n	50b0 <system_apb_clock_set_mask+0x4c>
    5090:	4b0a      	ldr	r3, [pc, #40]	; (50bc <system_apb_clock_set_mask+0x58>)
    5092:	4a0a      	ldr	r2, [pc, #40]	; (50bc <system_apb_clock_set_mask+0x58>)
    5094:	69d1      	ldr	r1, [r2, #28]
    5096:	683a      	ldr	r2, [r7, #0]
    5098:	430a      	orrs	r2, r1
    509a:	61da      	str	r2, [r3, #28]
    509c:	e008      	b.n	50b0 <system_apb_clock_set_mask+0x4c>
    509e:	4b07      	ldr	r3, [pc, #28]	; (50bc <system_apb_clock_set_mask+0x58>)
    50a0:	4a06      	ldr	r2, [pc, #24]	; (50bc <system_apb_clock_set_mask+0x58>)
    50a2:	6a11      	ldr	r1, [r2, #32]
    50a4:	683a      	ldr	r2, [r7, #0]
    50a6:	430a      	orrs	r2, r1
    50a8:	621a      	str	r2, [r3, #32]
    50aa:	e001      	b.n	50b0 <system_apb_clock_set_mask+0x4c>
    50ac:	2317      	movs	r3, #23
    50ae:	e000      	b.n	50b2 <system_apb_clock_set_mask+0x4e>
    50b0:	2300      	movs	r3, #0
    50b2:	0018      	movs	r0, r3
    50b4:	46bd      	mov	sp, r7
    50b6:	b002      	add	sp, #8
    50b8:	bd80      	pop	{r7, pc}
    50ba:	46c0      	nop			; (mov r8, r8)
    50bc:	40000400 	.word	0x40000400

000050c0 <system_interrupt_enter_critical_section>:
    50c0:	b580      	push	{r7, lr}
    50c2:	af00      	add	r7, sp, #0
    50c4:	4b02      	ldr	r3, [pc, #8]	; (50d0 <system_interrupt_enter_critical_section+0x10>)
    50c6:	4798      	blx	r3
    50c8:	46c0      	nop			; (mov r8, r8)
    50ca:	46bd      	mov	sp, r7
    50cc:	bd80      	pop	{r7, pc}
    50ce:	46c0      	nop			; (mov r8, r8)
    50d0:	00000115 	.word	0x00000115

000050d4 <system_interrupt_leave_critical_section>:
    50d4:	b580      	push	{r7, lr}
    50d6:	af00      	add	r7, sp, #0
    50d8:	4b02      	ldr	r3, [pc, #8]	; (50e4 <system_interrupt_leave_critical_section+0x10>)
    50da:	4798      	blx	r3
    50dc:	46c0      	nop			; (mov r8, r8)
    50de:	46bd      	mov	sp, r7
    50e0:	bd80      	pop	{r7, pc}
    50e2:	46c0      	nop			; (mov r8, r8)
    50e4:	00000169 	.word	0x00000169

000050e8 <system_gclk_is_syncing>:
    50e8:	b580      	push	{r7, lr}
    50ea:	af00      	add	r7, sp, #0
    50ec:	4b05      	ldr	r3, [pc, #20]	; (5104 <system_gclk_is_syncing+0x1c>)
    50ee:	785b      	ldrb	r3, [r3, #1]
    50f0:	b2db      	uxtb	r3, r3
    50f2:	b25b      	sxtb	r3, r3
    50f4:	2b00      	cmp	r3, #0
    50f6:	da01      	bge.n	50fc <system_gclk_is_syncing+0x14>
    50f8:	2301      	movs	r3, #1
    50fa:	e000      	b.n	50fe <system_gclk_is_syncing+0x16>
    50fc:	2300      	movs	r3, #0
    50fe:	0018      	movs	r0, r3
    5100:	46bd      	mov	sp, r7
    5102:	bd80      	pop	{r7, pc}
    5104:	40000c00 	.word	0x40000c00

00005108 <system_gclk_init>:
    5108:	b580      	push	{r7, lr}
    510a:	af00      	add	r7, sp, #0
    510c:	2108      	movs	r1, #8
    510e:	2000      	movs	r0, #0
    5110:	4b07      	ldr	r3, [pc, #28]	; (5130 <system_gclk_init+0x28>)
    5112:	4798      	blx	r3
    5114:	4b07      	ldr	r3, [pc, #28]	; (5134 <system_gclk_init+0x2c>)
    5116:	2201      	movs	r2, #1
    5118:	701a      	strb	r2, [r3, #0]
    511a:	46c0      	nop			; (mov r8, r8)
    511c:	4b05      	ldr	r3, [pc, #20]	; (5134 <system_gclk_init+0x2c>)
    511e:	781b      	ldrb	r3, [r3, #0]
    5120:	b2db      	uxtb	r3, r3
    5122:	001a      	movs	r2, r3
    5124:	2301      	movs	r3, #1
    5126:	4013      	ands	r3, r2
    5128:	d1f8      	bne.n	511c <system_gclk_init+0x14>
    512a:	46c0      	nop			; (mov r8, r8)
    512c:	46bd      	mov	sp, r7
    512e:	bd80      	pop	{r7, pc}
    5130:	00005065 	.word	0x00005065
    5134:	40000c00 	.word	0x40000c00

00005138 <system_gclk_gen_set_config>:
    5138:	b580      	push	{r7, lr}
    513a:	b086      	sub	sp, #24
    513c:	af00      	add	r7, sp, #0
    513e:	0002      	movs	r2, r0
    5140:	6039      	str	r1, [r7, #0]
    5142:	1dfb      	adds	r3, r7, #7
    5144:	701a      	strb	r2, [r3, #0]
    5146:	1dfb      	adds	r3, r7, #7
    5148:	781b      	ldrb	r3, [r3, #0]
    514a:	617b      	str	r3, [r7, #20]
    514c:	1dfb      	adds	r3, r7, #7
    514e:	781b      	ldrb	r3, [r3, #0]
    5150:	613b      	str	r3, [r7, #16]
    5152:	683b      	ldr	r3, [r7, #0]
    5154:	781b      	ldrb	r3, [r3, #0]
    5156:	021b      	lsls	r3, r3, #8
    5158:	001a      	movs	r2, r3
    515a:	697b      	ldr	r3, [r7, #20]
    515c:	4313      	orrs	r3, r2
    515e:	617b      	str	r3, [r7, #20]
    5160:	683b      	ldr	r3, [r7, #0]
    5162:	785b      	ldrb	r3, [r3, #1]
    5164:	2b00      	cmp	r3, #0
    5166:	d004      	beq.n	5172 <system_gclk_gen_set_config+0x3a>
    5168:	697b      	ldr	r3, [r7, #20]
    516a:	2280      	movs	r2, #128	; 0x80
    516c:	02d2      	lsls	r2, r2, #11
    516e:	4313      	orrs	r3, r2
    5170:	617b      	str	r3, [r7, #20]
    5172:	683b      	ldr	r3, [r7, #0]
    5174:	7a5b      	ldrb	r3, [r3, #9]
    5176:	2b00      	cmp	r3, #0
    5178:	d004      	beq.n	5184 <system_gclk_gen_set_config+0x4c>
    517a:	697b      	ldr	r3, [r7, #20]
    517c:	2280      	movs	r2, #128	; 0x80
    517e:	0312      	lsls	r2, r2, #12
    5180:	4313      	orrs	r3, r2
    5182:	617b      	str	r3, [r7, #20]
    5184:	683b      	ldr	r3, [r7, #0]
    5186:	685b      	ldr	r3, [r3, #4]
    5188:	2b01      	cmp	r3, #1
    518a:	d92c      	bls.n	51e6 <system_gclk_gen_set_config+0xae>
    518c:	683b      	ldr	r3, [r7, #0]
    518e:	685a      	ldr	r2, [r3, #4]
    5190:	683b      	ldr	r3, [r7, #0]
    5192:	685b      	ldr	r3, [r3, #4]
    5194:	3b01      	subs	r3, #1
    5196:	4013      	ands	r3, r2
    5198:	d11a      	bne.n	51d0 <system_gclk_gen_set_config+0x98>
    519a:	2300      	movs	r3, #0
    519c:	60fb      	str	r3, [r7, #12]
    519e:	2302      	movs	r3, #2
    51a0:	60bb      	str	r3, [r7, #8]
    51a2:	e005      	b.n	51b0 <system_gclk_gen_set_config+0x78>
    51a4:	68fb      	ldr	r3, [r7, #12]
    51a6:	3301      	adds	r3, #1
    51a8:	60fb      	str	r3, [r7, #12]
    51aa:	68bb      	ldr	r3, [r7, #8]
    51ac:	005b      	lsls	r3, r3, #1
    51ae:	60bb      	str	r3, [r7, #8]
    51b0:	683b      	ldr	r3, [r7, #0]
    51b2:	685a      	ldr	r2, [r3, #4]
    51b4:	68bb      	ldr	r3, [r7, #8]
    51b6:	429a      	cmp	r2, r3
    51b8:	d8f4      	bhi.n	51a4 <system_gclk_gen_set_config+0x6c>
    51ba:	68fb      	ldr	r3, [r7, #12]
    51bc:	021b      	lsls	r3, r3, #8
    51be:	693a      	ldr	r2, [r7, #16]
    51c0:	4313      	orrs	r3, r2
    51c2:	613b      	str	r3, [r7, #16]
    51c4:	697b      	ldr	r3, [r7, #20]
    51c6:	2280      	movs	r2, #128	; 0x80
    51c8:	0352      	lsls	r2, r2, #13
    51ca:	4313      	orrs	r3, r2
    51cc:	617b      	str	r3, [r7, #20]
    51ce:	e00a      	b.n	51e6 <system_gclk_gen_set_config+0xae>
    51d0:	683b      	ldr	r3, [r7, #0]
    51d2:	685b      	ldr	r3, [r3, #4]
    51d4:	021b      	lsls	r3, r3, #8
    51d6:	693a      	ldr	r2, [r7, #16]
    51d8:	4313      	orrs	r3, r2
    51da:	613b      	str	r3, [r7, #16]
    51dc:	697b      	ldr	r3, [r7, #20]
    51de:	2280      	movs	r2, #128	; 0x80
    51e0:	0292      	lsls	r2, r2, #10
    51e2:	4313      	orrs	r3, r2
    51e4:	617b      	str	r3, [r7, #20]
    51e6:	683b      	ldr	r3, [r7, #0]
    51e8:	7a1b      	ldrb	r3, [r3, #8]
    51ea:	2b00      	cmp	r3, #0
    51ec:	d004      	beq.n	51f8 <system_gclk_gen_set_config+0xc0>
    51ee:	697b      	ldr	r3, [r7, #20]
    51f0:	2280      	movs	r2, #128	; 0x80
    51f2:	0392      	lsls	r2, r2, #14
    51f4:	4313      	orrs	r3, r2
    51f6:	617b      	str	r3, [r7, #20]
    51f8:	46c0      	nop			; (mov r8, r8)
    51fa:	4b13      	ldr	r3, [pc, #76]	; (5248 <system_gclk_gen_set_config+0x110>)
    51fc:	4798      	blx	r3
    51fe:	1e03      	subs	r3, r0, #0
    5200:	d1fb      	bne.n	51fa <system_gclk_gen_set_config+0xc2>
    5202:	4b12      	ldr	r3, [pc, #72]	; (524c <system_gclk_gen_set_config+0x114>)
    5204:	4798      	blx	r3
    5206:	4a12      	ldr	r2, [pc, #72]	; (5250 <system_gclk_gen_set_config+0x118>)
    5208:	1dfb      	adds	r3, r7, #7
    520a:	781b      	ldrb	r3, [r3, #0]
    520c:	7013      	strb	r3, [r2, #0]
    520e:	46c0      	nop			; (mov r8, r8)
    5210:	4b0d      	ldr	r3, [pc, #52]	; (5248 <system_gclk_gen_set_config+0x110>)
    5212:	4798      	blx	r3
    5214:	1e03      	subs	r3, r0, #0
    5216:	d1fb      	bne.n	5210 <system_gclk_gen_set_config+0xd8>
    5218:	4b0e      	ldr	r3, [pc, #56]	; (5254 <system_gclk_gen_set_config+0x11c>)
    521a:	693a      	ldr	r2, [r7, #16]
    521c:	609a      	str	r2, [r3, #8]
    521e:	46c0      	nop			; (mov r8, r8)
    5220:	4b09      	ldr	r3, [pc, #36]	; (5248 <system_gclk_gen_set_config+0x110>)
    5222:	4798      	blx	r3
    5224:	1e03      	subs	r3, r0, #0
    5226:	d1fb      	bne.n	5220 <system_gclk_gen_set_config+0xe8>
    5228:	4b0a      	ldr	r3, [pc, #40]	; (5254 <system_gclk_gen_set_config+0x11c>)
    522a:	4a0a      	ldr	r2, [pc, #40]	; (5254 <system_gclk_gen_set_config+0x11c>)
    522c:	6851      	ldr	r1, [r2, #4]
    522e:	2280      	movs	r2, #128	; 0x80
    5230:	0252      	lsls	r2, r2, #9
    5232:	4011      	ands	r1, r2
    5234:	697a      	ldr	r2, [r7, #20]
    5236:	430a      	orrs	r2, r1
    5238:	605a      	str	r2, [r3, #4]
    523a:	4b07      	ldr	r3, [pc, #28]	; (5258 <system_gclk_gen_set_config+0x120>)
    523c:	4798      	blx	r3
    523e:	46c0      	nop			; (mov r8, r8)
    5240:	46bd      	mov	sp, r7
    5242:	b006      	add	sp, #24
    5244:	bd80      	pop	{r7, pc}
    5246:	46c0      	nop			; (mov r8, r8)
    5248:	000050e9 	.word	0x000050e9
    524c:	000050c1 	.word	0x000050c1
    5250:	40000c08 	.word	0x40000c08
    5254:	40000c00 	.word	0x40000c00
    5258:	000050d5 	.word	0x000050d5

0000525c <system_gclk_gen_enable>:
    525c:	b580      	push	{r7, lr}
    525e:	b082      	sub	sp, #8
    5260:	af00      	add	r7, sp, #0
    5262:	0002      	movs	r2, r0
    5264:	1dfb      	adds	r3, r7, #7
    5266:	701a      	strb	r2, [r3, #0]
    5268:	46c0      	nop			; (mov r8, r8)
    526a:	4b0e      	ldr	r3, [pc, #56]	; (52a4 <system_gclk_gen_enable+0x48>)
    526c:	4798      	blx	r3
    526e:	1e03      	subs	r3, r0, #0
    5270:	d1fb      	bne.n	526a <system_gclk_gen_enable+0xe>
    5272:	4b0d      	ldr	r3, [pc, #52]	; (52a8 <system_gclk_gen_enable+0x4c>)
    5274:	4798      	blx	r3
    5276:	4a0d      	ldr	r2, [pc, #52]	; (52ac <system_gclk_gen_enable+0x50>)
    5278:	1dfb      	adds	r3, r7, #7
    527a:	781b      	ldrb	r3, [r3, #0]
    527c:	7013      	strb	r3, [r2, #0]
    527e:	46c0      	nop			; (mov r8, r8)
    5280:	4b08      	ldr	r3, [pc, #32]	; (52a4 <system_gclk_gen_enable+0x48>)
    5282:	4798      	blx	r3
    5284:	1e03      	subs	r3, r0, #0
    5286:	d1fb      	bne.n	5280 <system_gclk_gen_enable+0x24>
    5288:	4b09      	ldr	r3, [pc, #36]	; (52b0 <system_gclk_gen_enable+0x54>)
    528a:	4a09      	ldr	r2, [pc, #36]	; (52b0 <system_gclk_gen_enable+0x54>)
    528c:	6852      	ldr	r2, [r2, #4]
    528e:	2180      	movs	r1, #128	; 0x80
    5290:	0249      	lsls	r1, r1, #9
    5292:	430a      	orrs	r2, r1
    5294:	605a      	str	r2, [r3, #4]
    5296:	4b07      	ldr	r3, [pc, #28]	; (52b4 <system_gclk_gen_enable+0x58>)
    5298:	4798      	blx	r3
    529a:	46c0      	nop			; (mov r8, r8)
    529c:	46bd      	mov	sp, r7
    529e:	b002      	add	sp, #8
    52a0:	bd80      	pop	{r7, pc}
    52a2:	46c0      	nop			; (mov r8, r8)
    52a4:	000050e9 	.word	0x000050e9
    52a8:	000050c1 	.word	0x000050c1
    52ac:	40000c04 	.word	0x40000c04
    52b0:	40000c00 	.word	0x40000c00
    52b4:	000050d5 	.word	0x000050d5

000052b8 <system_gclk_gen_get_hz>:
    52b8:	b580      	push	{r7, lr}
    52ba:	b086      	sub	sp, #24
    52bc:	af00      	add	r7, sp, #0
    52be:	0002      	movs	r2, r0
    52c0:	1dfb      	adds	r3, r7, #7
    52c2:	701a      	strb	r2, [r3, #0]
    52c4:	46c0      	nop			; (mov r8, r8)
    52c6:	4b2a      	ldr	r3, [pc, #168]	; (5370 <system_gclk_gen_get_hz+0xb8>)
    52c8:	4798      	blx	r3
    52ca:	1e03      	subs	r3, r0, #0
    52cc:	d1fb      	bne.n	52c6 <system_gclk_gen_get_hz+0xe>
    52ce:	4b29      	ldr	r3, [pc, #164]	; (5374 <system_gclk_gen_get_hz+0xbc>)
    52d0:	4798      	blx	r3
    52d2:	4a29      	ldr	r2, [pc, #164]	; (5378 <system_gclk_gen_get_hz+0xc0>)
    52d4:	1dfb      	adds	r3, r7, #7
    52d6:	781b      	ldrb	r3, [r3, #0]
    52d8:	7013      	strb	r3, [r2, #0]
    52da:	46c0      	nop			; (mov r8, r8)
    52dc:	4b24      	ldr	r3, [pc, #144]	; (5370 <system_gclk_gen_get_hz+0xb8>)
    52de:	4798      	blx	r3
    52e0:	1e03      	subs	r3, r0, #0
    52e2:	d1fb      	bne.n	52dc <system_gclk_gen_get_hz+0x24>
    52e4:	4b25      	ldr	r3, [pc, #148]	; (537c <system_gclk_gen_get_hz+0xc4>)
    52e6:	685b      	ldr	r3, [r3, #4]
    52e8:	04db      	lsls	r3, r3, #19
    52ea:	0edb      	lsrs	r3, r3, #27
    52ec:	b2db      	uxtb	r3, r3
    52ee:	0018      	movs	r0, r3
    52f0:	4b23      	ldr	r3, [pc, #140]	; (5380 <system_gclk_gen_get_hz+0xc8>)
    52f2:	4798      	blx	r3
    52f4:	0003      	movs	r3, r0
    52f6:	617b      	str	r3, [r7, #20]
    52f8:	4a1f      	ldr	r2, [pc, #124]	; (5378 <system_gclk_gen_get_hz+0xc0>)
    52fa:	1dfb      	adds	r3, r7, #7
    52fc:	781b      	ldrb	r3, [r3, #0]
    52fe:	7013      	strb	r3, [r2, #0]
    5300:	4b1e      	ldr	r3, [pc, #120]	; (537c <system_gclk_gen_get_hz+0xc4>)
    5302:	685b      	ldr	r3, [r3, #4]
    5304:	02db      	lsls	r3, r3, #11
    5306:	0fdb      	lsrs	r3, r3, #31
    5308:	b2da      	uxtb	r2, r3
    530a:	2313      	movs	r3, #19
    530c:	18fb      	adds	r3, r7, r3
    530e:	701a      	strb	r2, [r3, #0]
    5310:	4a1c      	ldr	r2, [pc, #112]	; (5384 <system_gclk_gen_get_hz+0xcc>)
    5312:	1dfb      	adds	r3, r7, #7
    5314:	781b      	ldrb	r3, [r3, #0]
    5316:	7013      	strb	r3, [r2, #0]
    5318:	46c0      	nop			; (mov r8, r8)
    531a:	4b15      	ldr	r3, [pc, #84]	; (5370 <system_gclk_gen_get_hz+0xb8>)
    531c:	4798      	blx	r3
    531e:	1e03      	subs	r3, r0, #0
    5320:	d1fb      	bne.n	531a <system_gclk_gen_get_hz+0x62>
    5322:	4b16      	ldr	r3, [pc, #88]	; (537c <system_gclk_gen_get_hz+0xc4>)
    5324:	689b      	ldr	r3, [r3, #8]
    5326:	021b      	lsls	r3, r3, #8
    5328:	0c1b      	lsrs	r3, r3, #16
    532a:	b29b      	uxth	r3, r3
    532c:	60fb      	str	r3, [r7, #12]
    532e:	4b16      	ldr	r3, [pc, #88]	; (5388 <system_gclk_gen_get_hz+0xd0>)
    5330:	4798      	blx	r3
    5332:	2313      	movs	r3, #19
    5334:	18fb      	adds	r3, r7, r3
    5336:	781b      	ldrb	r3, [r3, #0]
    5338:	2b00      	cmp	r3, #0
    533a:	d109      	bne.n	5350 <system_gclk_gen_get_hz+0x98>
    533c:	68fb      	ldr	r3, [r7, #12]
    533e:	2b01      	cmp	r3, #1
    5340:	d906      	bls.n	5350 <system_gclk_gen_get_hz+0x98>
    5342:	4b12      	ldr	r3, [pc, #72]	; (538c <system_gclk_gen_get_hz+0xd4>)
    5344:	68f9      	ldr	r1, [r7, #12]
    5346:	6978      	ldr	r0, [r7, #20]
    5348:	4798      	blx	r3
    534a:	0003      	movs	r3, r0
    534c:	617b      	str	r3, [r7, #20]
    534e:	e00a      	b.n	5366 <system_gclk_gen_get_hz+0xae>
    5350:	2313      	movs	r3, #19
    5352:	18fb      	adds	r3, r7, r3
    5354:	781b      	ldrb	r3, [r3, #0]
    5356:	2b00      	cmp	r3, #0
    5358:	d005      	beq.n	5366 <system_gclk_gen_get_hz+0xae>
    535a:	68fb      	ldr	r3, [r7, #12]
    535c:	3301      	adds	r3, #1
    535e:	697a      	ldr	r2, [r7, #20]
    5360:	40da      	lsrs	r2, r3
    5362:	0013      	movs	r3, r2
    5364:	617b      	str	r3, [r7, #20]
    5366:	697b      	ldr	r3, [r7, #20]
    5368:	0018      	movs	r0, r3
    536a:	46bd      	mov	sp, r7
    536c:	b006      	add	sp, #24
    536e:	bd80      	pop	{r7, pc}
    5370:	000050e9 	.word	0x000050e9
    5374:	000050c1 	.word	0x000050c1
    5378:	40000c04 	.word	0x40000c04
    537c:	40000c00 	.word	0x40000c00
    5380:	00004d75 	.word	0x00004d75
    5384:	40000c08 	.word	0x40000c08
    5388:	000050d5 	.word	0x000050d5
    538c:	000056dd 	.word	0x000056dd

00005390 <system_gclk_chan_set_config>:
    5390:	b580      	push	{r7, lr}
    5392:	b084      	sub	sp, #16
    5394:	af00      	add	r7, sp, #0
    5396:	0002      	movs	r2, r0
    5398:	6039      	str	r1, [r7, #0]
    539a:	1dfb      	adds	r3, r7, #7
    539c:	701a      	strb	r2, [r3, #0]
    539e:	1dfb      	adds	r3, r7, #7
    53a0:	781b      	ldrb	r3, [r3, #0]
    53a2:	60fb      	str	r3, [r7, #12]
    53a4:	683b      	ldr	r3, [r7, #0]
    53a6:	781b      	ldrb	r3, [r3, #0]
    53a8:	021b      	lsls	r3, r3, #8
    53aa:	001a      	movs	r2, r3
    53ac:	68fb      	ldr	r3, [r7, #12]
    53ae:	4313      	orrs	r3, r2
    53b0:	60fb      	str	r3, [r7, #12]
    53b2:	1dfb      	adds	r3, r7, #7
    53b4:	781b      	ldrb	r3, [r3, #0]
    53b6:	0018      	movs	r0, r3
    53b8:	4b04      	ldr	r3, [pc, #16]	; (53cc <system_gclk_chan_set_config+0x3c>)
    53ba:	4798      	blx	r3
    53bc:	4b04      	ldr	r3, [pc, #16]	; (53d0 <system_gclk_chan_set_config+0x40>)
    53be:	68fa      	ldr	r2, [r7, #12]
    53c0:	b292      	uxth	r2, r2
    53c2:	805a      	strh	r2, [r3, #2]
    53c4:	46c0      	nop			; (mov r8, r8)
    53c6:	46bd      	mov	sp, r7
    53c8:	b004      	add	sp, #16
    53ca:	bd80      	pop	{r7, pc}
    53cc:	0000541d 	.word	0x0000541d
    53d0:	40000c00 	.word	0x40000c00

000053d4 <system_gclk_chan_enable>:
    53d4:	b580      	push	{r7, lr}
    53d6:	b082      	sub	sp, #8
    53d8:	af00      	add	r7, sp, #0
    53da:	0002      	movs	r2, r0
    53dc:	1dfb      	adds	r3, r7, #7
    53de:	701a      	strb	r2, [r3, #0]
    53e0:	4b0a      	ldr	r3, [pc, #40]	; (540c <system_gclk_chan_enable+0x38>)
    53e2:	4798      	blx	r3
    53e4:	4a0a      	ldr	r2, [pc, #40]	; (5410 <system_gclk_chan_enable+0x3c>)
    53e6:	1dfb      	adds	r3, r7, #7
    53e8:	781b      	ldrb	r3, [r3, #0]
    53ea:	7013      	strb	r3, [r2, #0]
    53ec:	4909      	ldr	r1, [pc, #36]	; (5414 <system_gclk_chan_enable+0x40>)
    53ee:	4b09      	ldr	r3, [pc, #36]	; (5414 <system_gclk_chan_enable+0x40>)
    53f0:	885b      	ldrh	r3, [r3, #2]
    53f2:	b29b      	uxth	r3, r3
    53f4:	2280      	movs	r2, #128	; 0x80
    53f6:	01d2      	lsls	r2, r2, #7
    53f8:	4313      	orrs	r3, r2
    53fa:	b29b      	uxth	r3, r3
    53fc:	804b      	strh	r3, [r1, #2]
    53fe:	4b06      	ldr	r3, [pc, #24]	; (5418 <system_gclk_chan_enable+0x44>)
    5400:	4798      	blx	r3
    5402:	46c0      	nop			; (mov r8, r8)
    5404:	46bd      	mov	sp, r7
    5406:	b002      	add	sp, #8
    5408:	bd80      	pop	{r7, pc}
    540a:	46c0      	nop			; (mov r8, r8)
    540c:	000050c1 	.word	0x000050c1
    5410:	40000c02 	.word	0x40000c02
    5414:	40000c00 	.word	0x40000c00
    5418:	000050d5 	.word	0x000050d5

0000541c <system_gclk_chan_disable>:
    541c:	b580      	push	{r7, lr}
    541e:	b084      	sub	sp, #16
    5420:	af00      	add	r7, sp, #0
    5422:	0002      	movs	r2, r0
    5424:	1dfb      	adds	r3, r7, #7
    5426:	701a      	strb	r2, [r3, #0]
    5428:	4b1c      	ldr	r3, [pc, #112]	; (549c <system_gclk_chan_disable+0x80>)
    542a:	4798      	blx	r3
    542c:	4a1c      	ldr	r2, [pc, #112]	; (54a0 <system_gclk_chan_disable+0x84>)
    542e:	1dfb      	adds	r3, r7, #7
    5430:	781b      	ldrb	r3, [r3, #0]
    5432:	7013      	strb	r3, [r2, #0]
    5434:	4b1b      	ldr	r3, [pc, #108]	; (54a4 <system_gclk_chan_disable+0x88>)
    5436:	885b      	ldrh	r3, [r3, #2]
    5438:	051b      	lsls	r3, r3, #20
    543a:	0f1b      	lsrs	r3, r3, #28
    543c:	b2db      	uxtb	r3, r3
    543e:	60fb      	str	r3, [r7, #12]
    5440:	4a18      	ldr	r2, [pc, #96]	; (54a4 <system_gclk_chan_disable+0x88>)
    5442:	8853      	ldrh	r3, [r2, #2]
    5444:	4918      	ldr	r1, [pc, #96]	; (54a8 <system_gclk_chan_disable+0x8c>)
    5446:	400b      	ands	r3, r1
    5448:	8053      	strh	r3, [r2, #2]
    544a:	4a16      	ldr	r2, [pc, #88]	; (54a4 <system_gclk_chan_disable+0x88>)
    544c:	4b15      	ldr	r3, [pc, #84]	; (54a4 <system_gclk_chan_disable+0x88>)
    544e:	885b      	ldrh	r3, [r3, #2]
    5450:	b29b      	uxth	r3, r3
    5452:	4916      	ldr	r1, [pc, #88]	; (54ac <system_gclk_chan_disable+0x90>)
    5454:	400b      	ands	r3, r1
    5456:	b29b      	uxth	r3, r3
    5458:	8053      	strh	r3, [r2, #2]
    545a:	46c0      	nop			; (mov r8, r8)
    545c:	4b11      	ldr	r3, [pc, #68]	; (54a4 <system_gclk_chan_disable+0x88>)
    545e:	885b      	ldrh	r3, [r3, #2]
    5460:	b29b      	uxth	r3, r3
    5462:	001a      	movs	r2, r3
    5464:	2380      	movs	r3, #128	; 0x80
    5466:	01db      	lsls	r3, r3, #7
    5468:	4013      	ands	r3, r2
    546a:	d1f7      	bne.n	545c <system_gclk_chan_disable+0x40>
    546c:	4a0d      	ldr	r2, [pc, #52]	; (54a4 <system_gclk_chan_disable+0x88>)
    546e:	68fb      	ldr	r3, [r7, #12]
    5470:	b2db      	uxtb	r3, r3
    5472:	1c19      	adds	r1, r3, #0
    5474:	230f      	movs	r3, #15
    5476:	400b      	ands	r3, r1
    5478:	b2d9      	uxtb	r1, r3
    547a:	8853      	ldrh	r3, [r2, #2]
    547c:	1c08      	adds	r0, r1, #0
    547e:	210f      	movs	r1, #15
    5480:	4001      	ands	r1, r0
    5482:	0208      	lsls	r0, r1, #8
    5484:	4908      	ldr	r1, [pc, #32]	; (54a8 <system_gclk_chan_disable+0x8c>)
    5486:	400b      	ands	r3, r1
    5488:	1c19      	adds	r1, r3, #0
    548a:	1c03      	adds	r3, r0, #0
    548c:	430b      	orrs	r3, r1
    548e:	8053      	strh	r3, [r2, #2]
    5490:	4b07      	ldr	r3, [pc, #28]	; (54b0 <system_gclk_chan_disable+0x94>)
    5492:	4798      	blx	r3
    5494:	46c0      	nop			; (mov r8, r8)
    5496:	46bd      	mov	sp, r7
    5498:	b004      	add	sp, #16
    549a:	bd80      	pop	{r7, pc}
    549c:	000050c1 	.word	0x000050c1
    54a0:	40000c02 	.word	0x40000c02
    54a4:	40000c00 	.word	0x40000c00
    54a8:	fffff0ff 	.word	0xfffff0ff
    54ac:	ffffbfff 	.word	0xffffbfff
    54b0:	000050d5 	.word	0x000050d5

000054b4 <system_gclk_chan_get_hz>:
    54b4:	b580      	push	{r7, lr}
    54b6:	b084      	sub	sp, #16
    54b8:	af00      	add	r7, sp, #0
    54ba:	0002      	movs	r2, r0
    54bc:	1dfb      	adds	r3, r7, #7
    54be:	701a      	strb	r2, [r3, #0]
    54c0:	4b0d      	ldr	r3, [pc, #52]	; (54f8 <system_gclk_chan_get_hz+0x44>)
    54c2:	4798      	blx	r3
    54c4:	4a0d      	ldr	r2, [pc, #52]	; (54fc <system_gclk_chan_get_hz+0x48>)
    54c6:	1dfb      	adds	r3, r7, #7
    54c8:	781b      	ldrb	r3, [r3, #0]
    54ca:	7013      	strb	r3, [r2, #0]
    54cc:	4b0c      	ldr	r3, [pc, #48]	; (5500 <system_gclk_chan_get_hz+0x4c>)
    54ce:	885b      	ldrh	r3, [r3, #2]
    54d0:	051b      	lsls	r3, r3, #20
    54d2:	0f1b      	lsrs	r3, r3, #28
    54d4:	b2da      	uxtb	r2, r3
    54d6:	230f      	movs	r3, #15
    54d8:	18fb      	adds	r3, r7, r3
    54da:	701a      	strb	r2, [r3, #0]
    54dc:	4b09      	ldr	r3, [pc, #36]	; (5504 <system_gclk_chan_get_hz+0x50>)
    54de:	4798      	blx	r3
    54e0:	230f      	movs	r3, #15
    54e2:	18fb      	adds	r3, r7, r3
    54e4:	781b      	ldrb	r3, [r3, #0]
    54e6:	0018      	movs	r0, r3
    54e8:	4b07      	ldr	r3, [pc, #28]	; (5508 <system_gclk_chan_get_hz+0x54>)
    54ea:	4798      	blx	r3
    54ec:	0003      	movs	r3, r0
    54ee:	0018      	movs	r0, r3
    54f0:	46bd      	mov	sp, r7
    54f2:	b004      	add	sp, #16
    54f4:	bd80      	pop	{r7, pc}
    54f6:	46c0      	nop			; (mov r8, r8)
    54f8:	000050c1 	.word	0x000050c1
    54fc:	40000c02 	.word	0x40000c02
    5500:	40000c00 	.word	0x40000c00
    5504:	000050d5 	.word	0x000050d5
    5508:	000052b9 	.word	0x000052b9

0000550c <_system_dummy_init>:
    550c:	b580      	push	{r7, lr}
    550e:	af00      	add	r7, sp, #0
    5510:	46c0      	nop			; (mov r8, r8)
    5512:	46bd      	mov	sp, r7
    5514:	bd80      	pop	{r7, pc}
	...

00005518 <system_init>:
    5518:	b580      	push	{r7, lr}
    551a:	af00      	add	r7, sp, #0
    551c:	4b06      	ldr	r3, [pc, #24]	; (5538 <system_init+0x20>)
    551e:	4798      	blx	r3
    5520:	4b06      	ldr	r3, [pc, #24]	; (553c <system_init+0x24>)
    5522:	4798      	blx	r3
    5524:	4b06      	ldr	r3, [pc, #24]	; (5540 <system_init+0x28>)
    5526:	4798      	blx	r3
    5528:	4b06      	ldr	r3, [pc, #24]	; (5544 <system_init+0x2c>)
    552a:	4798      	blx	r3
    552c:	4b06      	ldr	r3, [pc, #24]	; (5548 <system_init+0x30>)
    552e:	4798      	blx	r3
    5530:	46c0      	nop			; (mov r8, r8)
    5532:	46bd      	mov	sp, r7
    5534:	bd80      	pop	{r7, pc}
    5536:	46c0      	nop			; (mov r8, r8)
    5538:	00004f91 	.word	0x00004f91
    553c:	000002a5 	.word	0x000002a5
    5540:	0000550d 	.word	0x0000550d
    5544:	0000550d 	.word	0x0000550d
    5548:	0000550d 	.word	0x0000550d

0000554c <system_interrupt_enable_global>:
{
    554c:	b580      	push	{r7, lr}
    554e:	af00      	add	r7, sp, #0
	cpu_irq_enable();
    5550:	4b04      	ldr	r3, [pc, #16]	; (5564 <system_interrupt_enable_global+0x18>)
    5552:	2201      	movs	r2, #1
    5554:	701a      	strb	r2, [r3, #0]
  \details Ensures the apparent order of the explicit memory operations before
           and after the instruction, without ensuring their completion.
 */
__STATIC_FORCEINLINE void __DMB(void)
{
  __ASM volatile ("dmb 0xF":::"memory");
    5556:	f3bf 8f5f 	dmb	sy
  __ASM volatile ("cpsie i" : : : "memory");
    555a:	b662      	cpsie	i
}
    555c:	46c0      	nop			; (mov r8, r8)
    555e:	46bd      	mov	sp, r7
    5560:	bd80      	pop	{r7, pc}
    5562:	46c0      	nop			; (mov r8, r8)
    5564:	20000000 	.word	0x20000000

00005568 <main>:

volatile char buffer[7];


int main (void)
{
    5568:	b590      	push	{r4, r7, lr}
    556a:	b089      	sub	sp, #36	; 0x24
    556c:	af00      	add	r7, sp, #0
	//Board Initialization -- Code that initializes the HW and happens only once
	system_init();
    556e:	4b18      	ldr	r3, [pc, #96]	; (55d0 <main+0x68>)
    5570:	4798      	blx	r3
	InitializeSerialConsole();
    5572:	4b18      	ldr	r3, [pc, #96]	; (55d4 <main+0x6c>)
    5574:	4798      	blx	r3

	/* Insert application code here, after the board has been initialized. */
	system_interrupt_enable_global();
    5576:	4b18      	ldr	r3, [pc, #96]	; (55d8 <main+0x70>)
    5578:	4798      	blx	r3
	SerialConsoleWriteString("ESE516 - CLI and Debug Logger\r\n");	//Order to add string to TX Buffer
    557a:	4b18      	ldr	r3, [pc, #96]	; (55dc <main+0x74>)
    557c:	0018      	movs	r0, r3
    557e:	4b18      	ldr	r3, [pc, #96]	; (55e0 <main+0x78>)
    5580:	4798      	blx	r3
	//printf("test printf\r\n");
	
	char string[] = "CLI starter code - ESE516\r\n";
    5582:	1d3b      	adds	r3, r7, #4
    5584:	4a17      	ldr	r2, [pc, #92]	; (55e4 <main+0x7c>)
    5586:	ca13      	ldmia	r2!, {r0, r1, r4}
    5588:	c313      	stmia	r3!, {r0, r1, r4}
    558a:	ca13      	ldmia	r2!, {r0, r1, r4}
    558c:	c313      	stmia	r3!, {r0, r1, r4}
    558e:	6812      	ldr	r2, [r2, #0]
    5590:	601a      	str	r2, [r3, #0]
	
	/*Simple DebugLogger Test*/
	setLogLevel(LOG_INFO_LVL); 
    5592:	2000      	movs	r0, #0
    5594:	4b14      	ldr	r3, [pc, #80]	; (55e8 <main+0x80>)
    5596:	4798      	blx	r3
	LogMessage(LOG_INFO_LVL , "%s", string); //Test
    5598:	1d3a      	adds	r2, r7, #4
    559a:	4b14      	ldr	r3, [pc, #80]	; (55ec <main+0x84>)
    559c:	0019      	movs	r1, r3
    559e:	2000      	movs	r0, #0
    55a0:	4b13      	ldr	r3, [pc, #76]	; (55f0 <main+0x88>)
    55a2:	4798      	blx	r3
	setLogLevel(LOG_ERROR_LVL); //Sets the Debug Logger to only allow messages with LOG_ERROR_LVL or higher to be printed
    55a4:	2003      	movs	r0, #3
    55a6:	4b10      	ldr	r3, [pc, #64]	; (55e8 <main+0x80>)
    55a8:	4798      	blx	r3
	LogMessage(LOG_INFO_LVL, "Performing Temperature Test…\r\n"); //This should NOT print
    55aa:	4b12      	ldr	r3, [pc, #72]	; (55f4 <main+0x8c>)
    55ac:	0019      	movs	r1, r3
    55ae:	2000      	movs	r0, #0
    55b0:	4b0f      	ldr	r3, [pc, #60]	; (55f0 <main+0x88>)
    55b2:	4798      	blx	r3
	LogMessage(LOG_FATAL_LVL,"Error! Temperature over %d Degrees!\r\n", 55); //This should print
    55b4:	4b10      	ldr	r3, [pc, #64]	; (55f8 <main+0x90>)
    55b6:	2237      	movs	r2, #55	; 0x37
    55b8:	0019      	movs	r1, r3
    55ba:	2004      	movs	r0, #4
    55bc:	4b0c      	ldr	r3, [pc, #48]	; (55f0 <main+0x88>)
    55be:	4798      	blx	r3
    LogMessage(LOG_INFO_LVL , "ESE516 CLI STARTER PROJECT STARTED\r\n"); 
    55c0:	4b0e      	ldr	r3, [pc, #56]	; (55fc <main+0x94>)
    55c2:	0019      	movs	r1, r3
    55c4:	2000      	movs	r0, #0
    55c6:	4b0a      	ldr	r3, [pc, #40]	; (55f0 <main+0x88>)
    55c8:	4798      	blx	r3

    // Start FreeRTOS scheduler.
    vTaskStartScheduler();
    55ca:	4b0d      	ldr	r3, [pc, #52]	; (5600 <main+0x98>)
    55cc:	4798      	blx	r3

	while(1);
    55ce:	e7fe      	b.n	55ce <main+0x66>
    55d0:	00005519 	.word	0x00005519
    55d4:	00003b71 	.word	0x00003b71
    55d8:	0000554d 	.word	0x0000554d
    55dc:	0000658c 	.word	0x0000658c
    55e0:	00003bed 	.word	0x00003bed
    55e4:	00006620 	.word	0x00006620
    55e8:	00003cc9 	.word	0x00003cc9
    55ec:	000065ac 	.word	0x000065ac
    55f0:	00003ce9 	.word	0x00003ce9
    55f4:	000065b0 	.word	0x000065b0
    55f8:	000065d0 	.word	0x000065d0
    55fc:	000065f8 	.word	0x000065f8
    5600:	000021d5 	.word	0x000021d5

00005604 <StartTasks>:
* @details
* @param[in]        None
* @return           None
*****************************************************************************/
static void StartTasks(void)
{
    5604:	b590      	push	{r4, r7, lr}
    5606:	b083      	sub	sp, #12
    5608:	af02      	add	r7, sp, #8
	

	snprintf(bufferPrint, 64, "Heap before starting tasks: %d\r\n", xPortGetFreeHeapSize());
    560a:	4b17      	ldr	r3, [pc, #92]	; (5668 <StartTasks+0x64>)
    560c:	4798      	blx	r3
    560e:	0003      	movs	r3, r0
    5610:	4a16      	ldr	r2, [pc, #88]	; (566c <StartTasks+0x68>)
    5612:	4817      	ldr	r0, [pc, #92]	; (5670 <StartTasks+0x6c>)
    5614:	2140      	movs	r1, #64	; 0x40
    5616:	4c17      	ldr	r4, [pc, #92]	; (5674 <StartTasks+0x70>)
    5618:	47a0      	blx	r4
	SerialConsoleWriteString(bufferPrint);
    561a:	4b15      	ldr	r3, [pc, #84]	; (5670 <StartTasks+0x6c>)
    561c:	0018      	movs	r0, r3
    561e:	4b16      	ldr	r3, [pc, #88]	; (5678 <StartTasks+0x74>)
    5620:	4798      	blx	r3

	//Initialize Tasks here

	if (xTaskCreate(vCommandConsoleTask, "CLI_TASK", CLI_TASK_SIZE, NULL, CLI_PRIORITY, &cliTaskHandle) != pdPASS) {
    5622:	2380      	movs	r3, #128	; 0x80
    5624:	005a      	lsls	r2, r3, #1
    5626:	4915      	ldr	r1, [pc, #84]	; (567c <StartTasks+0x78>)
    5628:	4815      	ldr	r0, [pc, #84]	; (5680 <StartTasks+0x7c>)
    562a:	4b16      	ldr	r3, [pc, #88]	; (5684 <StartTasks+0x80>)
    562c:	9301      	str	r3, [sp, #4]
    562e:	2304      	movs	r3, #4
    5630:	9300      	str	r3, [sp, #0]
    5632:	2300      	movs	r3, #0
    5634:	4c14      	ldr	r4, [pc, #80]	; (5688 <StartTasks+0x84>)
    5636:	47a0      	blx	r4
    5638:	0003      	movs	r3, r0
    563a:	2b01      	cmp	r3, #1
    563c:	d003      	beq.n	5646 <StartTasks+0x42>
		SerialConsoleWriteString("ERR: CLI task could not be initialized!\r\n");
    563e:	4b13      	ldr	r3, [pc, #76]	; (568c <StartTasks+0x88>)
    5640:	0018      	movs	r0, r3
    5642:	4b0d      	ldr	r3, [pc, #52]	; (5678 <StartTasks+0x74>)
    5644:	4798      	blx	r3
	}

	snprintf(bufferPrint, 64, "Heap after starting CLI: %d\r\n", xPortGetFreeHeapSize());
    5646:	4b08      	ldr	r3, [pc, #32]	; (5668 <StartTasks+0x64>)
    5648:	4798      	blx	r3
    564a:	0003      	movs	r3, r0
    564c:	4a10      	ldr	r2, [pc, #64]	; (5690 <StartTasks+0x8c>)
    564e:	4808      	ldr	r0, [pc, #32]	; (5670 <StartTasks+0x6c>)
    5650:	2140      	movs	r1, #64	; 0x40
    5652:	4c08      	ldr	r4, [pc, #32]	; (5674 <StartTasks+0x70>)
    5654:	47a0      	blx	r4
	SerialConsoleWriteString(bufferPrint);
    5656:	4b06      	ldr	r3, [pc, #24]	; (5670 <StartTasks+0x6c>)
    5658:	0018      	movs	r0, r3
    565a:	4b07      	ldr	r3, [pc, #28]	; (5678 <StartTasks+0x74>)
    565c:	4798      	blx	r3
	
}
    565e:	46c0      	nop			; (mov r8, r8)
    5660:	46bd      	mov	sp, r7
    5662:	b001      	add	sp, #4
    5664:	bd90      	pop	{r4, r7, pc}
    5666:	46c0      	nop			; (mov r8, r8)
    5668:	0000133d 	.word	0x0000133d
    566c:	0000663c 	.word	0x0000663c
    5670:	200033dc 	.word	0x200033dc
    5674:	00005a3d 	.word	0x00005a3d
    5678:	00003bed 	.word	0x00003bed
    567c:	00006660 	.word	0x00006660
    5680:	00003351 	.word	0x00003351
    5684:	2000341c 	.word	0x2000341c
    5688:	00001f41 	.word	0x00001f41
    568c:	0000666c 	.word	0x0000666c
    5690:	00006698 	.word	0x00006698

00005694 <vApplicationDaemonTaskStartupHook>:
* @param[in]        None
* @return           None
*****************************************************************************/

void vApplicationDaemonTaskStartupHook (void *ucParameterToPass) //vApplicationDaemonTaskStartupHook()
{
    5694:	b580      	push	{r7, lr}
    5696:	b082      	sub	sp, #8
    5698:	af00      	add	r7, sp, #0
    569a:	6078      	str	r0, [r7, #4]
	
	//CODE HERE: Initialize any HW here
	
	
	//Initialize tasks
	StartTasks();	
    569c:	4b02      	ldr	r3, [pc, #8]	; (56a8 <vApplicationDaemonTaskStartupHook+0x14>)
    569e:	4798      	blx	r3
	
	
}
    56a0:	46c0      	nop			; (mov r8, r8)
    56a2:	46bd      	mov	sp, r7
    56a4:	b002      	add	sp, #8
    56a6:	bd80      	pop	{r7, pc}
    56a8:	00005605 	.word	0x00005605

000056ac <vApplicationMallocFailedHook>:



void vApplicationMallocFailedHook(void)
{
    56ac:	b580      	push	{r7, lr}
    56ae:	af00      	add	r7, sp, #0
	SerialConsoleWriteString("Error on memory allocation on FREERTOS!\r\n");
    56b0:	4b02      	ldr	r3, [pc, #8]	; (56bc <vApplicationMallocFailedHook+0x10>)
    56b2:	0018      	movs	r0, r3
    56b4:	4b02      	ldr	r3, [pc, #8]	; (56c0 <vApplicationMallocFailedHook+0x14>)
    56b6:	4798      	blx	r3
	while(1);
    56b8:	e7fe      	b.n	56b8 <vApplicationMallocFailedHook+0xc>
    56ba:	46c0      	nop			; (mov r8, r8)
    56bc:	000066b8 	.word	0x000066b8
    56c0:	00003bed 	.word	0x00003bed

000056c4 <vApplicationStackOverflowHook>:
}

void vApplicationStackOverflowHook(void)
{
    56c4:	b580      	push	{r7, lr}
    56c6:	af00      	add	r7, sp, #0
	SerialConsoleWriteString("Error on stack overflow on FREERTOS!\r\n");
    56c8:	4b02      	ldr	r3, [pc, #8]	; (56d4 <vApplicationStackOverflowHook+0x10>)
    56ca:	0018      	movs	r0, r3
    56cc:	4b02      	ldr	r3, [pc, #8]	; (56d8 <vApplicationStackOverflowHook+0x14>)
    56ce:	4798      	blx	r3
	while(1);
    56d0:	e7fe      	b.n	56d0 <vApplicationStackOverflowHook+0xc>
    56d2:	46c0      	nop			; (mov r8, r8)
    56d4:	000066e4 	.word	0x000066e4
    56d8:	00003bed 	.word	0x00003bed

000056dc <__udivsi3>:
    56dc:	2200      	movs	r2, #0
    56de:	0843      	lsrs	r3, r0, #1
    56e0:	428b      	cmp	r3, r1
    56e2:	d374      	bcc.n	57ce <__udivsi3+0xf2>
    56e4:	0903      	lsrs	r3, r0, #4
    56e6:	428b      	cmp	r3, r1
    56e8:	d35f      	bcc.n	57aa <__udivsi3+0xce>
    56ea:	0a03      	lsrs	r3, r0, #8
    56ec:	428b      	cmp	r3, r1
    56ee:	d344      	bcc.n	577a <__udivsi3+0x9e>
    56f0:	0b03      	lsrs	r3, r0, #12
    56f2:	428b      	cmp	r3, r1
    56f4:	d328      	bcc.n	5748 <__udivsi3+0x6c>
    56f6:	0c03      	lsrs	r3, r0, #16
    56f8:	428b      	cmp	r3, r1
    56fa:	d30d      	bcc.n	5718 <__udivsi3+0x3c>
    56fc:	22ff      	movs	r2, #255	; 0xff
    56fe:	0209      	lsls	r1, r1, #8
    5700:	ba12      	rev	r2, r2
    5702:	0c03      	lsrs	r3, r0, #16
    5704:	428b      	cmp	r3, r1
    5706:	d302      	bcc.n	570e <__udivsi3+0x32>
    5708:	1212      	asrs	r2, r2, #8
    570a:	0209      	lsls	r1, r1, #8
    570c:	d065      	beq.n	57da <__udivsi3+0xfe>
    570e:	0b03      	lsrs	r3, r0, #12
    5710:	428b      	cmp	r3, r1
    5712:	d319      	bcc.n	5748 <__udivsi3+0x6c>
    5714:	e000      	b.n	5718 <__udivsi3+0x3c>
    5716:	0a09      	lsrs	r1, r1, #8
    5718:	0bc3      	lsrs	r3, r0, #15
    571a:	428b      	cmp	r3, r1
    571c:	d301      	bcc.n	5722 <__udivsi3+0x46>
    571e:	03cb      	lsls	r3, r1, #15
    5720:	1ac0      	subs	r0, r0, r3
    5722:	4152      	adcs	r2, r2
    5724:	0b83      	lsrs	r3, r0, #14
    5726:	428b      	cmp	r3, r1
    5728:	d301      	bcc.n	572e <__udivsi3+0x52>
    572a:	038b      	lsls	r3, r1, #14
    572c:	1ac0      	subs	r0, r0, r3
    572e:	4152      	adcs	r2, r2
    5730:	0b43      	lsrs	r3, r0, #13
    5732:	428b      	cmp	r3, r1
    5734:	d301      	bcc.n	573a <__udivsi3+0x5e>
    5736:	034b      	lsls	r3, r1, #13
    5738:	1ac0      	subs	r0, r0, r3
    573a:	4152      	adcs	r2, r2
    573c:	0b03      	lsrs	r3, r0, #12
    573e:	428b      	cmp	r3, r1
    5740:	d301      	bcc.n	5746 <__udivsi3+0x6a>
    5742:	030b      	lsls	r3, r1, #12
    5744:	1ac0      	subs	r0, r0, r3
    5746:	4152      	adcs	r2, r2
    5748:	0ac3      	lsrs	r3, r0, #11
    574a:	428b      	cmp	r3, r1
    574c:	d301      	bcc.n	5752 <__udivsi3+0x76>
    574e:	02cb      	lsls	r3, r1, #11
    5750:	1ac0      	subs	r0, r0, r3
    5752:	4152      	adcs	r2, r2
    5754:	0a83      	lsrs	r3, r0, #10
    5756:	428b      	cmp	r3, r1
    5758:	d301      	bcc.n	575e <__udivsi3+0x82>
    575a:	028b      	lsls	r3, r1, #10
    575c:	1ac0      	subs	r0, r0, r3
    575e:	4152      	adcs	r2, r2
    5760:	0a43      	lsrs	r3, r0, #9
    5762:	428b      	cmp	r3, r1
    5764:	d301      	bcc.n	576a <__udivsi3+0x8e>
    5766:	024b      	lsls	r3, r1, #9
    5768:	1ac0      	subs	r0, r0, r3
    576a:	4152      	adcs	r2, r2
    576c:	0a03      	lsrs	r3, r0, #8
    576e:	428b      	cmp	r3, r1
    5770:	d301      	bcc.n	5776 <__udivsi3+0x9a>
    5772:	020b      	lsls	r3, r1, #8
    5774:	1ac0      	subs	r0, r0, r3
    5776:	4152      	adcs	r2, r2
    5778:	d2cd      	bcs.n	5716 <__udivsi3+0x3a>
    577a:	09c3      	lsrs	r3, r0, #7
    577c:	428b      	cmp	r3, r1
    577e:	d301      	bcc.n	5784 <__udivsi3+0xa8>
    5780:	01cb      	lsls	r3, r1, #7
    5782:	1ac0      	subs	r0, r0, r3
    5784:	4152      	adcs	r2, r2
    5786:	0983      	lsrs	r3, r0, #6
    5788:	428b      	cmp	r3, r1
    578a:	d301      	bcc.n	5790 <__udivsi3+0xb4>
    578c:	018b      	lsls	r3, r1, #6
    578e:	1ac0      	subs	r0, r0, r3
    5790:	4152      	adcs	r2, r2
    5792:	0943      	lsrs	r3, r0, #5
    5794:	428b      	cmp	r3, r1
    5796:	d301      	bcc.n	579c <__udivsi3+0xc0>
    5798:	014b      	lsls	r3, r1, #5
    579a:	1ac0      	subs	r0, r0, r3
    579c:	4152      	adcs	r2, r2
    579e:	0903      	lsrs	r3, r0, #4
    57a0:	428b      	cmp	r3, r1
    57a2:	d301      	bcc.n	57a8 <__udivsi3+0xcc>
    57a4:	010b      	lsls	r3, r1, #4
    57a6:	1ac0      	subs	r0, r0, r3
    57a8:	4152      	adcs	r2, r2
    57aa:	08c3      	lsrs	r3, r0, #3
    57ac:	428b      	cmp	r3, r1
    57ae:	d301      	bcc.n	57b4 <__udivsi3+0xd8>
    57b0:	00cb      	lsls	r3, r1, #3
    57b2:	1ac0      	subs	r0, r0, r3
    57b4:	4152      	adcs	r2, r2
    57b6:	0883      	lsrs	r3, r0, #2
    57b8:	428b      	cmp	r3, r1
    57ba:	d301      	bcc.n	57c0 <__udivsi3+0xe4>
    57bc:	008b      	lsls	r3, r1, #2
    57be:	1ac0      	subs	r0, r0, r3
    57c0:	4152      	adcs	r2, r2
    57c2:	0843      	lsrs	r3, r0, #1
    57c4:	428b      	cmp	r3, r1
    57c6:	d301      	bcc.n	57cc <__udivsi3+0xf0>
    57c8:	004b      	lsls	r3, r1, #1
    57ca:	1ac0      	subs	r0, r0, r3
    57cc:	4152      	adcs	r2, r2
    57ce:	1a41      	subs	r1, r0, r1
    57d0:	d200      	bcs.n	57d4 <__udivsi3+0xf8>
    57d2:	4601      	mov	r1, r0
    57d4:	4152      	adcs	r2, r2
    57d6:	4610      	mov	r0, r2
    57d8:	4770      	bx	lr
    57da:	e7ff      	b.n	57dc <__udivsi3+0x100>
    57dc:	b501      	push	{r0, lr}
    57de:	2000      	movs	r0, #0
    57e0:	f000 f806 	bl	57f0 <__aeabi_idiv0>
    57e4:	bd02      	pop	{r1, pc}
    57e6:	46c0      	nop			; (mov r8, r8)

000057e8 <__aeabi_uidivmod>:
    57e8:	2900      	cmp	r1, #0
    57ea:	d0f7      	beq.n	57dc <__udivsi3+0x100>
    57ec:	e776      	b.n	56dc <__udivsi3>
    57ee:	4770      	bx	lr

000057f0 <__aeabi_idiv0>:
    57f0:	4770      	bx	lr
    57f2:	46c0      	nop			; (mov r8, r8)

000057f4 <__aeabi_lmul>:
    57f4:	b5f0      	push	{r4, r5, r6, r7, lr}
    57f6:	46ce      	mov	lr, r9
    57f8:	4647      	mov	r7, r8
    57fa:	0415      	lsls	r5, r2, #16
    57fc:	0c2d      	lsrs	r5, r5, #16
    57fe:	002e      	movs	r6, r5
    5800:	b580      	push	{r7, lr}
    5802:	0407      	lsls	r7, r0, #16
    5804:	0c14      	lsrs	r4, r2, #16
    5806:	0c3f      	lsrs	r7, r7, #16
    5808:	4699      	mov	r9, r3
    580a:	0c03      	lsrs	r3, r0, #16
    580c:	437e      	muls	r6, r7
    580e:	435d      	muls	r5, r3
    5810:	4367      	muls	r7, r4
    5812:	4363      	muls	r3, r4
    5814:	197f      	adds	r7, r7, r5
    5816:	0c34      	lsrs	r4, r6, #16
    5818:	19e4      	adds	r4, r4, r7
    581a:	469c      	mov	ip, r3
    581c:	42a5      	cmp	r5, r4
    581e:	d903      	bls.n	5828 <__aeabi_lmul+0x34>
    5820:	2380      	movs	r3, #128	; 0x80
    5822:	025b      	lsls	r3, r3, #9
    5824:	4698      	mov	r8, r3
    5826:	44c4      	add	ip, r8
    5828:	464b      	mov	r3, r9
    582a:	4351      	muls	r1, r2
    582c:	4343      	muls	r3, r0
    582e:	0436      	lsls	r6, r6, #16
    5830:	0c36      	lsrs	r6, r6, #16
    5832:	0c25      	lsrs	r5, r4, #16
    5834:	0424      	lsls	r4, r4, #16
    5836:	4465      	add	r5, ip
    5838:	19a4      	adds	r4, r4, r6
    583a:	1859      	adds	r1, r3, r1
    583c:	1949      	adds	r1, r1, r5
    583e:	0020      	movs	r0, r4
    5840:	bc0c      	pop	{r2, r3}
    5842:	4690      	mov	r8, r2
    5844:	4699      	mov	r9, r3
    5846:	bdf0      	pop	{r4, r5, r6, r7, pc}

00005848 <__libc_init_array>:
    5848:	b570      	push	{r4, r5, r6, lr}
    584a:	2600      	movs	r6, #0
    584c:	4d0c      	ldr	r5, [pc, #48]	; (5880 <__libc_init_array+0x38>)
    584e:	4c0d      	ldr	r4, [pc, #52]	; (5884 <__libc_init_array+0x3c>)
    5850:	1b64      	subs	r4, r4, r5
    5852:	10a4      	asrs	r4, r4, #2
    5854:	42a6      	cmp	r6, r4
    5856:	d109      	bne.n	586c <__libc_init_array+0x24>
    5858:	2600      	movs	r6, #0
    585a:	f000 fff7 	bl	684c <_init>
    585e:	4d0a      	ldr	r5, [pc, #40]	; (5888 <__libc_init_array+0x40>)
    5860:	4c0a      	ldr	r4, [pc, #40]	; (588c <__libc_init_array+0x44>)
    5862:	1b64      	subs	r4, r4, r5
    5864:	10a4      	asrs	r4, r4, #2
    5866:	42a6      	cmp	r6, r4
    5868:	d105      	bne.n	5876 <__libc_init_array+0x2e>
    586a:	bd70      	pop	{r4, r5, r6, pc}
    586c:	00b3      	lsls	r3, r6, #2
    586e:	58eb      	ldr	r3, [r5, r3]
    5870:	4798      	blx	r3
    5872:	3601      	adds	r6, #1
    5874:	e7ee      	b.n	5854 <__libc_init_array+0xc>
    5876:	00b3      	lsls	r3, r6, #2
    5878:	58eb      	ldr	r3, [r5, r3]
    587a:	4798      	blx	r3
    587c:	3601      	adds	r6, #1
    587e:	e7f2      	b.n	5866 <__libc_init_array+0x1e>
    5880:	00006858 	.word	0x00006858
    5884:	00006858 	.word	0x00006858
    5888:	00006858 	.word	0x00006858
    588c:	0000685c 	.word	0x0000685c

00005890 <malloc>:
    5890:	b510      	push	{r4, lr}
    5892:	4b03      	ldr	r3, [pc, #12]	; (58a0 <malloc+0x10>)
    5894:	0001      	movs	r1, r0
    5896:	6818      	ldr	r0, [r3, #0]
    5898:	f000 f860 	bl	595c <_malloc_r>
    589c:	bd10      	pop	{r4, pc}
    589e:	46c0      	nop			; (mov r8, r8)
    58a0:	20000014 	.word	0x20000014

000058a4 <memcpy>:
    58a4:	2300      	movs	r3, #0
    58a6:	b510      	push	{r4, lr}
    58a8:	429a      	cmp	r2, r3
    58aa:	d100      	bne.n	58ae <memcpy+0xa>
    58ac:	bd10      	pop	{r4, pc}
    58ae:	5ccc      	ldrb	r4, [r1, r3]
    58b0:	54c4      	strb	r4, [r0, r3]
    58b2:	3301      	adds	r3, #1
    58b4:	e7f8      	b.n	58a8 <memcpy+0x4>

000058b6 <memset>:
    58b6:	0003      	movs	r3, r0
    58b8:	1882      	adds	r2, r0, r2
    58ba:	4293      	cmp	r3, r2
    58bc:	d100      	bne.n	58c0 <memset+0xa>
    58be:	4770      	bx	lr
    58c0:	7019      	strb	r1, [r3, #0]
    58c2:	3301      	adds	r3, #1
    58c4:	e7f9      	b.n	58ba <memset+0x4>
	...

000058c8 <_free_r>:
    58c8:	b570      	push	{r4, r5, r6, lr}
    58ca:	0005      	movs	r5, r0
    58cc:	2900      	cmp	r1, #0
    58ce:	d010      	beq.n	58f2 <_free_r+0x2a>
    58d0:	1f0c      	subs	r4, r1, #4
    58d2:	6823      	ldr	r3, [r4, #0]
    58d4:	2b00      	cmp	r3, #0
    58d6:	da00      	bge.n	58da <_free_r+0x12>
    58d8:	18e4      	adds	r4, r4, r3
    58da:	0028      	movs	r0, r5
    58dc:	f000 f992 	bl	5c04 <__malloc_lock>
    58e0:	4a1d      	ldr	r2, [pc, #116]	; (5958 <_free_r+0x90>)
    58e2:	6813      	ldr	r3, [r2, #0]
    58e4:	2b00      	cmp	r3, #0
    58e6:	d105      	bne.n	58f4 <_free_r+0x2c>
    58e8:	6063      	str	r3, [r4, #4]
    58ea:	6014      	str	r4, [r2, #0]
    58ec:	0028      	movs	r0, r5
    58ee:	f000 f98a 	bl	5c06 <__malloc_unlock>
    58f2:	bd70      	pop	{r4, r5, r6, pc}
    58f4:	42a3      	cmp	r3, r4
    58f6:	d909      	bls.n	590c <_free_r+0x44>
    58f8:	6821      	ldr	r1, [r4, #0]
    58fa:	1860      	adds	r0, r4, r1
    58fc:	4283      	cmp	r3, r0
    58fe:	d1f3      	bne.n	58e8 <_free_r+0x20>
    5900:	6818      	ldr	r0, [r3, #0]
    5902:	685b      	ldr	r3, [r3, #4]
    5904:	1841      	adds	r1, r0, r1
    5906:	6021      	str	r1, [r4, #0]
    5908:	e7ee      	b.n	58e8 <_free_r+0x20>
    590a:	0013      	movs	r3, r2
    590c:	685a      	ldr	r2, [r3, #4]
    590e:	2a00      	cmp	r2, #0
    5910:	d001      	beq.n	5916 <_free_r+0x4e>
    5912:	42a2      	cmp	r2, r4
    5914:	d9f9      	bls.n	590a <_free_r+0x42>
    5916:	6819      	ldr	r1, [r3, #0]
    5918:	1858      	adds	r0, r3, r1
    591a:	42a0      	cmp	r0, r4
    591c:	d10b      	bne.n	5936 <_free_r+0x6e>
    591e:	6820      	ldr	r0, [r4, #0]
    5920:	1809      	adds	r1, r1, r0
    5922:	1858      	adds	r0, r3, r1
    5924:	6019      	str	r1, [r3, #0]
    5926:	4282      	cmp	r2, r0
    5928:	d1e0      	bne.n	58ec <_free_r+0x24>
    592a:	6810      	ldr	r0, [r2, #0]
    592c:	6852      	ldr	r2, [r2, #4]
    592e:	1841      	adds	r1, r0, r1
    5930:	6019      	str	r1, [r3, #0]
    5932:	605a      	str	r2, [r3, #4]
    5934:	e7da      	b.n	58ec <_free_r+0x24>
    5936:	42a0      	cmp	r0, r4
    5938:	d902      	bls.n	5940 <_free_r+0x78>
    593a:	230c      	movs	r3, #12
    593c:	602b      	str	r3, [r5, #0]
    593e:	e7d5      	b.n	58ec <_free_r+0x24>
    5940:	6821      	ldr	r1, [r4, #0]
    5942:	1860      	adds	r0, r4, r1
    5944:	4282      	cmp	r2, r0
    5946:	d103      	bne.n	5950 <_free_r+0x88>
    5948:	6810      	ldr	r0, [r2, #0]
    594a:	6852      	ldr	r2, [r2, #4]
    594c:	1841      	adds	r1, r0, r1
    594e:	6021      	str	r1, [r4, #0]
    5950:	6062      	str	r2, [r4, #4]
    5952:	605c      	str	r4, [r3, #4]
    5954:	e7ca      	b.n	58ec <_free_r+0x24>
    5956:	46c0      	nop			; (mov r8, r8)
    5958:	20003420 	.word	0x20003420

0000595c <_malloc_r>:
    595c:	2303      	movs	r3, #3
    595e:	b570      	push	{r4, r5, r6, lr}
    5960:	1ccd      	adds	r5, r1, #3
    5962:	439d      	bics	r5, r3
    5964:	3508      	adds	r5, #8
    5966:	0006      	movs	r6, r0
    5968:	2d0c      	cmp	r5, #12
    596a:	d21e      	bcs.n	59aa <_malloc_r+0x4e>
    596c:	250c      	movs	r5, #12
    596e:	42a9      	cmp	r1, r5
    5970:	d81d      	bhi.n	59ae <_malloc_r+0x52>
    5972:	0030      	movs	r0, r6
    5974:	f000 f946 	bl	5c04 <__malloc_lock>
    5978:	4a25      	ldr	r2, [pc, #148]	; (5a10 <_malloc_r+0xb4>)
    597a:	6814      	ldr	r4, [r2, #0]
    597c:	0021      	movs	r1, r4
    597e:	2900      	cmp	r1, #0
    5980:	d119      	bne.n	59b6 <_malloc_r+0x5a>
    5982:	4c24      	ldr	r4, [pc, #144]	; (5a14 <_malloc_r+0xb8>)
    5984:	6823      	ldr	r3, [r4, #0]
    5986:	2b00      	cmp	r3, #0
    5988:	d103      	bne.n	5992 <_malloc_r+0x36>
    598a:	0030      	movs	r0, r6
    598c:	f000 f844 	bl	5a18 <_sbrk_r>
    5990:	6020      	str	r0, [r4, #0]
    5992:	0029      	movs	r1, r5
    5994:	0030      	movs	r0, r6
    5996:	f000 f83f 	bl	5a18 <_sbrk_r>
    599a:	1c43      	adds	r3, r0, #1
    599c:	d12c      	bne.n	59f8 <_malloc_r+0x9c>
    599e:	230c      	movs	r3, #12
    59a0:	0030      	movs	r0, r6
    59a2:	6033      	str	r3, [r6, #0]
    59a4:	f000 f92f 	bl	5c06 <__malloc_unlock>
    59a8:	e003      	b.n	59b2 <_malloc_r+0x56>
    59aa:	2d00      	cmp	r5, #0
    59ac:	dadf      	bge.n	596e <_malloc_r+0x12>
    59ae:	230c      	movs	r3, #12
    59b0:	6033      	str	r3, [r6, #0]
    59b2:	2000      	movs	r0, #0
    59b4:	bd70      	pop	{r4, r5, r6, pc}
    59b6:	680b      	ldr	r3, [r1, #0]
    59b8:	1b5b      	subs	r3, r3, r5
    59ba:	d41a      	bmi.n	59f2 <_malloc_r+0x96>
    59bc:	2b0b      	cmp	r3, #11
    59be:	d903      	bls.n	59c8 <_malloc_r+0x6c>
    59c0:	600b      	str	r3, [r1, #0]
    59c2:	18cc      	adds	r4, r1, r3
    59c4:	6025      	str	r5, [r4, #0]
    59c6:	e003      	b.n	59d0 <_malloc_r+0x74>
    59c8:	428c      	cmp	r4, r1
    59ca:	d10e      	bne.n	59ea <_malloc_r+0x8e>
    59cc:	6863      	ldr	r3, [r4, #4]
    59ce:	6013      	str	r3, [r2, #0]
    59d0:	0030      	movs	r0, r6
    59d2:	f000 f918 	bl	5c06 <__malloc_unlock>
    59d6:	0020      	movs	r0, r4
    59d8:	2207      	movs	r2, #7
    59da:	300b      	adds	r0, #11
    59dc:	1d23      	adds	r3, r4, #4
    59de:	4390      	bics	r0, r2
    59e0:	1ac3      	subs	r3, r0, r3
    59e2:	d0e7      	beq.n	59b4 <_malloc_r+0x58>
    59e4:	425a      	negs	r2, r3
    59e6:	50e2      	str	r2, [r4, r3]
    59e8:	e7e4      	b.n	59b4 <_malloc_r+0x58>
    59ea:	684b      	ldr	r3, [r1, #4]
    59ec:	6063      	str	r3, [r4, #4]
    59ee:	000c      	movs	r4, r1
    59f0:	e7ee      	b.n	59d0 <_malloc_r+0x74>
    59f2:	000c      	movs	r4, r1
    59f4:	6849      	ldr	r1, [r1, #4]
    59f6:	e7c2      	b.n	597e <_malloc_r+0x22>
    59f8:	2303      	movs	r3, #3
    59fa:	1cc4      	adds	r4, r0, #3
    59fc:	439c      	bics	r4, r3
    59fe:	42a0      	cmp	r0, r4
    5a00:	d0e0      	beq.n	59c4 <_malloc_r+0x68>
    5a02:	1a21      	subs	r1, r4, r0
    5a04:	0030      	movs	r0, r6
    5a06:	f000 f807 	bl	5a18 <_sbrk_r>
    5a0a:	1c43      	adds	r3, r0, #1
    5a0c:	d1da      	bne.n	59c4 <_malloc_r+0x68>
    5a0e:	e7c6      	b.n	599e <_malloc_r+0x42>
    5a10:	20003420 	.word	0x20003420
    5a14:	20003424 	.word	0x20003424

00005a18 <_sbrk_r>:
    5a18:	2300      	movs	r3, #0
    5a1a:	b570      	push	{r4, r5, r6, lr}
    5a1c:	4c06      	ldr	r4, [pc, #24]	; (5a38 <_sbrk_r+0x20>)
    5a1e:	0005      	movs	r5, r0
    5a20:	0008      	movs	r0, r1
    5a22:	6023      	str	r3, [r4, #0]
    5a24:	f7fb f8ec 	bl	c00 <_sbrk>
    5a28:	1c43      	adds	r3, r0, #1
    5a2a:	d103      	bne.n	5a34 <_sbrk_r+0x1c>
    5a2c:	6823      	ldr	r3, [r4, #0]
    5a2e:	2b00      	cmp	r3, #0
    5a30:	d000      	beq.n	5a34 <_sbrk_r+0x1c>
    5a32:	602b      	str	r3, [r5, #0]
    5a34:	bd70      	pop	{r4, r5, r6, pc}
    5a36:	46c0      	nop			; (mov r8, r8)
    5a38:	20003884 	.word	0x20003884

00005a3c <sniprintf>:
    5a3c:	b40c      	push	{r2, r3}
    5a3e:	b530      	push	{r4, r5, lr}
    5a40:	4b16      	ldr	r3, [pc, #88]	; (5a9c <sniprintf+0x60>)
    5a42:	b09d      	sub	sp, #116	; 0x74
    5a44:	1e0c      	subs	r4, r1, #0
    5a46:	681d      	ldr	r5, [r3, #0]
    5a48:	da08      	bge.n	5a5c <sniprintf+0x20>
    5a4a:	238b      	movs	r3, #139	; 0x8b
    5a4c:	2001      	movs	r0, #1
    5a4e:	602b      	str	r3, [r5, #0]
    5a50:	4240      	negs	r0, r0
    5a52:	b01d      	add	sp, #116	; 0x74
    5a54:	bc30      	pop	{r4, r5}
    5a56:	bc08      	pop	{r3}
    5a58:	b002      	add	sp, #8
    5a5a:	4718      	bx	r3
    5a5c:	2382      	movs	r3, #130	; 0x82
    5a5e:	a902      	add	r1, sp, #8
    5a60:	009b      	lsls	r3, r3, #2
    5a62:	818b      	strh	r3, [r1, #12]
    5a64:	2300      	movs	r3, #0
    5a66:	9002      	str	r0, [sp, #8]
    5a68:	6108      	str	r0, [r1, #16]
    5a6a:	429c      	cmp	r4, r3
    5a6c:	d000      	beq.n	5a70 <sniprintf+0x34>
    5a6e:	1e63      	subs	r3, r4, #1
    5a70:	608b      	str	r3, [r1, #8]
    5a72:	614b      	str	r3, [r1, #20]
    5a74:	2301      	movs	r3, #1
    5a76:	425b      	negs	r3, r3
    5a78:	81cb      	strh	r3, [r1, #14]
    5a7a:	9a20      	ldr	r2, [sp, #128]	; 0x80
    5a7c:	ab21      	add	r3, sp, #132	; 0x84
    5a7e:	0028      	movs	r0, r5
    5a80:	9301      	str	r3, [sp, #4]
    5a82:	f000 f923 	bl	5ccc <_svfiprintf_r>
    5a86:	1c43      	adds	r3, r0, #1
    5a88:	da01      	bge.n	5a8e <sniprintf+0x52>
    5a8a:	238b      	movs	r3, #139	; 0x8b
    5a8c:	602b      	str	r3, [r5, #0]
    5a8e:	2c00      	cmp	r4, #0
    5a90:	d0df      	beq.n	5a52 <sniprintf+0x16>
    5a92:	2300      	movs	r3, #0
    5a94:	9a02      	ldr	r2, [sp, #8]
    5a96:	7013      	strb	r3, [r2, #0]
    5a98:	e7db      	b.n	5a52 <sniprintf+0x16>
    5a9a:	46c0      	nop			; (mov r8, r8)
    5a9c:	20000014 	.word	0x20000014

00005aa0 <siprintf>:
    5aa0:	b40e      	push	{r1, r2, r3}
    5aa2:	b510      	push	{r4, lr}
    5aa4:	b09d      	sub	sp, #116	; 0x74
    5aa6:	a902      	add	r1, sp, #8
    5aa8:	9002      	str	r0, [sp, #8]
    5aaa:	6108      	str	r0, [r1, #16]
    5aac:	480b      	ldr	r0, [pc, #44]	; (5adc <siprintf+0x3c>)
    5aae:	2482      	movs	r4, #130	; 0x82
    5ab0:	6088      	str	r0, [r1, #8]
    5ab2:	6148      	str	r0, [r1, #20]
    5ab4:	2001      	movs	r0, #1
    5ab6:	4240      	negs	r0, r0
    5ab8:	ab1f      	add	r3, sp, #124	; 0x7c
    5aba:	81c8      	strh	r0, [r1, #14]
    5abc:	4808      	ldr	r0, [pc, #32]	; (5ae0 <siprintf+0x40>)
    5abe:	cb04      	ldmia	r3!, {r2}
    5ac0:	00a4      	lsls	r4, r4, #2
    5ac2:	6800      	ldr	r0, [r0, #0]
    5ac4:	9301      	str	r3, [sp, #4]
    5ac6:	818c      	strh	r4, [r1, #12]
    5ac8:	f000 f900 	bl	5ccc <_svfiprintf_r>
    5acc:	2300      	movs	r3, #0
    5ace:	9a02      	ldr	r2, [sp, #8]
    5ad0:	7013      	strb	r3, [r2, #0]
    5ad2:	b01d      	add	sp, #116	; 0x74
    5ad4:	bc10      	pop	{r4}
    5ad6:	bc08      	pop	{r3}
    5ad8:	b003      	add	sp, #12
    5ada:	4718      	bx	r3
    5adc:	7fffffff 	.word	0x7fffffff
    5ae0:	20000014 	.word	0x20000014

00005ae4 <strcasecmp>:
    5ae4:	b5f8      	push	{r3, r4, r5, r6, r7, lr}
    5ae6:	0007      	movs	r7, r0
    5ae8:	000e      	movs	r6, r1
    5aea:	783c      	ldrb	r4, [r7, #0]
    5aec:	f000 f86a 	bl	5bc4 <__locale_ctype_ptr>
    5af0:	2203      	movs	r2, #3
    5af2:	1900      	adds	r0, r0, r4
    5af4:	7843      	ldrb	r3, [r0, #1]
    5af6:	4013      	ands	r3, r2
    5af8:	2b01      	cmp	r3, #1
    5afa:	d100      	bne.n	5afe <strcasecmp+0x1a>
    5afc:	3420      	adds	r4, #32
    5afe:	7835      	ldrb	r5, [r6, #0]
    5b00:	f000 f860 	bl	5bc4 <__locale_ctype_ptr>
    5b04:	2203      	movs	r2, #3
    5b06:	1940      	adds	r0, r0, r5
    5b08:	7843      	ldrb	r3, [r0, #1]
    5b0a:	4013      	ands	r3, r2
    5b0c:	2b01      	cmp	r3, #1
    5b0e:	d100      	bne.n	5b12 <strcasecmp+0x2e>
    5b10:	3520      	adds	r5, #32
    5b12:	1b60      	subs	r0, r4, r5
    5b14:	d103      	bne.n	5b1e <strcasecmp+0x3a>
    5b16:	3701      	adds	r7, #1
    5b18:	3601      	adds	r6, #1
    5b1a:	2d00      	cmp	r5, #0
    5b1c:	d1e5      	bne.n	5aea <strcasecmp+0x6>
    5b1e:	bdf8      	pop	{r3, r4, r5, r6, r7, pc}

00005b20 <strlen>:
    5b20:	2300      	movs	r3, #0
    5b22:	5cc2      	ldrb	r2, [r0, r3]
    5b24:	3301      	adds	r3, #1
    5b26:	2a00      	cmp	r2, #0
    5b28:	d1fb      	bne.n	5b22 <strlen+0x2>
    5b2a:	1e58      	subs	r0, r3, #1
    5b2c:	4770      	bx	lr

00005b2e <strncmp>:
    5b2e:	2300      	movs	r3, #0
    5b30:	b530      	push	{r4, r5, lr}
    5b32:	429a      	cmp	r2, r3
    5b34:	d00a      	beq.n	5b4c <strncmp+0x1e>
    5b36:	3a01      	subs	r2, #1
    5b38:	5cc4      	ldrb	r4, [r0, r3]
    5b3a:	5ccd      	ldrb	r5, [r1, r3]
    5b3c:	42ac      	cmp	r4, r5
    5b3e:	d104      	bne.n	5b4a <strncmp+0x1c>
    5b40:	429a      	cmp	r2, r3
    5b42:	d002      	beq.n	5b4a <strncmp+0x1c>
    5b44:	3301      	adds	r3, #1
    5b46:	2c00      	cmp	r4, #0
    5b48:	d1f6      	bne.n	5b38 <strncmp+0xa>
    5b4a:	1b63      	subs	r3, r4, r5
    5b4c:	0018      	movs	r0, r3
    5b4e:	bd30      	pop	{r4, r5, pc}

00005b50 <strncpy>:
    5b50:	b570      	push	{r4, r5, r6, lr}
    5b52:	0004      	movs	r4, r0
    5b54:	2a00      	cmp	r2, #0
    5b56:	d100      	bne.n	5b5a <strncpy+0xa>
    5b58:	bd70      	pop	{r4, r5, r6, pc}
    5b5a:	780d      	ldrb	r5, [r1, #0]
    5b5c:	1e56      	subs	r6, r2, #1
    5b5e:	1c63      	adds	r3, r4, #1
    5b60:	7025      	strb	r5, [r4, #0]
    5b62:	3101      	adds	r1, #1
    5b64:	2d00      	cmp	r5, #0
    5b66:	d105      	bne.n	5b74 <strncpy+0x24>
    5b68:	18a4      	adds	r4, r4, r2
    5b6a:	429c      	cmp	r4, r3
    5b6c:	d0f4      	beq.n	5b58 <strncpy+0x8>
    5b6e:	701d      	strb	r5, [r3, #0]
    5b70:	3301      	adds	r3, #1
    5b72:	e7fa      	b.n	5b6a <strncpy+0x1a>
    5b74:	001c      	movs	r4, r3
    5b76:	0032      	movs	r2, r6
    5b78:	e7ec      	b.n	5b54 <strncpy+0x4>
	...

00005b7c <_vsiprintf_r>:
    5b7c:	b530      	push	{r4, r5, lr}
    5b7e:	b09b      	sub	sp, #108	; 0x6c
    5b80:	9100      	str	r1, [sp, #0]
    5b82:	9104      	str	r1, [sp, #16]
    5b84:	4908      	ldr	r1, [pc, #32]	; (5ba8 <_vsiprintf_r+0x2c>)
    5b86:	466d      	mov	r5, sp
    5b88:	9102      	str	r1, [sp, #8]
    5b8a:	9105      	str	r1, [sp, #20]
    5b8c:	2101      	movs	r1, #1
    5b8e:	2482      	movs	r4, #130	; 0x82
    5b90:	4249      	negs	r1, r1
    5b92:	81e9      	strh	r1, [r5, #14]
    5b94:	00a4      	lsls	r4, r4, #2
    5b96:	4669      	mov	r1, sp
    5b98:	81ac      	strh	r4, [r5, #12]
    5b9a:	f000 f897 	bl	5ccc <_svfiprintf_r>
    5b9e:	2300      	movs	r3, #0
    5ba0:	9a00      	ldr	r2, [sp, #0]
    5ba2:	7013      	strb	r3, [r2, #0]
    5ba4:	b01b      	add	sp, #108	; 0x6c
    5ba6:	bd30      	pop	{r4, r5, pc}
    5ba8:	7fffffff 	.word	0x7fffffff

00005bac <vsiprintf>:
    5bac:	b510      	push	{r4, lr}
    5bae:	0013      	movs	r3, r2
    5bb0:	000a      	movs	r2, r1
    5bb2:	0001      	movs	r1, r0
    5bb4:	4802      	ldr	r0, [pc, #8]	; (5bc0 <vsiprintf+0x14>)
    5bb6:	6800      	ldr	r0, [r0, #0]
    5bb8:	f7ff ffe0 	bl	5b7c <_vsiprintf_r>
    5bbc:	bd10      	pop	{r4, pc}
    5bbe:	46c0      	nop			; (mov r8, r8)
    5bc0:	20000014 	.word	0x20000014

00005bc4 <__locale_ctype_ptr>:
    5bc4:	4b04      	ldr	r3, [pc, #16]	; (5bd8 <__locale_ctype_ptr+0x14>)
    5bc6:	681b      	ldr	r3, [r3, #0]
    5bc8:	6a1b      	ldr	r3, [r3, #32]
    5bca:	2b00      	cmp	r3, #0
    5bcc:	d100      	bne.n	5bd0 <__locale_ctype_ptr+0xc>
    5bce:	4b03      	ldr	r3, [pc, #12]	; (5bdc <__locale_ctype_ptr+0x18>)
    5bd0:	33ec      	adds	r3, #236	; 0xec
    5bd2:	6818      	ldr	r0, [r3, #0]
    5bd4:	4770      	bx	lr
    5bd6:	46c0      	nop			; (mov r8, r8)
    5bd8:	20000014 	.word	0x20000014
    5bdc:	20000078 	.word	0x20000078

00005be0 <__ascii_mbtowc>:
    5be0:	b082      	sub	sp, #8
    5be2:	2900      	cmp	r1, #0
    5be4:	d100      	bne.n	5be8 <__ascii_mbtowc+0x8>
    5be6:	a901      	add	r1, sp, #4
    5be8:	1e10      	subs	r0, r2, #0
    5bea:	d006      	beq.n	5bfa <__ascii_mbtowc+0x1a>
    5bec:	2b00      	cmp	r3, #0
    5bee:	d006      	beq.n	5bfe <__ascii_mbtowc+0x1e>
    5bf0:	7813      	ldrb	r3, [r2, #0]
    5bf2:	600b      	str	r3, [r1, #0]
    5bf4:	7810      	ldrb	r0, [r2, #0]
    5bf6:	1e43      	subs	r3, r0, #1
    5bf8:	4198      	sbcs	r0, r3
    5bfa:	b002      	add	sp, #8
    5bfc:	4770      	bx	lr
    5bfe:	2002      	movs	r0, #2
    5c00:	4240      	negs	r0, r0
    5c02:	e7fa      	b.n	5bfa <__ascii_mbtowc+0x1a>

00005c04 <__malloc_lock>:
    5c04:	4770      	bx	lr

00005c06 <__malloc_unlock>:
    5c06:	4770      	bx	lr

00005c08 <__ssputs_r>:
    5c08:	b5f0      	push	{r4, r5, r6, r7, lr}
    5c0a:	688e      	ldr	r6, [r1, #8]
    5c0c:	b085      	sub	sp, #20
    5c0e:	0007      	movs	r7, r0
    5c10:	000c      	movs	r4, r1
    5c12:	9203      	str	r2, [sp, #12]
    5c14:	9301      	str	r3, [sp, #4]
    5c16:	429e      	cmp	r6, r3
    5c18:	d839      	bhi.n	5c8e <__ssputs_r+0x86>
    5c1a:	2390      	movs	r3, #144	; 0x90
    5c1c:	898a      	ldrh	r2, [r1, #12]
    5c1e:	00db      	lsls	r3, r3, #3
    5c20:	421a      	tst	r2, r3
    5c22:	d034      	beq.n	5c8e <__ssputs_r+0x86>
    5c24:	2503      	movs	r5, #3
    5c26:	6909      	ldr	r1, [r1, #16]
    5c28:	6823      	ldr	r3, [r4, #0]
    5c2a:	1a5b      	subs	r3, r3, r1
    5c2c:	9302      	str	r3, [sp, #8]
    5c2e:	6963      	ldr	r3, [r4, #20]
    5c30:	9802      	ldr	r0, [sp, #8]
    5c32:	435d      	muls	r5, r3
    5c34:	0feb      	lsrs	r3, r5, #31
    5c36:	195d      	adds	r5, r3, r5
    5c38:	9b01      	ldr	r3, [sp, #4]
    5c3a:	106d      	asrs	r5, r5, #1
    5c3c:	3301      	adds	r3, #1
    5c3e:	181b      	adds	r3, r3, r0
    5c40:	42ab      	cmp	r3, r5
    5c42:	d900      	bls.n	5c46 <__ssputs_r+0x3e>
    5c44:	001d      	movs	r5, r3
    5c46:	0553      	lsls	r3, r2, #21
    5c48:	d532      	bpl.n	5cb0 <__ssputs_r+0xa8>
    5c4a:	0029      	movs	r1, r5
    5c4c:	0038      	movs	r0, r7
    5c4e:	f7ff fe85 	bl	595c <_malloc_r>
    5c52:	1e06      	subs	r6, r0, #0
    5c54:	d109      	bne.n	5c6a <__ssputs_r+0x62>
    5c56:	230c      	movs	r3, #12
    5c58:	603b      	str	r3, [r7, #0]
    5c5a:	2340      	movs	r3, #64	; 0x40
    5c5c:	2001      	movs	r0, #1
    5c5e:	89a2      	ldrh	r2, [r4, #12]
    5c60:	4240      	negs	r0, r0
    5c62:	4313      	orrs	r3, r2
    5c64:	81a3      	strh	r3, [r4, #12]
    5c66:	b005      	add	sp, #20
    5c68:	bdf0      	pop	{r4, r5, r6, r7, pc}
    5c6a:	9a02      	ldr	r2, [sp, #8]
    5c6c:	6921      	ldr	r1, [r4, #16]
    5c6e:	f7ff fe19 	bl	58a4 <memcpy>
    5c72:	89a3      	ldrh	r3, [r4, #12]
    5c74:	4a14      	ldr	r2, [pc, #80]	; (5cc8 <__ssputs_r+0xc0>)
    5c76:	401a      	ands	r2, r3
    5c78:	2380      	movs	r3, #128	; 0x80
    5c7a:	4313      	orrs	r3, r2
    5c7c:	81a3      	strh	r3, [r4, #12]
    5c7e:	9b02      	ldr	r3, [sp, #8]
    5c80:	6126      	str	r6, [r4, #16]
    5c82:	18f6      	adds	r6, r6, r3
    5c84:	6026      	str	r6, [r4, #0]
    5c86:	6165      	str	r5, [r4, #20]
    5c88:	9e01      	ldr	r6, [sp, #4]
    5c8a:	1aed      	subs	r5, r5, r3
    5c8c:	60a5      	str	r5, [r4, #8]
    5c8e:	9b01      	ldr	r3, [sp, #4]
    5c90:	42b3      	cmp	r3, r6
    5c92:	d200      	bcs.n	5c96 <__ssputs_r+0x8e>
    5c94:	001e      	movs	r6, r3
    5c96:	0032      	movs	r2, r6
    5c98:	9903      	ldr	r1, [sp, #12]
    5c9a:	6820      	ldr	r0, [r4, #0]
    5c9c:	f000 fab9 	bl	6212 <memmove>
    5ca0:	68a3      	ldr	r3, [r4, #8]
    5ca2:	2000      	movs	r0, #0
    5ca4:	1b9b      	subs	r3, r3, r6
    5ca6:	60a3      	str	r3, [r4, #8]
    5ca8:	6823      	ldr	r3, [r4, #0]
    5caa:	199e      	adds	r6, r3, r6
    5cac:	6026      	str	r6, [r4, #0]
    5cae:	e7da      	b.n	5c66 <__ssputs_r+0x5e>
    5cb0:	002a      	movs	r2, r5
    5cb2:	0038      	movs	r0, r7
    5cb4:	f000 fabf 	bl	6236 <_realloc_r>
    5cb8:	1e06      	subs	r6, r0, #0
    5cba:	d1e0      	bne.n	5c7e <__ssputs_r+0x76>
    5cbc:	6921      	ldr	r1, [r4, #16]
    5cbe:	0038      	movs	r0, r7
    5cc0:	f7ff fe02 	bl	58c8 <_free_r>
    5cc4:	e7c7      	b.n	5c56 <__ssputs_r+0x4e>
    5cc6:	46c0      	nop			; (mov r8, r8)
    5cc8:	fffffb7f 	.word	0xfffffb7f

00005ccc <_svfiprintf_r>:
    5ccc:	b5f0      	push	{r4, r5, r6, r7, lr}
    5cce:	b09f      	sub	sp, #124	; 0x7c
    5cd0:	9002      	str	r0, [sp, #8]
    5cd2:	9305      	str	r3, [sp, #20]
    5cd4:	898b      	ldrh	r3, [r1, #12]
    5cd6:	000f      	movs	r7, r1
    5cd8:	0016      	movs	r6, r2
    5cda:	061b      	lsls	r3, r3, #24
    5cdc:	d511      	bpl.n	5d02 <_svfiprintf_r+0x36>
    5cde:	690b      	ldr	r3, [r1, #16]
    5ce0:	2b00      	cmp	r3, #0
    5ce2:	d10e      	bne.n	5d02 <_svfiprintf_r+0x36>
    5ce4:	2140      	movs	r1, #64	; 0x40
    5ce6:	f7ff fe39 	bl	595c <_malloc_r>
    5cea:	6038      	str	r0, [r7, #0]
    5cec:	6138      	str	r0, [r7, #16]
    5cee:	2800      	cmp	r0, #0
    5cf0:	d105      	bne.n	5cfe <_svfiprintf_r+0x32>
    5cf2:	230c      	movs	r3, #12
    5cf4:	9a02      	ldr	r2, [sp, #8]
    5cf6:	3801      	subs	r0, #1
    5cf8:	6013      	str	r3, [r2, #0]
    5cfa:	b01f      	add	sp, #124	; 0x7c
    5cfc:	bdf0      	pop	{r4, r5, r6, r7, pc}
    5cfe:	2340      	movs	r3, #64	; 0x40
    5d00:	617b      	str	r3, [r7, #20]
    5d02:	2300      	movs	r3, #0
    5d04:	ad06      	add	r5, sp, #24
    5d06:	616b      	str	r3, [r5, #20]
    5d08:	3320      	adds	r3, #32
    5d0a:	766b      	strb	r3, [r5, #25]
    5d0c:	3310      	adds	r3, #16
    5d0e:	76ab      	strb	r3, [r5, #26]
    5d10:	0034      	movs	r4, r6
    5d12:	7823      	ldrb	r3, [r4, #0]
    5d14:	2b00      	cmp	r3, #0
    5d16:	d147      	bne.n	5da8 <_svfiprintf_r+0xdc>
    5d18:	1ba3      	subs	r3, r4, r6
    5d1a:	9304      	str	r3, [sp, #16]
    5d1c:	d00d      	beq.n	5d3a <_svfiprintf_r+0x6e>
    5d1e:	1ba3      	subs	r3, r4, r6
    5d20:	0032      	movs	r2, r6
    5d22:	0039      	movs	r1, r7
    5d24:	9802      	ldr	r0, [sp, #8]
    5d26:	f7ff ff6f 	bl	5c08 <__ssputs_r>
    5d2a:	1c43      	adds	r3, r0, #1
    5d2c:	d100      	bne.n	5d30 <_svfiprintf_r+0x64>
    5d2e:	e0b5      	b.n	5e9c <_svfiprintf_r+0x1d0>
    5d30:	696a      	ldr	r2, [r5, #20]
    5d32:	9b04      	ldr	r3, [sp, #16]
    5d34:	4694      	mov	ip, r2
    5d36:	4463      	add	r3, ip
    5d38:	616b      	str	r3, [r5, #20]
    5d3a:	7823      	ldrb	r3, [r4, #0]
    5d3c:	2b00      	cmp	r3, #0
    5d3e:	d100      	bne.n	5d42 <_svfiprintf_r+0x76>
    5d40:	e0ac      	b.n	5e9c <_svfiprintf_r+0x1d0>
    5d42:	2201      	movs	r2, #1
    5d44:	2300      	movs	r3, #0
    5d46:	4252      	negs	r2, r2
    5d48:	606a      	str	r2, [r5, #4]
    5d4a:	a902      	add	r1, sp, #8
    5d4c:	3254      	adds	r2, #84	; 0x54
    5d4e:	1852      	adds	r2, r2, r1
    5d50:	3401      	adds	r4, #1
    5d52:	602b      	str	r3, [r5, #0]
    5d54:	60eb      	str	r3, [r5, #12]
    5d56:	60ab      	str	r3, [r5, #8]
    5d58:	7013      	strb	r3, [r2, #0]
    5d5a:	65ab      	str	r3, [r5, #88]	; 0x58
    5d5c:	4e58      	ldr	r6, [pc, #352]	; (5ec0 <_svfiprintf_r+0x1f4>)
    5d5e:	2205      	movs	r2, #5
    5d60:	7821      	ldrb	r1, [r4, #0]
    5d62:	0030      	movs	r0, r6
    5d64:	f000 fa4a 	bl	61fc <memchr>
    5d68:	1c62      	adds	r2, r4, #1
    5d6a:	2800      	cmp	r0, #0
    5d6c:	d120      	bne.n	5db0 <_svfiprintf_r+0xe4>
    5d6e:	6829      	ldr	r1, [r5, #0]
    5d70:	06cb      	lsls	r3, r1, #27
    5d72:	d504      	bpl.n	5d7e <_svfiprintf_r+0xb2>
    5d74:	2353      	movs	r3, #83	; 0x53
    5d76:	ae02      	add	r6, sp, #8
    5d78:	3020      	adds	r0, #32
    5d7a:	199b      	adds	r3, r3, r6
    5d7c:	7018      	strb	r0, [r3, #0]
    5d7e:	070b      	lsls	r3, r1, #28
    5d80:	d504      	bpl.n	5d8c <_svfiprintf_r+0xc0>
    5d82:	2353      	movs	r3, #83	; 0x53
    5d84:	202b      	movs	r0, #43	; 0x2b
    5d86:	ae02      	add	r6, sp, #8
    5d88:	199b      	adds	r3, r3, r6
    5d8a:	7018      	strb	r0, [r3, #0]
    5d8c:	7823      	ldrb	r3, [r4, #0]
    5d8e:	2b2a      	cmp	r3, #42	; 0x2a
    5d90:	d016      	beq.n	5dc0 <_svfiprintf_r+0xf4>
    5d92:	2000      	movs	r0, #0
    5d94:	210a      	movs	r1, #10
    5d96:	9b09      	ldr	r3, [sp, #36]	; 0x24
    5d98:	7822      	ldrb	r2, [r4, #0]
    5d9a:	3a30      	subs	r2, #48	; 0x30
    5d9c:	2a09      	cmp	r2, #9
    5d9e:	d955      	bls.n	5e4c <_svfiprintf_r+0x180>
    5da0:	2800      	cmp	r0, #0
    5da2:	d015      	beq.n	5dd0 <_svfiprintf_r+0x104>
    5da4:	9309      	str	r3, [sp, #36]	; 0x24
    5da6:	e013      	b.n	5dd0 <_svfiprintf_r+0x104>
    5da8:	2b25      	cmp	r3, #37	; 0x25
    5daa:	d0b5      	beq.n	5d18 <_svfiprintf_r+0x4c>
    5dac:	3401      	adds	r4, #1
    5dae:	e7b0      	b.n	5d12 <_svfiprintf_r+0x46>
    5db0:	2301      	movs	r3, #1
    5db2:	1b80      	subs	r0, r0, r6
    5db4:	4083      	lsls	r3, r0
    5db6:	6829      	ldr	r1, [r5, #0]
    5db8:	0014      	movs	r4, r2
    5dba:	430b      	orrs	r3, r1
    5dbc:	602b      	str	r3, [r5, #0]
    5dbe:	e7cd      	b.n	5d5c <_svfiprintf_r+0x90>
    5dc0:	9b05      	ldr	r3, [sp, #20]
    5dc2:	1d18      	adds	r0, r3, #4
    5dc4:	681b      	ldr	r3, [r3, #0]
    5dc6:	9005      	str	r0, [sp, #20]
    5dc8:	2b00      	cmp	r3, #0
    5dca:	db39      	blt.n	5e40 <_svfiprintf_r+0x174>
    5dcc:	9309      	str	r3, [sp, #36]	; 0x24
    5dce:	0014      	movs	r4, r2
    5dd0:	7823      	ldrb	r3, [r4, #0]
    5dd2:	2b2e      	cmp	r3, #46	; 0x2e
    5dd4:	d10b      	bne.n	5dee <_svfiprintf_r+0x122>
    5dd6:	7863      	ldrb	r3, [r4, #1]
    5dd8:	1c62      	adds	r2, r4, #1
    5dda:	2b2a      	cmp	r3, #42	; 0x2a
    5ddc:	d13e      	bne.n	5e5c <_svfiprintf_r+0x190>
    5dde:	9b05      	ldr	r3, [sp, #20]
    5de0:	3402      	adds	r4, #2
    5de2:	1d1a      	adds	r2, r3, #4
    5de4:	681b      	ldr	r3, [r3, #0]
    5de6:	9205      	str	r2, [sp, #20]
    5de8:	2b00      	cmp	r3, #0
    5dea:	db34      	blt.n	5e56 <_svfiprintf_r+0x18a>
    5dec:	9307      	str	r3, [sp, #28]
    5dee:	4e35      	ldr	r6, [pc, #212]	; (5ec4 <_svfiprintf_r+0x1f8>)
    5df0:	7821      	ldrb	r1, [r4, #0]
    5df2:	2203      	movs	r2, #3
    5df4:	0030      	movs	r0, r6
    5df6:	f000 fa01 	bl	61fc <memchr>
    5dfa:	2800      	cmp	r0, #0
    5dfc:	d006      	beq.n	5e0c <_svfiprintf_r+0x140>
    5dfe:	2340      	movs	r3, #64	; 0x40
    5e00:	1b80      	subs	r0, r0, r6
    5e02:	4083      	lsls	r3, r0
    5e04:	682a      	ldr	r2, [r5, #0]
    5e06:	3401      	adds	r4, #1
    5e08:	4313      	orrs	r3, r2
    5e0a:	602b      	str	r3, [r5, #0]
    5e0c:	7821      	ldrb	r1, [r4, #0]
    5e0e:	2206      	movs	r2, #6
    5e10:	482d      	ldr	r0, [pc, #180]	; (5ec8 <_svfiprintf_r+0x1fc>)
    5e12:	1c66      	adds	r6, r4, #1
    5e14:	7629      	strb	r1, [r5, #24]
    5e16:	f000 f9f1 	bl	61fc <memchr>
    5e1a:	2800      	cmp	r0, #0
    5e1c:	d046      	beq.n	5eac <_svfiprintf_r+0x1e0>
    5e1e:	4b2b      	ldr	r3, [pc, #172]	; (5ecc <_svfiprintf_r+0x200>)
    5e20:	2b00      	cmp	r3, #0
    5e22:	d12f      	bne.n	5e84 <_svfiprintf_r+0x1b8>
    5e24:	6829      	ldr	r1, [r5, #0]
    5e26:	9b05      	ldr	r3, [sp, #20]
    5e28:	2207      	movs	r2, #7
    5e2a:	05c9      	lsls	r1, r1, #23
    5e2c:	d528      	bpl.n	5e80 <_svfiprintf_r+0x1b4>
    5e2e:	189b      	adds	r3, r3, r2
    5e30:	4393      	bics	r3, r2
    5e32:	3308      	adds	r3, #8
    5e34:	9305      	str	r3, [sp, #20]
    5e36:	696b      	ldr	r3, [r5, #20]
    5e38:	9a03      	ldr	r2, [sp, #12]
    5e3a:	189b      	adds	r3, r3, r2
    5e3c:	616b      	str	r3, [r5, #20]
    5e3e:	e767      	b.n	5d10 <_svfiprintf_r+0x44>
    5e40:	425b      	negs	r3, r3
    5e42:	60eb      	str	r3, [r5, #12]
    5e44:	2302      	movs	r3, #2
    5e46:	430b      	orrs	r3, r1
    5e48:	602b      	str	r3, [r5, #0]
    5e4a:	e7c0      	b.n	5dce <_svfiprintf_r+0x102>
    5e4c:	434b      	muls	r3, r1
    5e4e:	3401      	adds	r4, #1
    5e50:	189b      	adds	r3, r3, r2
    5e52:	2001      	movs	r0, #1
    5e54:	e7a0      	b.n	5d98 <_svfiprintf_r+0xcc>
    5e56:	2301      	movs	r3, #1
    5e58:	425b      	negs	r3, r3
    5e5a:	e7c7      	b.n	5dec <_svfiprintf_r+0x120>
    5e5c:	2300      	movs	r3, #0
    5e5e:	0014      	movs	r4, r2
    5e60:	200a      	movs	r0, #10
    5e62:	001a      	movs	r2, r3
    5e64:	606b      	str	r3, [r5, #4]
    5e66:	7821      	ldrb	r1, [r4, #0]
    5e68:	3930      	subs	r1, #48	; 0x30
    5e6a:	2909      	cmp	r1, #9
    5e6c:	d903      	bls.n	5e76 <_svfiprintf_r+0x1aa>
    5e6e:	2b00      	cmp	r3, #0
    5e70:	d0bd      	beq.n	5dee <_svfiprintf_r+0x122>
    5e72:	9207      	str	r2, [sp, #28]
    5e74:	e7bb      	b.n	5dee <_svfiprintf_r+0x122>
    5e76:	4342      	muls	r2, r0
    5e78:	3401      	adds	r4, #1
    5e7a:	1852      	adds	r2, r2, r1
    5e7c:	2301      	movs	r3, #1
    5e7e:	e7f2      	b.n	5e66 <_svfiprintf_r+0x19a>
    5e80:	3307      	adds	r3, #7
    5e82:	e7d5      	b.n	5e30 <_svfiprintf_r+0x164>
    5e84:	ab05      	add	r3, sp, #20
    5e86:	9300      	str	r3, [sp, #0]
    5e88:	003a      	movs	r2, r7
    5e8a:	4b11      	ldr	r3, [pc, #68]	; (5ed0 <_svfiprintf_r+0x204>)
    5e8c:	0029      	movs	r1, r5
    5e8e:	9802      	ldr	r0, [sp, #8]
    5e90:	e000      	b.n	5e94 <_svfiprintf_r+0x1c8>
    5e92:	bf00      	nop
    5e94:	9003      	str	r0, [sp, #12]
    5e96:	9b03      	ldr	r3, [sp, #12]
    5e98:	3301      	adds	r3, #1
    5e9a:	d1cc      	bne.n	5e36 <_svfiprintf_r+0x16a>
    5e9c:	89bb      	ldrh	r3, [r7, #12]
    5e9e:	980b      	ldr	r0, [sp, #44]	; 0x2c
    5ea0:	065b      	lsls	r3, r3, #25
    5ea2:	d400      	bmi.n	5ea6 <_svfiprintf_r+0x1da>
    5ea4:	e729      	b.n	5cfa <_svfiprintf_r+0x2e>
    5ea6:	2001      	movs	r0, #1
    5ea8:	4240      	negs	r0, r0
    5eaa:	e726      	b.n	5cfa <_svfiprintf_r+0x2e>
    5eac:	ab05      	add	r3, sp, #20
    5eae:	9300      	str	r3, [sp, #0]
    5eb0:	003a      	movs	r2, r7
    5eb2:	4b07      	ldr	r3, [pc, #28]	; (5ed0 <_svfiprintf_r+0x204>)
    5eb4:	0029      	movs	r1, r5
    5eb6:	9802      	ldr	r0, [sp, #8]
    5eb8:	f000 f87a 	bl	5fb0 <_printf_i>
    5ebc:	e7ea      	b.n	5e94 <_svfiprintf_r+0x1c8>
    5ebe:	46c0      	nop			; (mov r8, r8)
    5ec0:	00006715 	.word	0x00006715
    5ec4:	0000671b 	.word	0x0000671b
    5ec8:	0000671f 	.word	0x0000671f
    5ecc:	00000000 	.word	0x00000000
    5ed0:	00005c09 	.word	0x00005c09

00005ed4 <_printf_common>:
    5ed4:	b5f7      	push	{r0, r1, r2, r4, r5, r6, r7, lr}
    5ed6:	0015      	movs	r5, r2
    5ed8:	9301      	str	r3, [sp, #4]
    5eda:	688a      	ldr	r2, [r1, #8]
    5edc:	690b      	ldr	r3, [r1, #16]
    5ede:	9000      	str	r0, [sp, #0]
    5ee0:	000c      	movs	r4, r1
    5ee2:	4293      	cmp	r3, r2
    5ee4:	da00      	bge.n	5ee8 <_printf_common+0x14>
    5ee6:	0013      	movs	r3, r2
    5ee8:	0022      	movs	r2, r4
    5eea:	602b      	str	r3, [r5, #0]
    5eec:	3243      	adds	r2, #67	; 0x43
    5eee:	7812      	ldrb	r2, [r2, #0]
    5ef0:	2a00      	cmp	r2, #0
    5ef2:	d001      	beq.n	5ef8 <_printf_common+0x24>
    5ef4:	3301      	adds	r3, #1
    5ef6:	602b      	str	r3, [r5, #0]
    5ef8:	6823      	ldr	r3, [r4, #0]
    5efa:	069b      	lsls	r3, r3, #26
    5efc:	d502      	bpl.n	5f04 <_printf_common+0x30>
    5efe:	682b      	ldr	r3, [r5, #0]
    5f00:	3302      	adds	r3, #2
    5f02:	602b      	str	r3, [r5, #0]
    5f04:	2706      	movs	r7, #6
    5f06:	6823      	ldr	r3, [r4, #0]
    5f08:	401f      	ands	r7, r3
    5f0a:	d027      	beq.n	5f5c <_printf_common+0x88>
    5f0c:	0023      	movs	r3, r4
    5f0e:	3343      	adds	r3, #67	; 0x43
    5f10:	781b      	ldrb	r3, [r3, #0]
    5f12:	1e5a      	subs	r2, r3, #1
    5f14:	4193      	sbcs	r3, r2
    5f16:	6822      	ldr	r2, [r4, #0]
    5f18:	0692      	lsls	r2, r2, #26
    5f1a:	d430      	bmi.n	5f7e <_printf_common+0xaa>
    5f1c:	0022      	movs	r2, r4
    5f1e:	9901      	ldr	r1, [sp, #4]
    5f20:	3243      	adds	r2, #67	; 0x43
    5f22:	9800      	ldr	r0, [sp, #0]
    5f24:	9e08      	ldr	r6, [sp, #32]
    5f26:	47b0      	blx	r6
    5f28:	1c43      	adds	r3, r0, #1
    5f2a:	d025      	beq.n	5f78 <_printf_common+0xa4>
    5f2c:	2306      	movs	r3, #6
    5f2e:	6820      	ldr	r0, [r4, #0]
    5f30:	682a      	ldr	r2, [r5, #0]
    5f32:	68e1      	ldr	r1, [r4, #12]
    5f34:	4003      	ands	r3, r0
    5f36:	2500      	movs	r5, #0
    5f38:	2b04      	cmp	r3, #4
    5f3a:	d103      	bne.n	5f44 <_printf_common+0x70>
    5f3c:	1a8d      	subs	r5, r1, r2
    5f3e:	43eb      	mvns	r3, r5
    5f40:	17db      	asrs	r3, r3, #31
    5f42:	401d      	ands	r5, r3
    5f44:	68a3      	ldr	r3, [r4, #8]
    5f46:	6922      	ldr	r2, [r4, #16]
    5f48:	4293      	cmp	r3, r2
    5f4a:	dd01      	ble.n	5f50 <_printf_common+0x7c>
    5f4c:	1a9b      	subs	r3, r3, r2
    5f4e:	18ed      	adds	r5, r5, r3
    5f50:	2700      	movs	r7, #0
    5f52:	42bd      	cmp	r5, r7
    5f54:	d120      	bne.n	5f98 <_printf_common+0xc4>
    5f56:	2000      	movs	r0, #0
    5f58:	e010      	b.n	5f7c <_printf_common+0xa8>
    5f5a:	3701      	adds	r7, #1
    5f5c:	68e3      	ldr	r3, [r4, #12]
    5f5e:	682a      	ldr	r2, [r5, #0]
    5f60:	1a9b      	subs	r3, r3, r2
    5f62:	429f      	cmp	r7, r3
    5f64:	dad2      	bge.n	5f0c <_printf_common+0x38>
    5f66:	0022      	movs	r2, r4
    5f68:	2301      	movs	r3, #1
    5f6a:	3219      	adds	r2, #25
    5f6c:	9901      	ldr	r1, [sp, #4]
    5f6e:	9800      	ldr	r0, [sp, #0]
    5f70:	9e08      	ldr	r6, [sp, #32]
    5f72:	47b0      	blx	r6
    5f74:	1c43      	adds	r3, r0, #1
    5f76:	d1f0      	bne.n	5f5a <_printf_common+0x86>
    5f78:	2001      	movs	r0, #1
    5f7a:	4240      	negs	r0, r0
    5f7c:	bdfe      	pop	{r1, r2, r3, r4, r5, r6, r7, pc}
    5f7e:	2030      	movs	r0, #48	; 0x30
    5f80:	18e1      	adds	r1, r4, r3
    5f82:	3143      	adds	r1, #67	; 0x43
    5f84:	7008      	strb	r0, [r1, #0]
    5f86:	0021      	movs	r1, r4
    5f88:	1c5a      	adds	r2, r3, #1
    5f8a:	3145      	adds	r1, #69	; 0x45
    5f8c:	7809      	ldrb	r1, [r1, #0]
    5f8e:	18a2      	adds	r2, r4, r2
    5f90:	3243      	adds	r2, #67	; 0x43
    5f92:	3302      	adds	r3, #2
    5f94:	7011      	strb	r1, [r2, #0]
    5f96:	e7c1      	b.n	5f1c <_printf_common+0x48>
    5f98:	0022      	movs	r2, r4
    5f9a:	2301      	movs	r3, #1
    5f9c:	321a      	adds	r2, #26
    5f9e:	9901      	ldr	r1, [sp, #4]
    5fa0:	9800      	ldr	r0, [sp, #0]
    5fa2:	9e08      	ldr	r6, [sp, #32]
    5fa4:	47b0      	blx	r6
    5fa6:	1c43      	adds	r3, r0, #1
    5fa8:	d0e6      	beq.n	5f78 <_printf_common+0xa4>
    5faa:	3701      	adds	r7, #1
    5fac:	e7d1      	b.n	5f52 <_printf_common+0x7e>
	...

00005fb0 <_printf_i>:
    5fb0:	b5f0      	push	{r4, r5, r6, r7, lr}
    5fb2:	b08b      	sub	sp, #44	; 0x2c
    5fb4:	9206      	str	r2, [sp, #24]
    5fb6:	000a      	movs	r2, r1
    5fb8:	3243      	adds	r2, #67	; 0x43
    5fba:	9307      	str	r3, [sp, #28]
    5fbc:	9005      	str	r0, [sp, #20]
    5fbe:	9204      	str	r2, [sp, #16]
    5fc0:	7e0a      	ldrb	r2, [r1, #24]
    5fc2:	000c      	movs	r4, r1
    5fc4:	9b10      	ldr	r3, [sp, #64]	; 0x40
    5fc6:	2a6e      	cmp	r2, #110	; 0x6e
    5fc8:	d100      	bne.n	5fcc <_printf_i+0x1c>
    5fca:	e08f      	b.n	60ec <_printf_i+0x13c>
    5fcc:	d817      	bhi.n	5ffe <_printf_i+0x4e>
    5fce:	2a63      	cmp	r2, #99	; 0x63
    5fd0:	d02c      	beq.n	602c <_printf_i+0x7c>
    5fd2:	d808      	bhi.n	5fe6 <_printf_i+0x36>
    5fd4:	2a00      	cmp	r2, #0
    5fd6:	d100      	bne.n	5fda <_printf_i+0x2a>
    5fd8:	e099      	b.n	610e <_printf_i+0x15e>
    5fda:	2a58      	cmp	r2, #88	; 0x58
    5fdc:	d054      	beq.n	6088 <_printf_i+0xd8>
    5fde:	0026      	movs	r6, r4
    5fe0:	3642      	adds	r6, #66	; 0x42
    5fe2:	7032      	strb	r2, [r6, #0]
    5fe4:	e029      	b.n	603a <_printf_i+0x8a>
    5fe6:	2a64      	cmp	r2, #100	; 0x64
    5fe8:	d001      	beq.n	5fee <_printf_i+0x3e>
    5fea:	2a69      	cmp	r2, #105	; 0x69
    5fec:	d1f7      	bne.n	5fde <_printf_i+0x2e>
    5fee:	6821      	ldr	r1, [r4, #0]
    5ff0:	681a      	ldr	r2, [r3, #0]
    5ff2:	0608      	lsls	r0, r1, #24
    5ff4:	d523      	bpl.n	603e <_printf_i+0x8e>
    5ff6:	1d11      	adds	r1, r2, #4
    5ff8:	6019      	str	r1, [r3, #0]
    5ffa:	6815      	ldr	r5, [r2, #0]
    5ffc:	e025      	b.n	604a <_printf_i+0x9a>
    5ffe:	2a73      	cmp	r2, #115	; 0x73
    6000:	d100      	bne.n	6004 <_printf_i+0x54>
    6002:	e088      	b.n	6116 <_printf_i+0x166>
    6004:	d808      	bhi.n	6018 <_printf_i+0x68>
    6006:	2a6f      	cmp	r2, #111	; 0x6f
    6008:	d029      	beq.n	605e <_printf_i+0xae>
    600a:	2a70      	cmp	r2, #112	; 0x70
    600c:	d1e7      	bne.n	5fde <_printf_i+0x2e>
    600e:	2220      	movs	r2, #32
    6010:	6809      	ldr	r1, [r1, #0]
    6012:	430a      	orrs	r2, r1
    6014:	6022      	str	r2, [r4, #0]
    6016:	e003      	b.n	6020 <_printf_i+0x70>
    6018:	2a75      	cmp	r2, #117	; 0x75
    601a:	d020      	beq.n	605e <_printf_i+0xae>
    601c:	2a78      	cmp	r2, #120	; 0x78
    601e:	d1de      	bne.n	5fde <_printf_i+0x2e>
    6020:	0022      	movs	r2, r4
    6022:	2178      	movs	r1, #120	; 0x78
    6024:	3245      	adds	r2, #69	; 0x45
    6026:	7011      	strb	r1, [r2, #0]
    6028:	4a6c      	ldr	r2, [pc, #432]	; (61dc <_printf_i+0x22c>)
    602a:	e030      	b.n	608e <_printf_i+0xde>
    602c:	000e      	movs	r6, r1
    602e:	681a      	ldr	r2, [r3, #0]
    6030:	3642      	adds	r6, #66	; 0x42
    6032:	1d11      	adds	r1, r2, #4
    6034:	6019      	str	r1, [r3, #0]
    6036:	6813      	ldr	r3, [r2, #0]
    6038:	7033      	strb	r3, [r6, #0]
    603a:	2301      	movs	r3, #1
    603c:	e079      	b.n	6132 <_printf_i+0x182>
    603e:	0649      	lsls	r1, r1, #25
    6040:	d5d9      	bpl.n	5ff6 <_printf_i+0x46>
    6042:	1d11      	adds	r1, r2, #4
    6044:	6019      	str	r1, [r3, #0]
    6046:	2300      	movs	r3, #0
    6048:	5ed5      	ldrsh	r5, [r2, r3]
    604a:	2d00      	cmp	r5, #0
    604c:	da03      	bge.n	6056 <_printf_i+0xa6>
    604e:	232d      	movs	r3, #45	; 0x2d
    6050:	9a04      	ldr	r2, [sp, #16]
    6052:	426d      	negs	r5, r5
    6054:	7013      	strb	r3, [r2, #0]
    6056:	4b62      	ldr	r3, [pc, #392]	; (61e0 <_printf_i+0x230>)
    6058:	270a      	movs	r7, #10
    605a:	9303      	str	r3, [sp, #12]
    605c:	e02f      	b.n	60be <_printf_i+0x10e>
    605e:	6820      	ldr	r0, [r4, #0]
    6060:	6819      	ldr	r1, [r3, #0]
    6062:	0605      	lsls	r5, r0, #24
    6064:	d503      	bpl.n	606e <_printf_i+0xbe>
    6066:	1d08      	adds	r0, r1, #4
    6068:	6018      	str	r0, [r3, #0]
    606a:	680d      	ldr	r5, [r1, #0]
    606c:	e005      	b.n	607a <_printf_i+0xca>
    606e:	0640      	lsls	r0, r0, #25
    6070:	d5f9      	bpl.n	6066 <_printf_i+0xb6>
    6072:	680d      	ldr	r5, [r1, #0]
    6074:	1d08      	adds	r0, r1, #4
    6076:	6018      	str	r0, [r3, #0]
    6078:	b2ad      	uxth	r5, r5
    607a:	4b59      	ldr	r3, [pc, #356]	; (61e0 <_printf_i+0x230>)
    607c:	2708      	movs	r7, #8
    607e:	9303      	str	r3, [sp, #12]
    6080:	2a6f      	cmp	r2, #111	; 0x6f
    6082:	d018      	beq.n	60b6 <_printf_i+0x106>
    6084:	270a      	movs	r7, #10
    6086:	e016      	b.n	60b6 <_printf_i+0x106>
    6088:	3145      	adds	r1, #69	; 0x45
    608a:	700a      	strb	r2, [r1, #0]
    608c:	4a54      	ldr	r2, [pc, #336]	; (61e0 <_printf_i+0x230>)
    608e:	9203      	str	r2, [sp, #12]
    6090:	681a      	ldr	r2, [r3, #0]
    6092:	6821      	ldr	r1, [r4, #0]
    6094:	1d10      	adds	r0, r2, #4
    6096:	6018      	str	r0, [r3, #0]
    6098:	6815      	ldr	r5, [r2, #0]
    609a:	0608      	lsls	r0, r1, #24
    609c:	d522      	bpl.n	60e4 <_printf_i+0x134>
    609e:	07cb      	lsls	r3, r1, #31
    60a0:	d502      	bpl.n	60a8 <_printf_i+0xf8>
    60a2:	2320      	movs	r3, #32
    60a4:	4319      	orrs	r1, r3
    60a6:	6021      	str	r1, [r4, #0]
    60a8:	2710      	movs	r7, #16
    60aa:	2d00      	cmp	r5, #0
    60ac:	d103      	bne.n	60b6 <_printf_i+0x106>
    60ae:	2320      	movs	r3, #32
    60b0:	6822      	ldr	r2, [r4, #0]
    60b2:	439a      	bics	r2, r3
    60b4:	6022      	str	r2, [r4, #0]
    60b6:	0023      	movs	r3, r4
    60b8:	2200      	movs	r2, #0
    60ba:	3343      	adds	r3, #67	; 0x43
    60bc:	701a      	strb	r2, [r3, #0]
    60be:	6863      	ldr	r3, [r4, #4]
    60c0:	60a3      	str	r3, [r4, #8]
    60c2:	2b00      	cmp	r3, #0
    60c4:	db5c      	blt.n	6180 <_printf_i+0x1d0>
    60c6:	2204      	movs	r2, #4
    60c8:	6821      	ldr	r1, [r4, #0]
    60ca:	4391      	bics	r1, r2
    60cc:	6021      	str	r1, [r4, #0]
    60ce:	2d00      	cmp	r5, #0
    60d0:	d158      	bne.n	6184 <_printf_i+0x1d4>
    60d2:	9e04      	ldr	r6, [sp, #16]
    60d4:	2b00      	cmp	r3, #0
    60d6:	d064      	beq.n	61a2 <_printf_i+0x1f2>
    60d8:	0026      	movs	r6, r4
    60da:	9b03      	ldr	r3, [sp, #12]
    60dc:	3642      	adds	r6, #66	; 0x42
    60de:	781b      	ldrb	r3, [r3, #0]
    60e0:	7033      	strb	r3, [r6, #0]
    60e2:	e05e      	b.n	61a2 <_printf_i+0x1f2>
    60e4:	0648      	lsls	r0, r1, #25
    60e6:	d5da      	bpl.n	609e <_printf_i+0xee>
    60e8:	b2ad      	uxth	r5, r5
    60ea:	e7d8      	b.n	609e <_printf_i+0xee>
    60ec:	6809      	ldr	r1, [r1, #0]
    60ee:	681a      	ldr	r2, [r3, #0]
    60f0:	0608      	lsls	r0, r1, #24
    60f2:	d505      	bpl.n	6100 <_printf_i+0x150>
    60f4:	1d11      	adds	r1, r2, #4
    60f6:	6019      	str	r1, [r3, #0]
    60f8:	6813      	ldr	r3, [r2, #0]
    60fa:	6962      	ldr	r2, [r4, #20]
    60fc:	601a      	str	r2, [r3, #0]
    60fe:	e006      	b.n	610e <_printf_i+0x15e>
    6100:	0649      	lsls	r1, r1, #25
    6102:	d5f7      	bpl.n	60f4 <_printf_i+0x144>
    6104:	1d11      	adds	r1, r2, #4
    6106:	6019      	str	r1, [r3, #0]
    6108:	6813      	ldr	r3, [r2, #0]
    610a:	8aa2      	ldrh	r2, [r4, #20]
    610c:	801a      	strh	r2, [r3, #0]
    610e:	2300      	movs	r3, #0
    6110:	9e04      	ldr	r6, [sp, #16]
    6112:	6123      	str	r3, [r4, #16]
    6114:	e054      	b.n	61c0 <_printf_i+0x210>
    6116:	681a      	ldr	r2, [r3, #0]
    6118:	1d11      	adds	r1, r2, #4
    611a:	6019      	str	r1, [r3, #0]
    611c:	6816      	ldr	r6, [r2, #0]
    611e:	2100      	movs	r1, #0
    6120:	6862      	ldr	r2, [r4, #4]
    6122:	0030      	movs	r0, r6
    6124:	f000 f86a 	bl	61fc <memchr>
    6128:	2800      	cmp	r0, #0
    612a:	d001      	beq.n	6130 <_printf_i+0x180>
    612c:	1b80      	subs	r0, r0, r6
    612e:	6060      	str	r0, [r4, #4]
    6130:	6863      	ldr	r3, [r4, #4]
    6132:	6123      	str	r3, [r4, #16]
    6134:	2300      	movs	r3, #0
    6136:	9a04      	ldr	r2, [sp, #16]
    6138:	7013      	strb	r3, [r2, #0]
    613a:	e041      	b.n	61c0 <_printf_i+0x210>
    613c:	6923      	ldr	r3, [r4, #16]
    613e:	0032      	movs	r2, r6
    6140:	9906      	ldr	r1, [sp, #24]
    6142:	9805      	ldr	r0, [sp, #20]
    6144:	9d07      	ldr	r5, [sp, #28]
    6146:	47a8      	blx	r5
    6148:	1c43      	adds	r3, r0, #1
    614a:	d043      	beq.n	61d4 <_printf_i+0x224>
    614c:	6823      	ldr	r3, [r4, #0]
    614e:	2500      	movs	r5, #0
    6150:	079b      	lsls	r3, r3, #30
    6152:	d40f      	bmi.n	6174 <_printf_i+0x1c4>
    6154:	9b09      	ldr	r3, [sp, #36]	; 0x24
    6156:	68e0      	ldr	r0, [r4, #12]
    6158:	4298      	cmp	r0, r3
    615a:	da3d      	bge.n	61d8 <_printf_i+0x228>
    615c:	0018      	movs	r0, r3
    615e:	e03b      	b.n	61d8 <_printf_i+0x228>
    6160:	0022      	movs	r2, r4
    6162:	2301      	movs	r3, #1
    6164:	3219      	adds	r2, #25
    6166:	9906      	ldr	r1, [sp, #24]
    6168:	9805      	ldr	r0, [sp, #20]
    616a:	9e07      	ldr	r6, [sp, #28]
    616c:	47b0      	blx	r6
    616e:	1c43      	adds	r3, r0, #1
    6170:	d030      	beq.n	61d4 <_printf_i+0x224>
    6172:	3501      	adds	r5, #1
    6174:	68e3      	ldr	r3, [r4, #12]
    6176:	9a09      	ldr	r2, [sp, #36]	; 0x24
    6178:	1a9b      	subs	r3, r3, r2
    617a:	429d      	cmp	r5, r3
    617c:	dbf0      	blt.n	6160 <_printf_i+0x1b0>
    617e:	e7e9      	b.n	6154 <_printf_i+0x1a4>
    6180:	2d00      	cmp	r5, #0
    6182:	d0a9      	beq.n	60d8 <_printf_i+0x128>
    6184:	9e04      	ldr	r6, [sp, #16]
    6186:	0028      	movs	r0, r5
    6188:	0039      	movs	r1, r7
    618a:	f7ff fb2d 	bl	57e8 <__aeabi_uidivmod>
    618e:	9b03      	ldr	r3, [sp, #12]
    6190:	3e01      	subs	r6, #1
    6192:	5c5b      	ldrb	r3, [r3, r1]
    6194:	0028      	movs	r0, r5
    6196:	7033      	strb	r3, [r6, #0]
    6198:	0039      	movs	r1, r7
    619a:	f7ff fa9f 	bl	56dc <__udivsi3>
    619e:	1e05      	subs	r5, r0, #0
    61a0:	d1f1      	bne.n	6186 <_printf_i+0x1d6>
    61a2:	2f08      	cmp	r7, #8
    61a4:	d109      	bne.n	61ba <_printf_i+0x20a>
    61a6:	6823      	ldr	r3, [r4, #0]
    61a8:	07db      	lsls	r3, r3, #31
    61aa:	d506      	bpl.n	61ba <_printf_i+0x20a>
    61ac:	6863      	ldr	r3, [r4, #4]
    61ae:	6922      	ldr	r2, [r4, #16]
    61b0:	4293      	cmp	r3, r2
    61b2:	dc02      	bgt.n	61ba <_printf_i+0x20a>
    61b4:	2330      	movs	r3, #48	; 0x30
    61b6:	3e01      	subs	r6, #1
    61b8:	7033      	strb	r3, [r6, #0]
    61ba:	9b04      	ldr	r3, [sp, #16]
    61bc:	1b9b      	subs	r3, r3, r6
    61be:	6123      	str	r3, [r4, #16]
    61c0:	9b07      	ldr	r3, [sp, #28]
    61c2:	aa09      	add	r2, sp, #36	; 0x24
    61c4:	9300      	str	r3, [sp, #0]
    61c6:	0021      	movs	r1, r4
    61c8:	9b06      	ldr	r3, [sp, #24]
    61ca:	9805      	ldr	r0, [sp, #20]
    61cc:	f7ff fe82 	bl	5ed4 <_printf_common>
    61d0:	1c43      	adds	r3, r0, #1
    61d2:	d1b3      	bne.n	613c <_printf_i+0x18c>
    61d4:	2001      	movs	r0, #1
    61d6:	4240      	negs	r0, r0
    61d8:	b00b      	add	sp, #44	; 0x2c
    61da:	bdf0      	pop	{r4, r5, r6, r7, pc}
    61dc:	00006737 	.word	0x00006737
    61e0:	00006726 	.word	0x00006726

000061e4 <__ascii_wctomb>:
    61e4:	1e0b      	subs	r3, r1, #0
    61e6:	d004      	beq.n	61f2 <__ascii_wctomb+0xe>
    61e8:	2aff      	cmp	r2, #255	; 0xff
    61ea:	d904      	bls.n	61f6 <__ascii_wctomb+0x12>
    61ec:	238a      	movs	r3, #138	; 0x8a
    61ee:	6003      	str	r3, [r0, #0]
    61f0:	3b8b      	subs	r3, #139	; 0x8b
    61f2:	0018      	movs	r0, r3
    61f4:	4770      	bx	lr
    61f6:	700a      	strb	r2, [r1, #0]
    61f8:	2301      	movs	r3, #1
    61fa:	e7fa      	b.n	61f2 <__ascii_wctomb+0xe>

000061fc <memchr>:
    61fc:	b2c9      	uxtb	r1, r1
    61fe:	1882      	adds	r2, r0, r2
    6200:	4290      	cmp	r0, r2
    6202:	d101      	bne.n	6208 <memchr+0xc>
    6204:	2000      	movs	r0, #0
    6206:	4770      	bx	lr
    6208:	7803      	ldrb	r3, [r0, #0]
    620a:	428b      	cmp	r3, r1
    620c:	d0fb      	beq.n	6206 <memchr+0xa>
    620e:	3001      	adds	r0, #1
    6210:	e7f6      	b.n	6200 <memchr+0x4>

00006212 <memmove>:
    6212:	b510      	push	{r4, lr}
    6214:	4288      	cmp	r0, r1
    6216:	d902      	bls.n	621e <memmove+0xc>
    6218:	188b      	adds	r3, r1, r2
    621a:	4298      	cmp	r0, r3
    621c:	d308      	bcc.n	6230 <memmove+0x1e>
    621e:	2300      	movs	r3, #0
    6220:	429a      	cmp	r2, r3
    6222:	d007      	beq.n	6234 <memmove+0x22>
    6224:	5ccc      	ldrb	r4, [r1, r3]
    6226:	54c4      	strb	r4, [r0, r3]
    6228:	3301      	adds	r3, #1
    622a:	e7f9      	b.n	6220 <memmove+0xe>
    622c:	5c8b      	ldrb	r3, [r1, r2]
    622e:	5483      	strb	r3, [r0, r2]
    6230:	3a01      	subs	r2, #1
    6232:	d2fb      	bcs.n	622c <memmove+0x1a>
    6234:	bd10      	pop	{r4, pc}

00006236 <_realloc_r>:
    6236:	b5f8      	push	{r3, r4, r5, r6, r7, lr}
    6238:	0007      	movs	r7, r0
    623a:	000d      	movs	r5, r1
    623c:	0016      	movs	r6, r2
    623e:	2900      	cmp	r1, #0
    6240:	d105      	bne.n	624e <_realloc_r+0x18>
    6242:	0011      	movs	r1, r2
    6244:	f7ff fb8a 	bl	595c <_malloc_r>
    6248:	0004      	movs	r4, r0
    624a:	0020      	movs	r0, r4
    624c:	bdf8      	pop	{r3, r4, r5, r6, r7, pc}
    624e:	2a00      	cmp	r2, #0
    6250:	d103      	bne.n	625a <_realloc_r+0x24>
    6252:	f7ff fb39 	bl	58c8 <_free_r>
    6256:	0034      	movs	r4, r6
    6258:	e7f7      	b.n	624a <_realloc_r+0x14>
    625a:	f000 f812 	bl	6282 <_malloc_usable_size_r>
    625e:	002c      	movs	r4, r5
    6260:	4286      	cmp	r6, r0
    6262:	d9f2      	bls.n	624a <_realloc_r+0x14>
    6264:	0031      	movs	r1, r6
    6266:	0038      	movs	r0, r7
    6268:	f7ff fb78 	bl	595c <_malloc_r>
    626c:	1e04      	subs	r4, r0, #0
    626e:	d0ec      	beq.n	624a <_realloc_r+0x14>
    6270:	0029      	movs	r1, r5
    6272:	0032      	movs	r2, r6
    6274:	f7ff fb16 	bl	58a4 <memcpy>
    6278:	0029      	movs	r1, r5
    627a:	0038      	movs	r0, r7
    627c:	f7ff fb24 	bl	58c8 <_free_r>
    6280:	e7e3      	b.n	624a <_realloc_r+0x14>

00006282 <_malloc_usable_size_r>:
    6282:	1f0b      	subs	r3, r1, #4
    6284:	681b      	ldr	r3, [r3, #0]
    6286:	1f18      	subs	r0, r3, #4
    6288:	2b00      	cmp	r3, #0
    628a:	da01      	bge.n	6290 <_malloc_usable_size_r+0xe>
    628c:	580b      	ldr	r3, [r1, r0]
    628e:	18c0      	adds	r0, r0, r3
    6290:	4770      	bx	lr
    6292:	0000      	movs	r0, r0
    6294:	42000800 	.word	0x42000800
    6298:	42000c00 	.word	0x42000c00
    629c:	42001000 	.word	0x42001000
    62a0:	42001400 	.word	0x42001400
    62a4:	42001800 	.word	0x42001800
    62a8:	42001c00 	.word	0x42001c00
    62ac:	706c6568 	.word	0x706c6568
    62b0:	00000000 	.word	0x00000000
    62b4:	65680a0d 	.word	0x65680a0d
    62b8:	0d3a706c 	.word	0x0d3a706c
    62bc:	694c200a 	.word	0x694c200a
    62c0:	20737473 	.word	0x20737473
    62c4:	206c6c61 	.word	0x206c6c61
    62c8:	20656874 	.word	0x20656874
    62cc:	69676572 	.word	0x69676572
    62d0:	72657473 	.word	0x72657473
    62d4:	63206465 	.word	0x63206465
    62d8:	616d6d6f 	.word	0x616d6d6f
    62dc:	0d73646e 	.word	0x0d73646e
    62e0:	000a0d0a 	.word	0x000a0d0a
    62e4:	6f636e49 	.word	0x6f636e49
    62e8:	63657272 	.word	0x63657272
    62ec:	6f632074 	.word	0x6f632074
    62f0:	6e616d6d 	.word	0x6e616d6d
    62f4:	61702064 	.word	0x61702064
    62f8:	656d6172 	.word	0x656d6172
    62fc:	28726574 	.word	0x28726574
    6300:	202e2973 	.word	0x202e2973
    6304:	746e4520 	.word	0x746e4520
    6308:	22207265 	.word	0x22207265
    630c:	706c6568 	.word	0x706c6568
    6310:	6f742022 	.word	0x6f742022
    6314:	65697620 	.word	0x65697620
    6318:	20612077 	.word	0x20612077
    631c:	7473696c 	.word	0x7473696c
    6320:	20666f20 	.word	0x20666f20
    6324:	69617661 	.word	0x69617661
    6328:	6c62616c 	.word	0x6c62616c
    632c:	6f632065 	.word	0x6f632065
    6330:	6e616d6d 	.word	0x6e616d6d
    6334:	0d2e7364 	.word	0x0d2e7364
    6338:	000a0d0a 	.word	0x000a0d0a
    633c:	6d6d6f43 	.word	0x6d6d6f43
    6340:	20646e61 	.word	0x20646e61
    6344:	20746f6e 	.word	0x20746f6e
    6348:	6f636572 	.word	0x6f636572
    634c:	73696e67 	.word	0x73696e67
    6350:	202e6465 	.word	0x202e6465
    6354:	746e4520 	.word	0x746e4520
    6358:	27207265 	.word	0x27207265
    635c:	706c6568 	.word	0x706c6568
    6360:	6f742027 	.word	0x6f742027
    6364:	65697620 	.word	0x65697620
    6368:	20612077 	.word	0x20612077
    636c:	7473696c 	.word	0x7473696c
    6370:	20666f20 	.word	0x20666f20
    6374:	69617661 	.word	0x69617661
    6378:	6c62616c 	.word	0x6c62616c
    637c:	6f632065 	.word	0x6f632065
    6380:	6e616d6d 	.word	0x6e616d6d
    6384:	0d2e7364 	.word	0x0d2e7364
    6388:	000a0d0a 	.word	0x000a0d0a

0000638c <xHelpCommand>:
    638c:	000062ac 000062b4 00000dd5 00000000     .b...b..........
    639c:	454c4449 00000000 20726d54 00637653     IDLE....Tmr Svc.
    63ac:	0000312c 0000312c 0000312c 000031ba     ,1..,1..,1...1..
    63bc:	00003184 000031ae 0000312c 0000312c     .1...1..,1..,1..
    63cc:	000031ba 00003184 65657246 534f5452     .1...1..FreeRTOS
    63dc:	494c4320 540a0d2e 20657079 706c6548      CLI...Type Help
    63ec:	206f7420 77656976 6c206120 20747369      to view a list 
    63fc:	7220666f 73696765 65726574 6f632064     of registered co
    640c:	6e616d6d 0d2e7364 0000000a 00736c63     mmands......cls.
    641c:	3a736c63 656c4320 20737261 20656874     cls: Clears the 
    642c:	6d726574 6c616e69 72637320 0d6e6565     terminal screen.
    643c:	0000000a 65736572 00000074 65736572     ....reset...rese
    644c:	52203a74 74657365 68742073 65642065     t: Resets the de
    645c:	65636976 00000a0d 73726576 006e6f69     vice....version.
    646c:	73726576 3a6e6f69 69725020 2073746e     version: Prints 
    647c:	69662061 61776d72 76206572 69737265     a firmware versi
    648c:	0a0d6e6f 00000000 6b636974 00000073     on......ticks...
    649c:	6b636974 50203a73 746e6972 68742073     ticks: Prints th
    64ac:	756e2065 7265626d 20666f20 6b636974     e number of tick
    64bc:	69732073 2065636e 72617473 000a0d74     s since start...
    64cc:	00000a0d 0000616f 325b6325 003e0d4b     ....oa..%c[2K.>.
    64dc:	00082008 325b6325 0000004a 2e302e30     . ..%c[2J...0.0.
    64ec:	00000031 00007325 000a7325 00006425     1...%s..%s..%d..

000064fc <xClearScreen>:
    64fc:	00006418 0000641c 00003635 00000000     .d...d..56......

0000650c <xResetCommand>:
    650c:	00006440 00006448 0000367d 00000000     @d..Hd..}6......

0000651c <xVersion>:
    651c:	00006464 0000646c 0000369d 00000000     dd..ld...6......

0000652c <xTicks>:
    652c:	00006494 0000649c 000036e5 00000000     .d...d...6......
    653c:	0c0b0a09 00000e0d 00004d92 00004e0c     .........M...N..
    654c:	00004e0c 00004db0 00004daa 00004db6     .N...M...M...M..
    655c:	00004d98 00004dbc 00004df2 00004ee8     .M...M...M...N..
    656c:	00004f38 00004f38 00004f34 00004eda     8O..8O..4O...N..
    657c:	00004efa 00004eca 00004f0c 00004f1e     .N...N...O...O..
    658c:	35455345 2d203631 494c4320 646e6120     ESE516 - CLI and
    659c:	62654420 4c206775 6567676f 000a0d72      Debug Logger...
    65ac:	00007325 66726550 696d726f 5420676e     %s..Performing T
    65bc:	65706d65 75746172 54206572 85747365     emperature Test.
    65cc:	00000a0d 6f727245 54202172 65706d65     ....Error! Tempe
    65dc:	75746172 6f206572 20726576 44206425     rature over %d D
    65ec:	65726765 0d217365 0000000a 35455345     egrees!.....ESE5
    65fc:	43203631 5320494c 54524154 50205245     16 CLI STARTER P
    660c:	454a4f52 53205443 54524154 0a0d4445     ROJECT STARTED..
    661c:	00000000 20494c43 72617473 20726574     ....CLI starter 
    662c:	65646f63 45202d20 31354553 000a0d36     code - ESE516...
    663c:	70616548 66656220 2065726f 72617473     Heap before star
    664c:	676e6974 73617420 203a736b 0a0d6425     ting tasks: %d..
    665c:	00000000 5f494c43 4b534154 00000000     ....CLI_TASK....
    666c:	3a525245 494c4320 73617420 6f63206b     ERR: CLI task co
    667c:	20646c75 20746f6e 69206562 6974696e     uld not be initi
    668c:	7a696c61 0d216465 0000000a 70616548     alized!.....Heap
    669c:	74666120 73207265 74726174 20676e69      after starting 
    66ac:	3a494c43 0d642520 0000000a 6f727245     CLI: %d.....Erro
    66bc:	6e6f2072 6d656d20 2079726f 6f6c6c61     r on memory allo
    66cc:	69746163 6f206e6f 5246206e 54524545     cation on FREERT
    66dc:	0d21534f 0000000a 6f727245 6e6f2072     OS!.....Error on
    66ec:	61747320 6f206b63 66726576 20776f6c      stack overflow 
    66fc:	46206e6f 52454552 21534f54 43000a0d     on FREERTOS!...C
    670c:	534f5000 2e005849 302d2300 6800202b     .POSIX...#-0+ .h
    671c:	65004c6c 46456766 31300047 35343332     lL.efgEFG.012345
    672c:	39383736 44434241 30004645 34333231     6789ABCDEF.01234
    673c:	38373635 63626139 00666564              56789abcdef.

00006748 <_ctype_>:
    6748:	20202000 20202020 28282020 20282828     .         ((((( 
    6758:	20202020 20202020 20202020 20202020                     
    6768:	10108820 10101010 10101010 10101010      ...............
    6778:	04040410 04040404 10040404 10101010     ................
    6788:	41411010 41414141 01010101 01010101     ..AAAAAA........
    6798:	01010101 01010101 01010101 10101010     ................
    67a8:	42421010 42424242 02020202 02020202     ..BBBBBB........
    67b8:	02020202 02020202 02020202 10101010     ................
    67c8:	00000020 00000000 00000000 00000000      ...............
	...

0000684c <_init>:
    684c:	b5f8      	push	{r3, r4, r5, r6, r7, lr}
    684e:	46c0      	nop			; (mov r8, r8)
    6850:	bcf8      	pop	{r3, r4, r5, r6, r7}
    6852:	bc08      	pop	{r3}
    6854:	469e      	mov	lr, r3
    6856:	4770      	bx	lr

00006858 <__init_array_start>:
    6858:	000000dd 	.word	0x000000dd

0000685c <_fini>:
    685c:	b5f8      	push	{r3, r4, r5, r6, r7, lr}
    685e:	46c0      	nop			; (mov r8, r8)
    6860:	bcf8      	pop	{r3, r4, r5, r6, r7}
    6862:	bc08      	pop	{r3}
    6864:	469e      	mov	lr, r3
    6866:	4770      	bx	lr

00006868 <__fini_array_start>:
    6868:	000000b5 	.word	0x000000b5
